"scenario","n_train","train_end_year","year","actual","model","predicted","pred_lower","pred_upper"
1,64,2005,2006,937.5,"Naive",906.91284110496,NA,NA
1,64,2005,2007,708.7,"Naive",895.692315500655,NA,NA
1,64,2005,2008,780.6,"Naive",884.471789896349,NA,NA
1,64,2005,2009,862.9,"Naive",873.25126429204,NA,NA
1,64,2005,2010,905.8,"Naive",862.030738687735,NA,NA
1,64,2005,2011,807.1,"Naive",850.81021308343,NA,NA
1,64,2005,2012,649.5,"Naive",839.589687479121,NA,NA
1,64,2005,2013,787.3,"Naive",828.369161874816,NA,NA
1,64,2005,2014,688.2,"Naive",817.14863627051,NA,NA
1,64,2005,2015,868.9,"Naive",805.928110666205,NA,NA
1,64,2005,2016,729.5,"Naive",794.707585061896,NA,NA
1,64,2005,2017,967.1,"Naive",783.487059457591,NA,NA
1,64,2005,2018,759.6,"Naive",772.266533853286,NA,NA
1,64,2005,2019,816.4,"Naive",761.046008248977,NA,NA
1,64,2005,2020,848.3,"Naive",749.825482644671,NA,NA
1,64,2005,2021,893.7,"Naive",738.604957040366,NA,NA
1,64,2005,2006,937.5,"Naive_Median",937.04144965716,NA,NA
1,64,2005,2007,708.7,"Naive_Median",925.820924052854,NA,NA
1,64,2005,2008,780.6,"Naive_Median",914.600398448549,NA,NA
1,64,2005,2009,862.9,"Naive_Median",903.37987284424,NA,NA
1,64,2005,2010,905.8,"Naive_Median",892.159347239935,NA,NA
1,64,2005,2011,807.1,"Naive_Median",880.93882163563,NA,NA
1,64,2005,2012,649.5,"Naive_Median",869.718296031321,NA,NA
1,64,2005,2013,787.3,"Naive_Median",858.497770427015,NA,NA
1,64,2005,2014,688.2,"Naive_Median",847.27724482271,NA,NA
1,64,2005,2015,868.9,"Naive_Median",836.056719218405,NA,NA
1,64,2005,2016,729.5,"Naive_Median",824.836193614096,NA,NA
1,64,2005,2017,967.1,"Naive_Median",813.61566800979,NA,NA
1,64,2005,2018,759.6,"Naive_Median",802.395142405485,NA,NA
1,64,2005,2019,816.4,"Naive_Median",791.174616801176,NA,NA
1,64,2005,2020,848.3,"Naive_Median",779.954091196871,NA,NA
1,64,2005,2021,893.7,"Naive_Median",768.733565592566,NA,NA
1,64,2005,2006,937.5,"Naive_MA",890.750431832298,NA,NA
1,64,2005,2007,708.7,"Naive_MA",879.529906227993,NA,NA
1,64,2005,2008,780.6,"Naive_MA",868.309380623688,NA,NA
1,64,2005,2009,862.9,"Naive_MA",857.088855019379,NA,NA
1,64,2005,2010,905.8,"Naive_MA",845.868329415073,NA,NA
1,64,2005,2011,807.1,"Naive_MA",834.647803810768,NA,NA
1,64,2005,2012,649.5,"Naive_MA",823.427278206459,NA,NA
1,64,2005,2013,787.3,"Naive_MA",812.206752602154,NA,NA
1,64,2005,2014,688.2,"Naive_MA",800.986226997849,NA,NA
1,64,2005,2015,868.9,"Naive_MA",789.765701393543,NA,NA
1,64,2005,2016,729.5,"Naive_MA",778.545175789234,NA,NA
1,64,2005,2017,967.1,"Naive_MA",767.324650184929,NA,NA
1,64,2005,2018,759.6,"Naive_MA",756.104124580624,NA,NA
1,64,2005,2019,816.4,"Naive_MA",744.883598976315,NA,NA
1,64,2005,2020,848.3,"Naive_MA",733.66307337201,NA,NA
1,64,2005,2021,893.7,"Naive_MA",722.442547767704,NA,NA
1,64,2005,2006,937.5,"DT",1412.33093584702,NA,NA
1,64,2005,2007,708.7,"DT",986.98309395795,NA,NA
1,64,2005,2008,780.6,"DT",621.568990287235,NA,NA
1,64,2005,2009,862.9,"DT",964.542042749336,NA,NA
1,64,2005,2010,905.8,"DT",1367.4488334298,NA,NA
1,64,2005,2011,807.1,"DT",1317.83984026254,NA,NA
1,64,2005,2012,649.5,"DT",576.686887870006,NA,NA
1,64,2005,2013,787.3,"DT",565.466362265701,NA,NA
1,64,2005,2014,688.2,"DT",554.245836661396,NA,NA
1,64,2005,2015,868.9,"DT",543.02531105709,NA,NA
1,64,2005,2016,729.5,"DT",326.1546870921,NA,NA
1,64,2005,2017,967.1,"DT",520.584259848476,NA,NA
1,64,2005,2018,759.6,"DT",1239.29616103239,NA,NA
1,64,2005,2019,816.4,"DT",498.143208639862,NA,NA
1,64,2005,2020,848.3,"DT",942.318539807212,NA,NA
1,64,2005,2021,893.7,"DT",475.702157431251,NA,NA
1,64,2005,2006,937.5,"Ripper",1577.15004913474,1440.99704610814,1713.30305216135
1,64,2005,2007,708.7,"Ripper",223.267683363213,65.5125919228699,381.022774803556
1,64,2005,2008,780.6,"Ripper",212.047157758908,54.2920663185646,369.802249199251
1,64,2005,2009,862.9,"Ripper",1543.48847232182,1407.33546929522,1679.64147534843
1,64,2005,2010,905.8,"Ripper",1532.26794671752,1396.11494369092,1668.42094974412
1,64,2005,2011,807.1,"Ripper",662.022994394082,583.658346113353,740.387642674812
1,64,2005,2012,649.5,"Ripper",1030.56433027613,977.875688259521,1083.25297229273
1,64,2005,2013,787.3,"Ripper",1498.6063699046,1362.453366878,1634.7593729312
1,64,2005,2014,688.2,"Ripper",144.724004133069,-13.0310873072744,302.479095573412
1,64,2005,2015,868.9,"Ripper",133.503478528763,-24.2516129115797,291.258569969107
1,64,2005,2016,729.5,"Ripper",1464.94479309168,1328.79179006508,1601.09779611828
1,64,2005,2017,967.1,"Ripper",594.699840768243,516.335192487513,673.064489048973
1,64,2005,2018,759.6,"Ripper",1442.50374188307,1306.35073885647,1578.65674490967
1,64,2005,2019,816.4,"Ripper",572.258789559629,493.894141278899,650.623437840358
1,64,2005,2020,848.3,"Ripper",1420.06269067445,1283.90968764785,1556.21569370106
1,64,2005,2021,893.7,"Ripper",549.817738351018,471.453090070289,628.182386631748
1,64,2005,2006,937.5,"CarenR_Dist",937.04144965716,NA,NA
1,64,2005,2007,708.7,"CarenR_Dist",925.820924052854,NA,NA
1,64,2005,2008,780.6,"CarenR_Dist",448.879456564474,NA,NA
1,64,2005,2009,862.9,"CarenR_Dist",1198.49885109917,NA,NA
1,64,2005,2010,905.8,"CarenR_Dist",1187.27832549486,NA,NA
1,64,2005,2011,807.1,"CarenR_Dist",1176.05779989056,NA,NA
1,64,2005,2012,649.5,"CarenR_Dist",819.26834143057,NA,NA
1,64,2005,2013,787.3,"CarenR_Dist",465.193833829723,NA,NA
1,64,2005,2014,688.2,"CarenR_Dist",373.099781812456,NA,NA
1,64,2005,2015,868.9,"CarenR_Dist",442.752782621112,NA,NA
1,64,2005,2016,729.5,"CarenR_Dist",337.813784585368,NA,NA
1,64,2005,2017,967.1,"CarenR_Dist",324.755783975689,NA,NA
1,64,2005,2018,759.6,"CarenR_Dist",319.635795583139,NA,NA
1,64,2005,2019,816.4,"CarenR_Dist",791.174616801176,NA,NA
1,64,2005,2020,848.3,"CarenR_Dist",1075.0730694518,NA,NA
1,64,2005,2021,893.7,"CarenR_Dist",768.733565592566,NA,NA
1,64,2005,2006,937.5,"CarenR_Dist_FS",937.04144965716,NA,NA
1,64,2005,2007,708.7,"CarenR_Dist_FS",925.820924052854,NA,NA
1,64,2005,2008,780.6,"CarenR_Dist_FS",413.48216683111,NA,NA
1,64,2005,2009,862.9,"CarenR_Dist_FS",1198.49885109917,NA,NA
1,64,2005,2010,905.8,"CarenR_Dist_FS",1187.27832549486,NA,NA
1,64,2005,2011,807.1,"CarenR_Dist_FS",1176.05779989056,NA,NA
1,64,2005,2012,649.5,"CarenR_Dist_FS",1164.83727428625,NA,NA
1,64,2005,2013,787.3,"CarenR_Dist_FS",858.497770427015,NA,NA
1,64,2005,2014,688.2,"CarenR_Dist_FS",341.233963545408,NA,NA
1,64,2005,2015,868.9,"CarenR_Dist_FS",836.056719218405,NA,NA
1,64,2005,2016,729.5,"CarenR_Dist_FS",329.088828137309,NA,NA
1,64,2005,2017,967.1,"CarenR_Dist_FS",310.079684741146,NA,NA
1,64,2005,2018,759.6,"CarenR_Dist_FS",315.477323243274,NA,NA
1,64,2005,2019,816.4,"CarenR_Dist_FS",791.174616801176,NA,NA
1,64,2005,2020,848.3,"CarenR_Dist_FS",1075.0730694518,NA,NA
1,64,2005,2021,893.7,"CarenR_Dist_FS",768.733565592566,NA,NA
1,64,2005,2006,937.5,"CarenR_Dist_Thresh",937.04144965716,NA,NA
1,64,2005,2007,708.7,"CarenR_Dist_Thresh",925.820924052854,NA,NA
1,64,2005,2008,780.6,"CarenR_Dist_Thresh",914.600398448549,NA,NA
1,64,2005,2009,862.9,"CarenR_Dist_Thresh",903.37987284424,NA,NA
1,64,2005,2010,905.8,"CarenR_Dist_Thresh",892.159347239935,NA,NA
1,64,2005,2011,807.1,"CarenR_Dist_Thresh",880.93882163563,NA,NA
1,64,2005,2012,649.5,"CarenR_Dist_Thresh",869.718296031321,NA,NA
1,64,2005,2013,787.3,"CarenR_Dist_Thresh",858.497770427015,NA,NA
1,64,2005,2014,688.2,"CarenR_Dist_Thresh",847.27724482271,NA,NA
1,64,2005,2015,868.9,"CarenR_Dist_Thresh",836.056719218405,NA,NA
1,64,2005,2016,729.5,"CarenR_Dist_Thresh",824.836193614096,NA,NA
1,64,2005,2017,967.1,"CarenR_Dist_Thresh",813.61566800979,NA,NA
1,64,2005,2018,759.6,"CarenR_Dist_Thresh",802.395142405485,NA,NA
1,64,2005,2019,816.4,"CarenR_Dist_Thresh",791.174616801176,NA,NA
1,64,2005,2020,848.3,"CarenR_Dist_Thresh",779.954091196871,NA,NA
1,64,2005,2021,893.7,"CarenR_Dist_Thresh",768.733565592566,NA,NA
1,64,2005,2006,937.5,"CarenR_Dist_Sup",937.04144965716,NA,NA
1,64,2005,2007,708.7,"CarenR_Dist_Sup",925.820924052854,NA,NA
1,64,2005,2008,780.6,"CarenR_Dist_Sup",914.600398448549,NA,NA
1,64,2005,2009,862.9,"CarenR_Dist_Sup",903.37987284424,NA,NA
1,64,2005,2010,905.8,"CarenR_Dist_Sup",892.159347239935,NA,NA
1,64,2005,2011,807.1,"CarenR_Dist_Sup",880.93882163563,NA,NA
1,64,2005,2012,649.5,"CarenR_Dist_Sup",869.718296031321,NA,NA
1,64,2005,2013,787.3,"CarenR_Dist_Sup",858.497770427015,NA,NA
1,64,2005,2014,688.2,"CarenR_Dist_Sup",370.06252778685,NA,NA
1,64,2005,2015,868.9,"CarenR_Dist_Sup",836.056719218405,NA,NA
1,64,2005,2016,729.5,"CarenR_Dist_Sup",347.621476578236,NA,NA
1,64,2005,2017,967.1,"CarenR_Dist_Sup",336.400950973931,NA,NA
1,64,2005,2018,759.6,"CarenR_Dist_Sup",325.180425369625,NA,NA
1,64,2005,2019,816.4,"CarenR_Dist_Sup",791.174616801176,NA,NA
1,64,2005,2020,848.3,"CarenR_Dist_Sup",779.954091196871,NA,NA
1,64,2005,2021,893.7,"CarenR_Dist_Sup",768.733565592566,NA,NA
1,64,2005,2006,937.5,"CarenR_Dist_Sup_Thresh",937.04144965716,NA,NA
1,64,2005,2007,708.7,"CarenR_Dist_Sup_Thresh",925.820924052854,NA,NA
1,64,2005,2008,780.6,"CarenR_Dist_Sup_Thresh",914.600398448549,NA,NA
1,64,2005,2009,862.9,"CarenR_Dist_Sup_Thresh",903.37987284424,NA,NA
1,64,2005,2010,905.8,"CarenR_Dist_Sup_Thresh",892.159347239935,NA,NA
1,64,2005,2011,807.1,"CarenR_Dist_Sup_Thresh",880.93882163563,NA,NA
1,64,2005,2012,649.5,"CarenR_Dist_Sup_Thresh",869.718296031321,NA,NA
1,64,2005,2013,787.3,"CarenR_Dist_Sup_Thresh",858.497770427015,NA,NA
1,64,2005,2014,688.2,"CarenR_Dist_Sup_Thresh",847.27724482271,NA,NA
1,64,2005,2015,868.9,"CarenR_Dist_Sup_Thresh",836.056719218405,NA,NA
1,64,2005,2016,729.5,"CarenR_Dist_Sup_Thresh",824.836193614096,NA,NA
1,64,2005,2017,967.1,"CarenR_Dist_Sup_Thresh",813.61566800979,NA,NA
1,64,2005,2018,759.6,"CarenR_Dist_Sup_Thresh",802.395142405485,NA,NA
1,64,2005,2019,816.4,"CarenR_Dist_Sup_Thresh",791.174616801176,NA,NA
1,64,2005,2020,848.3,"CarenR_Dist_Sup_Thresh",779.954091196871,NA,NA
1,64,2005,2021,893.7,"CarenR_Dist_Sup_Thresh",768.733565592566,NA,NA
1,64,2005,2006,937.5,"CarenR_Dist_Eta2",937.04144965716,NA,NA
1,64,2005,2007,708.7,"CarenR_Dist_Eta2",925.820924052854,NA,NA
1,64,2005,2008,780.6,"CarenR_Dist_Eta2",914.600398448549,NA,NA
1,64,2005,2009,862.9,"CarenR_Dist_Eta2",903.37987284424,NA,NA
1,64,2005,2010,905.8,"CarenR_Dist_Eta2",892.159347239935,NA,NA
1,64,2005,2011,807.1,"CarenR_Dist_Eta2",880.93882163563,NA,NA
1,64,2005,2012,649.5,"CarenR_Dist_Eta2",869.718296031321,NA,NA
1,64,2005,2013,787.3,"CarenR_Dist_Eta2",858.497770427015,NA,NA
1,64,2005,2014,688.2,"CarenR_Dist_Eta2",341.233963545408,NA,NA
1,64,2005,2015,868.9,"CarenR_Dist_Eta2",836.056719218405,NA,NA
1,64,2005,2016,729.5,"CarenR_Dist_Eta2",318.792912336793,NA,NA
1,64,2005,2017,967.1,"CarenR_Dist_Eta2",307.572386732488,NA,NA
1,64,2005,2018,759.6,"CarenR_Dist_Eta2",304.281436174407,NA,NA
1,64,2005,2019,816.4,"CarenR_Dist_Eta2",791.174616801176,NA,NA
1,64,2005,2020,848.3,"CarenR_Dist_Eta2",779.954091196871,NA,NA
1,64,2005,2021,893.7,"CarenR_Dist_Eta2",768.733565592566,NA,NA
1,64,2005,2006,937.5,"CarenR_Dist_Lag",937.04144965716,NA,NA
1,64,2005,2007,708.7,"CarenR_Dist_Lag",925.820924052854,NA,NA
1,64,2005,2008,780.6,"CarenR_Dist_Lag",914.600398448549,NA,NA
1,64,2005,2009,862.9,"CarenR_Dist_Lag",903.37987284424,NA,NA
1,64,2005,2010,905.8,"CarenR_Dist_Lag",892.159347239935,NA,NA
1,64,2005,2011,807.1,"CarenR_Dist_Lag",880.93882163563,NA,NA
1,64,2005,2012,649.5,"CarenR_Dist_Lag",869.718296031321,NA,NA
1,64,2005,2013,787.3,"CarenR_Dist_Lag",858.497770427015,NA,NA
1,64,2005,2014,688.2,"CarenR_Dist_Lag",847.27724482271,NA,NA
1,64,2005,2015,868.9,"CarenR_Dist_Lag",836.056719218405,NA,NA
1,64,2005,2016,729.5,"CarenR_Dist_Lag",824.836193614096,NA,NA
1,64,2005,2017,967.1,"CarenR_Dist_Lag",813.61566800979,NA,NA
1,64,2005,2018,759.6,"CarenR_Dist_Lag",802.395142405485,NA,NA
1,64,2005,2019,816.4,"CarenR_Dist_Lag",791.174616801176,NA,NA
1,64,2005,2020,848.3,"CarenR_Dist_Lag",779.954091196871,NA,NA
1,64,2005,2021,893.7,"CarenR_Dist_Lag",768.733565592566,NA,NA
1,64,2005,2006,937.5,"CarenR_Dist_Conf",937.04144965716,NA,NA
1,64,2005,2007,708.7,"CarenR_Dist_Conf",925.820924052854,NA,NA
1,64,2005,2008,780.6,"CarenR_Dist_Conf",914.600398448549,NA,NA
1,64,2005,2009,862.9,"CarenR_Dist_Conf",903.37987284424,NA,NA
1,64,2005,2010,905.8,"CarenR_Dist_Conf",892.159347239935,NA,NA
1,64,2005,2011,807.1,"CarenR_Dist_Conf",880.93882163563,NA,NA
1,64,2005,2012,649.5,"CarenR_Dist_Conf",869.718296031321,NA,NA
1,64,2005,2013,787.3,"CarenR_Dist_Conf",858.497770427015,NA,NA
1,64,2005,2014,688.2,"CarenR_Dist_Conf",847.27724482271,NA,NA
1,64,2005,2015,868.9,"CarenR_Dist_Conf",836.056719218405,NA,NA
1,64,2005,2016,729.5,"CarenR_Dist_Conf",824.836193614096,NA,NA
1,64,2005,2017,967.1,"CarenR_Dist_Conf",813.61566800979,NA,NA
1,64,2005,2018,759.6,"CarenR_Dist_Conf",802.395142405485,NA,NA
1,64,2005,2019,816.4,"CarenR_Dist_Conf",791.174616801176,NA,NA
1,64,2005,2020,848.3,"CarenR_Dist_Conf",779.954091196871,NA,NA
1,64,2005,2021,893.7,"CarenR_Dist_Conf",768.733565592566,NA,NA
1,64,2005,2006,937.5,"CarenR_Dist_Stack",917.051896934388,NA,NA
1,64,2005,2007,708.7,"CarenR_Dist_Stack",890.348958977071,NA,NA
1,64,2005,2008,780.6,"CarenR_Dist_Stack",925.868349003714,NA,NA
1,64,2005,2009,862.9,"CarenR_Dist_Stack",892.558471178176,NA,NA
1,64,2005,2010,905.8,"CarenR_Dist_Stack",844.438206369438,NA,NA
1,64,2005,2011,807.1,"CarenR_Dist_Stack",862.42687824424,NA,NA
1,64,2005,2012,649.5,"CarenR_Dist_Stack",865.342224297777,NA,NA
1,64,2005,2013,787.3,"CarenR_Dist_Stack",888.183602225169,NA,NA
1,64,2005,2014,688.2,"CarenR_Dist_Stack",808.175858090803,NA,NA
1,64,2005,2015,868.9,"CarenR_Dist_Stack",850.212437322064,NA,NA
1,64,2005,2016,729.5,"CarenR_Dist_Stack",799.760963118889,NA,NA
1,64,2005,2017,967.1,"CarenR_Dist_Stack",803.033417973379,NA,NA
1,64,2005,2018,759.6,"CarenR_Dist_Stack",717.67451079909,NA,NA
1,64,2005,2019,816.4,"CarenR_Dist_Stack",736.932549175379,NA,NA
1,64,2005,2020,848.3,"CarenR_Dist_Stack",729.236732645633,NA,NA
1,64,2005,2021,893.7,"CarenR_Dist_Stack",644.851689446629,NA,NA
1,64,2005,2006,937.5,"CarenR_Dist_Sup_FS",937.04144965716,NA,NA
1,64,2005,2007,708.7,"CarenR_Dist_Sup_FS",925.820924052854,NA,NA
1,64,2005,2008,780.6,"CarenR_Dist_Sup_FS",914.600398448549,NA,NA
1,64,2005,2009,862.9,"CarenR_Dist_Sup_FS",903.37987284424,NA,NA
1,64,2005,2010,905.8,"CarenR_Dist_Sup_FS",892.159347239935,NA,NA
1,64,2005,2011,807.1,"CarenR_Dist_Sup_FS",880.93882163563,NA,NA
1,64,2005,2012,649.5,"CarenR_Dist_Sup_FS",869.718296031321,NA,NA
1,64,2005,2013,787.3,"CarenR_Dist_Sup_FS",858.497770427015,NA,NA
1,64,2005,2014,688.2,"CarenR_Dist_Sup_FS",847.27724482271,NA,NA
1,64,2005,2015,868.9,"CarenR_Dist_Sup_FS",836.056719218405,NA,NA
1,64,2005,2016,729.5,"CarenR_Dist_Sup_FS",824.836193614096,NA,NA
1,64,2005,2017,967.1,"CarenR_Dist_Sup_FS",813.61566800979,NA,NA
1,64,2005,2018,759.6,"CarenR_Dist_Sup_FS",802.395142405485,NA,NA
1,64,2005,2019,816.4,"CarenR_Dist_Sup_FS",791.174616801176,NA,NA
1,64,2005,2020,848.3,"CarenR_Dist_Sup_FS",779.954091196871,NA,NA
1,64,2005,2021,893.7,"CarenR_Dist_Sup_FS",768.733565592566,NA,NA
1,64,2005,2006,937.5,"M5Rules",1050.79420445743,NA,NA
1,64,2005,2007,708.7,"M5Rules",956.574866528958,NA,NA
1,64,2005,2008,780.6,"M5Rules",581.013381390456,NA,NA
1,64,2005,2009,862.9,"M5Rules",1121.82529283511,NA,NA
1,64,2005,2010,905.8,"M5Rules",753.326441939502,NA,NA
1,64,2005,2011,807.1,"M5Rules",866.257996626393,NA,NA
1,64,2005,2012,649.5,"M5Rules",942.725652109952,NA,NA
1,64,2005,2013,787.3,"M5Rules",976.570613959104,NA,NA
1,64,2005,2014,688.2,"M5Rules",817.114009855272,NA,NA
1,64,2005,2015,868.9,"M5Rules",932.658081285436,NA,NA
1,64,2005,2016,729.5,"M5Rules",316.043926533397,NA,NA
1,64,2005,2017,967.1,"M5Rules",769.557252473938,NA,NA
1,64,2005,2018,759.6,"M5Rules",839.807308874306,NA,NA
1,64,2005,2019,816.4,"M5Rules",1140.26887839577,NA,NA
1,64,2005,2020,848.3,"M5Rules",712.754520071374,NA,NA
1,64,2005,2021,893.7,"M5Rules",1069.82745704174,NA,NA
2,65,2006,2007,708.7,"Naive",923.98943386142,NA,NA
2,65,2006,2008,780.6,"Naive",919.528793819016,NA,NA
2,65,2006,2009,862.9,"Naive",915.068153776615,NA,NA
2,65,2006,2010,905.8,"Naive",910.607513734213,NA,NA
2,65,2006,2011,807.1,"Naive",906.146873691811,NA,NA
2,65,2006,2012,649.5,"Naive",901.686233649409,NA,NA
2,65,2006,2013,787.3,"Naive",897.225593607007,NA,NA
2,65,2006,2014,688.2,"Naive",892.764953564606,NA,NA
2,65,2006,2015,868.9,"Naive",888.304313522202,NA,NA
2,65,2006,2016,729.5,"Naive",883.8436734798,NA,NA
2,65,2006,2017,967.1,"Naive",879.383033437398,NA,NA
2,65,2006,2018,759.6,"Naive",874.922393394997,NA,NA
2,65,2006,2019,816.4,"Naive",870.461753352595,NA,NA
2,65,2006,2020,848.3,"Naive",866.001113310193,NA,NA
2,65,2006,2021,893.7,"Naive",861.54047326779,NA,NA
2,65,2006,2007,708.7,"Naive_Median",942.291397778623,NA,NA
2,65,2006,2008,780.6,"Naive_Median",937.83075773622,NA,NA
2,65,2006,2009,862.9,"Naive_Median",933.370117693818,NA,NA
2,65,2006,2010,905.8,"Naive_Median",928.909477651416,NA,NA
2,65,2006,2011,807.1,"Naive_Median",924.448837609014,NA,NA
2,65,2006,2012,649.5,"Naive_Median",919.988197566612,NA,NA
2,65,2006,2013,787.3,"Naive_Median",915.527557524211,NA,NA
2,65,2006,2014,688.2,"Naive_Median",911.066917481809,NA,NA
2,65,2006,2015,868.9,"Naive_Median",906.606277439405,NA,NA
2,65,2006,2016,729.5,"Naive_Median",902.145637397003,NA,NA
2,65,2006,2017,967.1,"Naive_Median",897.684997354602,NA,NA
2,65,2006,2018,759.6,"Naive_Median",893.2243573122,NA,NA
2,65,2006,2019,816.4,"Naive_Median",888.763717269798,NA,NA
2,65,2006,2020,848.3,"Naive_Median",884.303077227396,NA,NA
2,65,2006,2021,893.7,"Naive_Median",879.842437184993,NA,NA
2,65,2006,2007,708.7,"Naive_MA",850.586286043605,NA,NA
2,65,2006,2008,780.6,"Naive_MA",846.125646001201,NA,NA
2,65,2006,2009,862.9,"Naive_MA",841.6650059588,NA,NA
2,65,2006,2010,905.8,"Naive_MA",837.204365916398,NA,NA
2,65,2006,2011,807.1,"Naive_MA",832.743725873996,NA,NA
2,65,2006,2012,649.5,"Naive_MA",828.283085831594,NA,NA
2,65,2006,2013,787.3,"Naive_MA",823.822445789192,NA,NA
2,65,2006,2014,688.2,"Naive_MA",819.361805746791,NA,NA
2,65,2006,2015,868.9,"Naive_MA",814.901165704387,NA,NA
2,65,2006,2016,729.5,"Naive_MA",810.440525661985,NA,NA
2,65,2006,2017,967.1,"Naive_MA",805.979885619583,NA,NA
2,65,2006,2018,759.6,"Naive_MA",801.519245577182,NA,NA
2,65,2006,2019,816.4,"Naive_MA",797.05860553478,NA,NA
2,65,2006,2020,848.3,"Naive_MA",792.597965492378,NA,NA
2,65,2006,2021,893.7,"Naive_MA",788.137325449974,NA,NA
2,65,2006,2007,708.7,"DT",1411.33954655324,NA,NA
2,65,2006,2008,780.6,"DT",1029.93595506229,NA,NA
2,65,2006,2009,862.9,"DT",923.501848626741,NA,NA
2,65,2006,2010,905.8,"DT",919.041208584339,NA,NA
2,65,2006,2011,807.1,"DT",1083.0606300974,NA,NA
2,65,2006,2012,649.5,"DT",1012.09339489268,NA,NA
2,65,2006,2013,787.3,"DT",1074.1393500126,NA,NA
2,65,2006,2014,688.2,"DT",1003.17211480788,NA,NA
2,65,2006,2015,868.9,"DT",998.711474765472,NA,NA
2,65,2006,2016,729.5,"DT",422.752679522793,NA,NA
2,65,2006,2017,967.1,"DT",1366.73314612922,NA,NA
2,65,2006,2018,759.6,"DT",1362.27250608682,NA,NA
2,65,2006,2019,816.4,"DT",1357.81186604442,NA,NA
2,65,2006,2020,848.3,"DT",1353.35122600201,NA,NA
2,65,2006,2021,893.7,"DT",1038.45422967338,NA,NA
2,65,2006,2007,708.7,"Ripper",265.229515876424,113.619517555687,416.839514197161
2,65,2006,2008,780.6,"Ripper",260.76887583402,109.158877513284,412.378874154757
2,65,2006,2009,862.9,"Ripper",256.308235791619,104.698237470882,407.918234112355
2,65,2006,2010,905.8,"Ripper",1580.23339793544,1445.79814534679,1714.66865052408
2,65,2006,2011,807.1,"Ripper",247.386955706815,95.7769573860784,398.996954027552
2,65,2006,2012,649.5,"Ripper",242.926315664413,91.3163173436766,394.53631398515
2,65,2006,2013,787.3,"Ripper",1566.85147780823,1432.41622521959,1701.28673039687
2,65,2006,2014,688.2,"Ripper",234.00503557961,82.395037258873,385.615033900346
2,65,2006,2015,868.9,"Ripper",229.544395537206,77.9343972164694,381.154393857943
2,65,2006,2016,729.5,"Ripper",1553.46955768102,1419.03430509238,1687.90481026967
2,65,2006,2017,967.1,"Ripper",220.623115452403,69.0131171316658,372.233113773139
2,65,2006,2018,759.6,"Ripper",1544.54827759622,1410.11302500757,1678.98353018486
2,65,2006,2019,816.4,"Ripper",211.701835367599,60.0918370468622,363.311833688336
2,65,2006,2020,848.3,"Ripper",1535.62699751142,1401.19174492277,1670.06225010006
2,65,2006,2021,893.7,"Ripper",202.780555282794,51.1705569620568,354.39055360353
2,65,2006,2007,708.7,"CarenR_Dist",942.291397778623,NA,NA
2,65,2006,2008,780.6,"CarenR_Dist",486.526450749664,NA,NA
2,65,2006,2009,862.9,"CarenR_Dist",933.370117693818,NA,NA
2,65,2006,2010,905.8,"CarenR_Dist",928.909477651416,NA,NA
2,65,2006,2011,807.1,"CarenR_Dist",924.448837609014,NA,NA
2,65,2006,2012,649.5,"CarenR_Dist",477.124475943121,NA,NA
2,65,2006,2013,787.3,"CarenR_Dist",515.575880626674,NA,NA
2,65,2006,2014,688.2,"CarenR_Dist",469.173744494995,NA,NA
2,65,2006,2015,868.9,"CarenR_Dist",487.109101373998,NA,NA
2,65,2006,2016,729.5,"CarenR_Dist",431.194433765006,NA,NA
2,65,2006,2017,967.1,"CarenR_Dist",434.640814882288,NA,NA
2,65,2006,2018,759.6,"CarenR_Dist",408.932709097605,NA,NA
2,65,2006,2019,816.4,"CarenR_Dist",452.978625231166,NA,NA
2,65,2006,2020,848.3,"CarenR_Dist",884.303077227396,NA,NA
2,65,2006,2021,893.7,"CarenR_Dist",444.057345146361,NA,NA
2,65,2006,2007,708.7,"CarenR_Dist_FS",942.291397778623,NA,NA
2,65,2006,2008,780.6,"CarenR_Dist_FS",432.068568352454,NA,NA
2,65,2006,2009,862.9,"CarenR_Dist_FS",933.370117693818,NA,NA
2,65,2006,2010,905.8,"CarenR_Dist_FS",928.909477651416,NA,NA
2,65,2006,2011,807.1,"CarenR_Dist_FS",924.448837609014,NA,NA
2,65,2006,2012,649.5,"CarenR_Dist_FS",919.988197566612,NA,NA
2,65,2006,2013,787.3,"CarenR_Dist_FS",915.527557524211,NA,NA
2,65,2006,2014,688.2,"CarenR_Dist_FS",426.775269267214,NA,NA
2,65,2006,2015,868.9,"CarenR_Dist_FS",906.606277439405,NA,NA
2,65,2006,2016,729.5,"CarenR_Dist_FS",417.853989182408,NA,NA
2,65,2006,2017,967.1,"CarenR_Dist_FS",402.658078555421,NA,NA
2,65,2006,2018,759.6,"CarenR_Dist_FS",408.932709097605,NA,NA
2,65,2006,2019,816.4,"CarenR_Dist_FS",888.763717269798,NA,NA
2,65,2006,2020,848.3,"CarenR_Dist_FS",884.303077227396,NA,NA
2,65,2006,2021,893.7,"CarenR_Dist_FS",879.842437184993,NA,NA
2,65,2006,2007,708.7,"CarenR_Dist_Thresh",942.291397778623,NA,NA
2,65,2006,2008,780.6,"CarenR_Dist_Thresh",937.83075773622,NA,NA
2,65,2006,2009,862.9,"CarenR_Dist_Thresh",933.370117693818,NA,NA
2,65,2006,2010,905.8,"CarenR_Dist_Thresh",928.909477651416,NA,NA
2,65,2006,2011,807.1,"CarenR_Dist_Thresh",924.448837609014,NA,NA
2,65,2006,2012,649.5,"CarenR_Dist_Thresh",919.988197566612,NA,NA
2,65,2006,2013,787.3,"CarenR_Dist_Thresh",915.527557524211,NA,NA
2,65,2006,2014,688.2,"CarenR_Dist_Thresh",911.066917481809,NA,NA
2,65,2006,2015,868.9,"CarenR_Dist_Thresh",906.606277439405,NA,NA
2,65,2006,2016,729.5,"CarenR_Dist_Thresh",902.145637397003,NA,NA
2,65,2006,2017,967.1,"CarenR_Dist_Thresh",897.684997354602,NA,NA
2,65,2006,2018,759.6,"CarenR_Dist_Thresh",893.2243573122,NA,NA
2,65,2006,2019,816.4,"CarenR_Dist_Thresh",888.763717269798,NA,NA
2,65,2006,2020,848.3,"CarenR_Dist_Thresh",884.303077227396,NA,NA
2,65,2006,2021,893.7,"CarenR_Dist_Thresh",879.842437184993,NA,NA
2,65,2006,2007,708.7,"CarenR_Dist_Sup",942.291397778623,NA,NA
2,65,2006,2008,780.6,"CarenR_Dist_Sup",937.83075773622,NA,NA
2,65,2006,2009,862.9,"CarenR_Dist_Sup",933.370117693818,NA,NA
2,65,2006,2010,905.8,"CarenR_Dist_Sup",928.909477651416,NA,NA
2,65,2006,2011,807.1,"CarenR_Dist_Sup",924.448837609014,NA,NA
2,65,2006,2012,649.5,"CarenR_Dist_Sup",919.988197566612,NA,NA
2,65,2006,2013,787.3,"CarenR_Dist_Sup",915.527557524211,NA,NA
2,65,2006,2014,688.2,"CarenR_Dist_Sup",911.066917481809,NA,NA
2,65,2006,2015,868.9,"CarenR_Dist_Sup",906.606277439405,NA,NA
2,65,2006,2016,729.5,"CarenR_Dist_Sup",902.145637397003,NA,NA
2,65,2006,2017,967.1,"CarenR_Dist_Sup",897.684997354602,NA,NA
2,65,2006,2018,759.6,"CarenR_Dist_Sup",893.2243573122,NA,NA
2,65,2006,2019,816.4,"CarenR_Dist_Sup",888.763717269798,NA,NA
2,65,2006,2020,848.3,"CarenR_Dist_Sup",884.303077227396,NA,NA
2,65,2006,2021,893.7,"CarenR_Dist_Sup",879.842437184993,NA,NA
2,65,2006,2007,708.7,"CarenR_Dist_Sup_Thresh",942.291397778623,NA,NA
2,65,2006,2008,780.6,"CarenR_Dist_Sup_Thresh",937.83075773622,NA,NA
2,65,2006,2009,862.9,"CarenR_Dist_Sup_Thresh",933.370117693818,NA,NA
2,65,2006,2010,905.8,"CarenR_Dist_Sup_Thresh",928.909477651416,NA,NA
2,65,2006,2011,807.1,"CarenR_Dist_Sup_Thresh",924.448837609014,NA,NA
2,65,2006,2012,649.5,"CarenR_Dist_Sup_Thresh",919.988197566612,NA,NA
2,65,2006,2013,787.3,"CarenR_Dist_Sup_Thresh",915.527557524211,NA,NA
2,65,2006,2014,688.2,"CarenR_Dist_Sup_Thresh",911.066917481809,NA,NA
2,65,2006,2015,868.9,"CarenR_Dist_Sup_Thresh",906.606277439405,NA,NA
2,65,2006,2016,729.5,"CarenR_Dist_Sup_Thresh",902.145637397003,NA,NA
2,65,2006,2017,967.1,"CarenR_Dist_Sup_Thresh",897.684997354602,NA,NA
2,65,2006,2018,759.6,"CarenR_Dist_Sup_Thresh",893.2243573122,NA,NA
2,65,2006,2019,816.4,"CarenR_Dist_Sup_Thresh",888.763717269798,NA,NA
2,65,2006,2020,848.3,"CarenR_Dist_Sup_Thresh",884.303077227396,NA,NA
2,65,2006,2021,893.7,"CarenR_Dist_Sup_Thresh",879.842437184993,NA,NA
2,65,2006,2007,708.7,"CarenR_Dist_Eta2",942.291397778623,NA,NA
2,65,2006,2008,780.6,"CarenR_Dist_Eta2",937.83075773622,NA,NA
2,65,2006,2009,862.9,"CarenR_Dist_Eta2",933.370117693818,NA,NA
2,65,2006,2010,905.8,"CarenR_Dist_Eta2",928.909477651416,NA,NA
2,65,2006,2011,807.1,"CarenR_Dist_Eta2",924.448837609014,NA,NA
2,65,2006,2012,649.5,"CarenR_Dist_Eta2",919.988197566612,NA,NA
2,65,2006,2013,787.3,"CarenR_Dist_Eta2",915.527557524211,NA,NA
2,65,2006,2014,688.2,"CarenR_Dist_Eta2",426.775269267214,NA,NA
2,65,2006,2015,868.9,"CarenR_Dist_Eta2",906.606277439405,NA,NA
2,65,2006,2016,729.5,"CarenR_Dist_Eta2",417.853989182408,NA,NA
2,65,2006,2017,967.1,"CarenR_Dist_Eta2",413.393349140007,NA,NA
2,65,2006,2018,759.6,"CarenR_Dist_Eta2",408.932709097605,NA,NA
2,65,2006,2019,816.4,"CarenR_Dist_Eta2",888.763717269798,NA,NA
2,65,2006,2020,848.3,"CarenR_Dist_Eta2",884.303077227396,NA,NA
2,65,2006,2021,893.7,"CarenR_Dist_Eta2",879.842437184993,NA,NA
2,65,2006,2007,708.7,"CarenR_Dist_Lag",942.291397778623,NA,NA
2,65,2006,2008,780.6,"CarenR_Dist_Lag",937.83075773622,NA,NA
2,65,2006,2009,862.9,"CarenR_Dist_Lag",933.370117693818,NA,NA
2,65,2006,2010,905.8,"CarenR_Dist_Lag",928.909477651416,NA,NA
2,65,2006,2011,807.1,"CarenR_Dist_Lag",924.448837609014,NA,NA
2,65,2006,2012,649.5,"CarenR_Dist_Lag",919.988197566612,NA,NA
2,65,2006,2013,787.3,"CarenR_Dist_Lag",915.527557524211,NA,NA
2,65,2006,2014,688.2,"CarenR_Dist_Lag",911.066917481809,NA,NA
2,65,2006,2015,868.9,"CarenR_Dist_Lag",906.606277439405,NA,NA
2,65,2006,2016,729.5,"CarenR_Dist_Lag",902.145637397003,NA,NA
2,65,2006,2017,967.1,"CarenR_Dist_Lag",897.684997354602,NA,NA
2,65,2006,2018,759.6,"CarenR_Dist_Lag",893.2243573122,NA,NA
2,65,2006,2019,816.4,"CarenR_Dist_Lag",888.763717269798,NA,NA
2,65,2006,2020,848.3,"CarenR_Dist_Lag",884.303077227396,NA,NA
2,65,2006,2021,893.7,"CarenR_Dist_Lag",879.842437184993,NA,NA
2,65,2006,2007,708.7,"CarenR_Dist_Conf",942.291397778623,NA,NA
2,65,2006,2008,780.6,"CarenR_Dist_Conf",937.83075773622,NA,NA
2,65,2006,2009,862.9,"CarenR_Dist_Conf",933.370117693818,NA,NA
2,65,2006,2010,905.8,"CarenR_Dist_Conf",928.909477651416,NA,NA
2,65,2006,2011,807.1,"CarenR_Dist_Conf",924.448837609014,NA,NA
2,65,2006,2012,649.5,"CarenR_Dist_Conf",919.988197566612,NA,NA
2,65,2006,2013,787.3,"CarenR_Dist_Conf",915.527557524211,NA,NA
2,65,2006,2014,688.2,"CarenR_Dist_Conf",911.066917481809,NA,NA
2,65,2006,2015,868.9,"CarenR_Dist_Conf",906.606277439405,NA,NA
2,65,2006,2016,729.5,"CarenR_Dist_Conf",902.145637397003,NA,NA
2,65,2006,2017,967.1,"CarenR_Dist_Conf",897.684997354602,NA,NA
2,65,2006,2018,759.6,"CarenR_Dist_Conf",893.2243573122,NA,NA
2,65,2006,2019,816.4,"CarenR_Dist_Conf",888.763717269798,NA,NA
2,65,2006,2020,848.3,"CarenR_Dist_Conf",884.303077227396,NA,NA
2,65,2006,2021,893.7,"CarenR_Dist_Conf",879.842437184993,NA,NA
2,65,2006,2007,708.7,"CarenR_Dist_Stack",927.971199380832,NA,NA
2,65,2006,2008,780.6,"CarenR_Dist_Stack",971.85709697615,NA,NA
2,65,2006,2009,862.9,"CarenR_Dist_Stack",948.695261421368,NA,NA
2,65,2006,2010,905.8,"CarenR_Dist_Stack",913.73727995982,NA,NA
2,65,2006,2011,807.1,"CarenR_Dist_Stack",942.938493387631,NA,NA
2,65,2006,2012,649.5,"CarenR_Dist_Stack",956.189821157749,NA,NA
2,65,2006,2013,787.3,"CarenR_Dist_Stack",989.054261921167,NA,NA
2,65,2006,2014,688.2,"CarenR_Dist_Stack",920.633204982591,NA,NA
2,65,2006,2015,868.9,"CarenR_Dist_Stack",973.080576058156,NA,NA
2,65,2006,2016,729.5,"CarenR_Dist_Stack",934.530671637035,NA,NA
2,65,2006,2017,967.1,"CarenR_Dist_Stack",947.896413715857,NA,NA
2,65,2006,2018,759.6,"CarenR_Dist_Stack",874.710470098557,NA,NA
2,65,2006,2019,816.4,"CarenR_Dist_Stack",903.68608170887,NA,NA
2,65,2006,2020,848.3,"CarenR_Dist_Stack",907.235247202645,NA,NA
2,65,2006,2021,893.7,"CarenR_Dist_Stack",833.794936607093,NA,NA
2,65,2006,2007,708.7,"CarenR_Dist_Sup_FS",942.291397778623,NA,NA
2,65,2006,2008,780.6,"CarenR_Dist_Sup_FS",937.83075773622,NA,NA
2,65,2006,2009,862.9,"CarenR_Dist_Sup_FS",933.370117693818,NA,NA
2,65,2006,2010,905.8,"CarenR_Dist_Sup_FS",928.909477651416,NA,NA
2,65,2006,2011,807.1,"CarenR_Dist_Sup_FS",924.448837609014,NA,NA
2,65,2006,2012,649.5,"CarenR_Dist_Sup_FS",919.988197566612,NA,NA
2,65,2006,2013,787.3,"CarenR_Dist_Sup_FS",915.527557524211,NA,NA
2,65,2006,2014,688.2,"CarenR_Dist_Sup_FS",911.066917481809,NA,NA
2,65,2006,2015,868.9,"CarenR_Dist_Sup_FS",906.606277439405,NA,NA
2,65,2006,2016,729.5,"CarenR_Dist_Sup_FS",902.145637397003,NA,NA
2,65,2006,2017,967.1,"CarenR_Dist_Sup_FS",897.684997354602,NA,NA
2,65,2006,2018,759.6,"CarenR_Dist_Sup_FS",893.2243573122,NA,NA
2,65,2006,2019,816.4,"CarenR_Dist_Sup_FS",888.763717269798,NA,NA
2,65,2006,2020,848.3,"CarenR_Dist_Sup_FS",884.303077227396,NA,NA
2,65,2006,2021,893.7,"CarenR_Dist_Sup_FS",879.842437184993,NA,NA
2,65,2006,2007,708.7,"M5Rules",1079.54691306863,NA,NA
2,65,2006,2008,780.6,"M5Rules",527.081049308384,NA,NA
2,65,2006,2009,862.9,"M5Rules",1336.75188302378,NA,NA
2,65,2006,2010,905.8,"M5Rules",869.794272951444,NA,NA
2,65,2006,2011,807.1,"M5Rules",1159.50670259865,NA,NA
2,65,2006,2012,649.5,"M5Rules",1145.93735947425,NA,NA
2,65,2006,2013,787.3,"M5Rules",1074.5591201185,NA,NA
2,65,2006,2014,688.2,"M5Rules",981.060000071403,NA,NA
2,65,2006,2015,868.9,"M5Rules",1182.49705360832,NA,NA
2,65,2006,2016,729.5,"M5Rules",297.274132861507,NA,NA
2,65,2006,2017,967.1,"M5Rules",916.40935975078,NA,NA
2,65,2006,2018,759.6,"M5Rules",1016.36604198609,NA,NA
2,65,2006,2019,816.4,"M5Rules",1498.87795109136,NA,NA
2,65,2006,2020,848.3,"M5Rules",852.896535270027,NA,NA
2,65,2006,2021,893.7,"M5Rules",970.978118649418,NA,NA
3,66,2007,2008,780.6,"Naive",850.288439482054,NA,NA
3,66,2007,2009,862.9,"Naive",839.124349899568,NA,NA
3,66,2007,2010,905.8,"Naive",827.960260317079,NA,NA
3,66,2007,2011,807.1,"Naive",816.796170734593,NA,NA
3,66,2007,2012,649.5,"Naive",805.632081152107,NA,NA
3,66,2007,2013,787.3,"Naive",794.467991569618,NA,NA
3,66,2007,2014,688.2,"Naive",783.303901987132,NA,NA
3,66,2007,2015,868.9,"Naive",772.139812404643,NA,NA
3,66,2007,2016,729.5,"Naive",760.975722822157,NA,NA
3,66,2007,2017,967.1,"Naive",749.811633239667,NA,NA
3,66,2007,2018,759.6,"Naive",738.647543657182,NA,NA
3,66,2007,2019,816.4,"Naive",727.483454074696,NA,NA
3,66,2007,2020,848.3,"Naive",716.319364492207,NA,NA
3,66,2007,2021,893.7,"Naive",705.155274909721,NA,NA
3,66,2007,2008,780.6,"Naive_Median",906.482644811172,NA,NA
3,66,2007,2009,862.9,"Naive_Median",895.318555228686,NA,NA
3,66,2007,2010,905.8,"Naive_Median",884.154465646197,NA,NA
3,66,2007,2011,807.1,"Naive_Median",872.990376063711,NA,NA
3,66,2007,2012,649.5,"Naive_Median",861.826286481225,NA,NA
3,66,2007,2013,787.3,"Naive_Median",850.662196898736,NA,NA
3,66,2007,2014,688.2,"Naive_Median",839.49810731625,NA,NA
3,66,2007,2015,868.9,"Naive_Median",828.33401773376,NA,NA
3,66,2007,2016,729.5,"Naive_Median",817.169928151275,NA,NA
3,66,2007,2017,967.1,"Naive_Median",806.005838568785,NA,NA
3,66,2007,2018,759.6,"Naive_Median",794.8417489863,NA,NA
3,66,2007,2019,816.4,"Naive_Median",783.677659403814,NA,NA
3,66,2007,2020,848.3,"Naive_Median",772.513569821324,NA,NA
3,66,2007,2021,893.7,"Naive_Median",761.349480238839,NA,NA
3,66,2007,2008,780.6,"Naive_MA",843.539475264429,NA,NA
3,66,2007,2009,862.9,"Naive_MA",832.375385681943,NA,NA
3,66,2007,2010,905.8,"Naive_MA",821.211296099453,NA,NA
3,66,2007,2011,807.1,"Naive_MA",810.047206516968,NA,NA
3,66,2007,2012,649.5,"Naive_MA",798.883116934482,NA,NA
3,66,2007,2013,787.3,"Naive_MA",787.719027351993,NA,NA
3,66,2007,2014,688.2,"Naive_MA",776.554937769507,NA,NA
3,66,2007,2015,868.9,"Naive_MA",765.390848187017,NA,NA
3,66,2007,2016,729.5,"Naive_MA",754.226758604532,NA,NA
3,66,2007,2017,967.1,"Naive_MA",743.062669022042,NA,NA
3,66,2007,2018,759.6,"Naive_MA",731.898579439556,NA,NA
3,66,2007,2019,816.4,"Naive_MA",720.734489857071,NA,NA
3,66,2007,2020,848.3,"Naive_MA",709.570400274581,NA,NA
3,66,2007,2021,893.7,"Naive_MA",698.406310692096,NA,NA
3,66,2007,2008,780.6,"DT",425.942574158624,NA,NA
3,66,2007,2009,862.9,"DT",829.477601736396,NA,NA
3,66,2007,2010,905.8,"DT",1292.93655564027,NA,NA
3,66,2007,2011,807.1,"DT",1290.54280490594,NA,NA
3,66,2007,2012,649.5,"DT",381.286215828677,NA,NA
3,66,2007,2013,787.3,"DT",784.821243406446,NA,NA
3,66,2007,2014,688.2,"DT",358.958036663702,NA,NA
3,66,2007,2015,868.9,"DT",707.169706512961,NA,NA
3,66,2007,2016,729.5,"DT",296.940934483142,NA,NA
3,66,2007,2017,967.1,"DT",740.164885076496,NA,NA
3,66,2007,2018,759.6,"DT",1212.39417782853,NA,NA
3,66,2007,2019,816.4,"DT",717.836705911524,NA,NA
3,66,2007,2020,848.3,"DT",1181.2956598154,NA,NA
3,66,2007,2021,893.7,"DT",280.809409586291,NA,NA
3,66,2007,2008,780.6,"Ripper",191.212488855406,39.1499284303704,343.275049280441
3,66,2007,2009,862.9,"Ripper",180.04839927292,27.9858388478847,332.110959697955
3,66,2007,2010,905.8,"Ripper",1481.07276908681,1351.70835497507,1610.43718319856
3,66,2007,2011,807.1,"Ripper",157.720220107945,5.65765968290953,309.78278053298
3,66,2007,2012,649.5,"Ripper",146.556130525459,-5.50642989957623,298.618690950494
3,66,2007,2013,787.3,"Ripper",1447.58050033935,1318.21608622761,1576.9449144511
3,66,2007,2014,688.2,"Ripper",124.227951360484,-27.8346090645514,276.290511785519
3,66,2007,2015,868.9,"Ripper",113.063861777994,-38.9986986470408,265.12642220303
3,66,2007,2016,729.5,"Ripper",1414.08823159189,1284.72381748014,1543.45264570364
3,66,2007,2017,967.1,"Ripper",90.7356826130193,-61.3268778120159,242.798243038055
3,66,2007,2018,759.6,"Ripper",1391.76005242692,1262.39563831517,1521.12446653866
3,66,2007,2019,816.4,"Ripper",68.4075034480478,-83.6550569769875,220.470063873083
3,66,2007,2020,848.3,"Ripper",1369.43187326194,1240.06745915019,1498.79628737369
3,66,2007,2021,893.7,"Ripper",46.0793242830727,-105.983236141963,198.141884708108
3,66,2007,2008,780.6,"CarenR_Dist",466.91102392713,NA,NA
3,66,2007,2009,862.9,"CarenR_Dist",1167.96465039296,NA,NA
3,66,2007,2010,905.8,"CarenR_Dist",1156.80056081047,NA,NA
3,66,2007,2011,807.1,"CarenR_Dist",1145.63647122798,NA,NA
3,66,2007,2012,649.5,"CarenR_Dist",1134.4723816455,NA,NA
3,66,2007,2013,787.3,"CarenR_Dist",411.090576014694,NA,NA
3,66,2007,2014,688.2,"CarenR_Dist",399.926486432208,NA,NA
3,66,2007,2015,868.9,"CarenR_Dist",388.762396849718,NA,NA
3,66,2007,2016,729.5,"CarenR_Dist",817.169928151275,NA,NA
3,66,2007,2017,967.1,"CarenR_Dist",806.005838568785,NA,NA
3,66,2007,2018,759.6,"CarenR_Dist",794.8417489863,NA,NA
3,66,2007,2019,816.4,"CarenR_Dist",783.677659403814,NA,NA
3,66,2007,2020,848.3,"CarenR_Dist",1045.1596649856,NA,NA
3,66,2007,2021,893.7,"CarenR_Dist",761.349480238839,NA,NA
3,66,2007,2008,780.6,"CarenR_Dist_FS",906.482644811172,NA,NA
3,66,2007,2009,862.9,"CarenR_Dist_FS",1167.96465039296,NA,NA
3,66,2007,2010,905.8,"CarenR_Dist_FS",1156.80056081047,NA,NA
3,66,2007,2011,807.1,"CarenR_Dist_FS",1145.63647122798,NA,NA
3,66,2007,2012,649.5,"CarenR_Dist_FS",1134.4723816455,NA,NA
3,66,2007,2013,787.3,"CarenR_Dist_FS",850.662196898736,NA,NA
3,66,2007,2014,688.2,"CarenR_Dist_FS",839.49810731625,NA,NA
3,66,2007,2015,868.9,"CarenR_Dist_FS",828.33401773376,NA,NA
3,66,2007,2016,729.5,"CarenR_Dist_FS",817.169928151275,NA,NA
3,66,2007,2017,967.1,"CarenR_Dist_FS",806.005838568785,NA,NA
3,66,2007,2018,759.6,"CarenR_Dist_FS",794.8417489863,NA,NA
3,66,2007,2019,816.4,"CarenR_Dist_FS",783.677659403814,NA,NA
3,66,2007,2020,848.3,"CarenR_Dist_FS",1045.1596649856,NA,NA
3,66,2007,2021,893.7,"CarenR_Dist_FS",761.349480238839,NA,NA
3,66,2007,2008,780.6,"CarenR_Dist_Thresh",906.482644811172,NA,NA
3,66,2007,2009,862.9,"CarenR_Dist_Thresh",895.318555228686,NA,NA
3,66,2007,2010,905.8,"CarenR_Dist_Thresh",884.154465646197,NA,NA
3,66,2007,2011,807.1,"CarenR_Dist_Thresh",872.990376063711,NA,NA
3,66,2007,2012,649.5,"CarenR_Dist_Thresh",861.826286481225,NA,NA
3,66,2007,2013,787.3,"CarenR_Dist_Thresh",850.662196898736,NA,NA
3,66,2007,2014,688.2,"CarenR_Dist_Thresh",839.49810731625,NA,NA
3,66,2007,2015,868.9,"CarenR_Dist_Thresh",828.33401773376,NA,NA
3,66,2007,2016,729.5,"CarenR_Dist_Thresh",817.169928151275,NA,NA
3,66,2007,2017,967.1,"CarenR_Dist_Thresh",806.005838568785,NA,NA
3,66,2007,2018,759.6,"CarenR_Dist_Thresh",794.8417489863,NA,NA
3,66,2007,2019,816.4,"CarenR_Dist_Thresh",783.677659403814,NA,NA
3,66,2007,2020,848.3,"CarenR_Dist_Thresh",772.513569821324,NA,NA
3,66,2007,2021,893.7,"CarenR_Dist_Thresh",761.349480238839,NA,NA
3,66,2007,2008,780.6,"CarenR_Dist_Sup",906.482644811172,NA,NA
3,66,2007,2009,862.9,"CarenR_Dist_Sup",895.318555228686,NA,NA
3,66,2007,2010,905.8,"CarenR_Dist_Sup",884.154465646197,NA,NA
3,66,2007,2011,807.1,"CarenR_Dist_Sup",872.990376063711,NA,NA
3,66,2007,2012,649.5,"CarenR_Dist_Sup",861.826286481225,NA,NA
3,66,2007,2013,787.3,"CarenR_Dist_Sup",850.662196898736,NA,NA
3,66,2007,2014,688.2,"CarenR_Dist_Sup",839.49810731625,NA,NA
3,66,2007,2015,868.9,"CarenR_Dist_Sup",828.33401773376,NA,NA
3,66,2007,2016,729.5,"CarenR_Dist_Sup",817.169928151275,NA,NA
3,66,2007,2017,967.1,"CarenR_Dist_Sup",806.005838568785,NA,NA
3,66,2007,2018,759.6,"CarenR_Dist_Sup",794.8417489863,NA,NA
3,66,2007,2019,816.4,"CarenR_Dist_Sup",783.677659403814,NA,NA
3,66,2007,2020,848.3,"CarenR_Dist_Sup",772.513569821324,NA,NA
3,66,2007,2021,893.7,"CarenR_Dist_Sup",761.349480238839,NA,NA
3,66,2007,2008,780.6,"CarenR_Dist_Sup_Thresh",906.482644811172,NA,NA
3,66,2007,2009,862.9,"CarenR_Dist_Sup_Thresh",895.318555228686,NA,NA
3,66,2007,2010,905.8,"CarenR_Dist_Sup_Thresh",884.154465646197,NA,NA
3,66,2007,2011,807.1,"CarenR_Dist_Sup_Thresh",872.990376063711,NA,NA
3,66,2007,2012,649.5,"CarenR_Dist_Sup_Thresh",861.826286481225,NA,NA
3,66,2007,2013,787.3,"CarenR_Dist_Sup_Thresh",850.662196898736,NA,NA
3,66,2007,2014,688.2,"CarenR_Dist_Sup_Thresh",839.49810731625,NA,NA
3,66,2007,2015,868.9,"CarenR_Dist_Sup_Thresh",828.33401773376,NA,NA
3,66,2007,2016,729.5,"CarenR_Dist_Sup_Thresh",817.169928151275,NA,NA
3,66,2007,2017,967.1,"CarenR_Dist_Sup_Thresh",806.005838568785,NA,NA
3,66,2007,2018,759.6,"CarenR_Dist_Sup_Thresh",794.8417489863,NA,NA
3,66,2007,2019,816.4,"CarenR_Dist_Sup_Thresh",783.677659403814,NA,NA
3,66,2007,2020,848.3,"CarenR_Dist_Sup_Thresh",772.513569821324,NA,NA
3,66,2007,2021,893.7,"CarenR_Dist_Sup_Thresh",761.349480238839,NA,NA
3,66,2007,2008,780.6,"CarenR_Dist_Eta2",906.482644811172,NA,NA
3,66,2007,2009,862.9,"CarenR_Dist_Eta2",895.318555228686,NA,NA
3,66,2007,2010,905.8,"CarenR_Dist_Eta2",884.154465646197,NA,NA
3,66,2007,2011,807.1,"CarenR_Dist_Eta2",872.990376063711,NA,NA
3,66,2007,2012,649.5,"CarenR_Dist_Eta2",861.826286481225,NA,NA
3,66,2007,2013,787.3,"CarenR_Dist_Eta2",850.662196898736,NA,NA
3,66,2007,2014,688.2,"CarenR_Dist_Eta2",839.49810731625,NA,NA
3,66,2007,2015,868.9,"CarenR_Dist_Eta2",828.33401773376,NA,NA
3,66,2007,2016,729.5,"CarenR_Dist_Eta2",817.169928151275,NA,NA
3,66,2007,2017,967.1,"CarenR_Dist_Eta2",806.005838568785,NA,NA
3,66,2007,2018,759.6,"CarenR_Dist_Eta2",794.8417489863,NA,NA
3,66,2007,2019,816.4,"CarenR_Dist_Eta2",783.677659403814,NA,NA
3,66,2007,2020,848.3,"CarenR_Dist_Eta2",772.513569821324,NA,NA
3,66,2007,2021,893.7,"CarenR_Dist_Eta2",761.349480238839,NA,NA
3,66,2007,2008,780.6,"CarenR_Dist_Lag",906.482644811172,NA,NA
3,66,2007,2009,862.9,"CarenR_Dist_Lag",895.318555228686,NA,NA
3,66,2007,2010,905.8,"CarenR_Dist_Lag",884.154465646197,NA,NA
3,66,2007,2011,807.1,"CarenR_Dist_Lag",872.990376063711,NA,NA
3,66,2007,2012,649.5,"CarenR_Dist_Lag",861.826286481225,NA,NA
3,66,2007,2013,787.3,"CarenR_Dist_Lag",850.662196898736,NA,NA
3,66,2007,2014,688.2,"CarenR_Dist_Lag",839.49810731625,NA,NA
3,66,2007,2015,868.9,"CarenR_Dist_Lag",828.33401773376,NA,NA
3,66,2007,2016,729.5,"CarenR_Dist_Lag",817.169928151275,NA,NA
3,66,2007,2017,967.1,"CarenR_Dist_Lag",806.005838568785,NA,NA
3,66,2007,2018,759.6,"CarenR_Dist_Lag",794.8417489863,NA,NA
3,66,2007,2019,816.4,"CarenR_Dist_Lag",783.677659403814,NA,NA
3,66,2007,2020,848.3,"CarenR_Dist_Lag",772.513569821324,NA,NA
3,66,2007,2021,893.7,"CarenR_Dist_Lag",761.349480238839,NA,NA
3,66,2007,2008,780.6,"CarenR_Dist_Conf",906.482644811172,NA,NA
3,66,2007,2009,862.9,"CarenR_Dist_Conf",895.318555228686,NA,NA
3,66,2007,2010,905.8,"CarenR_Dist_Conf",884.154465646197,NA,NA
3,66,2007,2011,807.1,"CarenR_Dist_Conf",872.990376063711,NA,NA
3,66,2007,2012,649.5,"CarenR_Dist_Conf",861.826286481225,NA,NA
3,66,2007,2013,787.3,"CarenR_Dist_Conf",850.662196898736,NA,NA
3,66,2007,2014,688.2,"CarenR_Dist_Conf",839.49810731625,NA,NA
3,66,2007,2015,868.9,"CarenR_Dist_Conf",828.33401773376,NA,NA
3,66,2007,2016,729.5,"CarenR_Dist_Conf",817.169928151275,NA,NA
3,66,2007,2017,967.1,"CarenR_Dist_Conf",806.005838568785,NA,NA
3,66,2007,2018,759.6,"CarenR_Dist_Conf",794.8417489863,NA,NA
3,66,2007,2019,816.4,"CarenR_Dist_Conf",783.677659403814,NA,NA
3,66,2007,2020,848.3,"CarenR_Dist_Conf",772.513569821324,NA,NA
3,66,2007,2021,893.7,"CarenR_Dist_Conf",761.349480238839,NA,NA
3,66,2007,2008,780.6,"CarenR_Dist_Stack",871.656504377705,NA,NA
3,66,2007,2009,862.9,"CarenR_Dist_Stack",836.672202315656,NA,NA
3,66,2007,2010,905.8,"CarenR_Dist_Stack",789.701836102192,NA,NA
3,66,2007,2011,807.1,"CarenR_Dist_Stack",809.329546628546,NA,NA
3,66,2007,2012,649.5,"CarenR_Dist_Stack",811.856114658567,NA,NA
3,66,2007,2013,787.3,"CarenR_Dist_Stack",833.954282787637,NA,NA
3,66,2007,2014,688.2,"CarenR_Dist_Stack",754.98982511893,NA,NA
3,66,2007,2015,868.9,"CarenR_Dist_Stack",796.515878496737,NA,NA
3,66,2007,2016,729.5,"CarenR_Dist_Stack",747.230940054174,NA,NA
3,66,2007,2017,967.1,"CarenR_Dist_Stack",749.910759188303,NA,NA
3,66,2007,2018,759.6,"CarenR_Dist_Stack",666.108715659323,NA,NA
3,66,2007,2019,816.4,"CarenR_Dist_Stack",684.385914998931,NA,NA
3,66,2007,2020,848.3,"CarenR_Dist_Stack",677.108492639234,NA,NA
3,66,2007,2021,893.7,"CarenR_Dist_Stack",593.252549011407,NA,NA
3,66,2007,2008,780.6,"CarenR_Dist_Sup_FS",906.482644811172,NA,NA
3,66,2007,2009,862.9,"CarenR_Dist_Sup_FS",895.318555228686,NA,NA
3,66,2007,2010,905.8,"CarenR_Dist_Sup_FS",884.154465646197,NA,NA
3,66,2007,2011,807.1,"CarenR_Dist_Sup_FS",872.990376063711,NA,NA
3,66,2007,2012,649.5,"CarenR_Dist_Sup_FS",861.826286481225,NA,NA
3,66,2007,2013,787.3,"CarenR_Dist_Sup_FS",850.662196898736,NA,NA
3,66,2007,2014,688.2,"CarenR_Dist_Sup_FS",839.49810731625,NA,NA
3,66,2007,2015,868.9,"CarenR_Dist_Sup_FS",828.33401773376,NA,NA
3,66,2007,2016,729.5,"CarenR_Dist_Sup_FS",817.169928151275,NA,NA
3,66,2007,2017,967.1,"CarenR_Dist_Sup_FS",806.005838568785,NA,NA
3,66,2007,2018,759.6,"CarenR_Dist_Sup_FS",794.8417489863,NA,NA
3,66,2007,2019,816.4,"CarenR_Dist_Sup_FS",783.677659403814,NA,NA
3,66,2007,2020,848.3,"CarenR_Dist_Sup_FS",772.513569821324,NA,NA
3,66,2007,2021,893.7,"CarenR_Dist_Sup_FS",761.349480238839,NA,NA
3,66,2007,2008,780.6,"M5Rules",745.048286471212,NA,NA
3,66,2007,2009,862.9,"M5Rules",1098.34116253458,NA,NA
3,66,2007,2010,905.8,"M5Rules",1441.13651354446,NA,NA
3,66,2007,2011,807.1,"M5Rules",1132.50373454808,NA,NA
3,66,2007,2012,649.5,"M5Rules",1018.44898702052,NA,NA
3,66,2007,2013,787.3,"M5Rules",1121.56958692139,NA,NA
3,66,2007,2014,688.2,"M5Rules",1013.58117243004,NA,NA
3,66,2007,2015,868.9,"M5Rules",869.0360265829,NA,NA
3,66,2007,2016,729.5,"M5Rules",185.853295727811,NA,NA
3,66,2007,2017,967.1,"M5Rules",866.792691398767,NA,NA
3,66,2007,2018,759.6,"M5Rules",865.576331697313,NA,NA
3,66,2007,2019,816.4,"M5Rules",1079.7094486326,NA,NA
3,66,2007,2020,848.3,"M5Rules",969.019946340038,NA,NA
3,66,2007,2021,893.7,"M5Rules",645.153456886454,NA,NA
4,67,2008,2009,862.9,"Naive",826.377768756903,NA,NA
4,67,2008,2010,905.8,"Naive",815.724980416585,NA,NA
4,67,2008,2011,807.1,"Naive",805.072192076267,NA,NA
4,67,2008,2012,649.5,"Naive",794.41940373595,NA,NA
4,67,2008,2013,787.3,"Naive",783.766615395635,NA,NA
4,67,2008,2014,688.2,"Naive",773.113827055318,NA,NA
4,67,2008,2015,868.9,"Naive",762.461038715,NA,NA
4,67,2008,2016,729.5,"Naive",751.808250374682,NA,NA
4,67,2008,2017,967.1,"Naive",741.155462034364,NA,NA
4,67,2008,2018,759.6,"Naive",730.502673694046,NA,NA
4,67,2008,2019,816.4,"Naive",719.849885353732,NA,NA
4,67,2008,2020,848.3,"Naive",709.197097013414,NA,NA
4,67,2008,2021,893.7,"Naive",698.544308673097,NA,NA
4,67,2008,2009,862.9,"Naive_Median",870.590077781689,NA,NA
4,67,2008,2010,905.8,"Naive_Median",859.937289441371,NA,NA
4,67,2008,2011,807.1,"Naive_Median",849.284501101053,NA,NA
4,67,2008,2012,649.5,"Naive_Median",838.631712760736,NA,NA
4,67,2008,2013,787.3,"Naive_Median",827.978924420421,NA,NA
4,67,2008,2014,688.2,"Naive_Median",817.326136080104,NA,NA
4,67,2008,2015,868.9,"Naive_Median",806.673347739786,NA,NA
4,67,2008,2016,729.5,"Naive_Median",796.020559399468,NA,NA
4,67,2008,2017,967.1,"Naive_Median",785.36777105915,NA,NA
4,67,2008,2018,759.6,"Naive_Median",774.714982718833,NA,NA
4,67,2008,2019,816.4,"Naive_Median",764.062194378518,NA,NA
4,67,2008,2020,848.3,"Naive_Median",753.409406038201,NA,NA
4,67,2008,2021,893.7,"Naive_Median",742.756617697883,NA,NA
4,67,2008,2009,862.9,"Naive_MA",868.405424907927,NA,NA
4,67,2008,2010,905.8,"Naive_MA",857.75263656761,NA,NA
4,67,2008,2011,807.1,"Naive_MA",847.099848227292,NA,NA
4,67,2008,2012,649.5,"Naive_MA",836.447059886974,NA,NA
4,67,2008,2013,787.3,"Naive_MA",825.79427154666,NA,NA
4,67,2008,2014,688.2,"Naive_MA",815.141483206342,NA,NA
4,67,2008,2015,868.9,"Naive_MA",804.488694866024,NA,NA
4,67,2008,2016,729.5,"Naive_MA",793.835906525706,NA,NA
4,67,2008,2017,967.1,"Naive_MA",783.183118185389,NA,NA
4,67,2008,2018,759.6,"Naive_MA",772.530329845071,NA,NA
4,67,2008,2019,816.4,"Naive_MA",761.877541504757,NA,NA
4,67,2008,2020,848.3,"Naive_MA",751.224753164439,NA,NA
4,67,2008,2021,893.7,"Naive_MA",740.571964824121,NA,NA
4,67,2008,2009,862.9,"DT",494.539118019922,NA,NA
4,67,2008,2010,905.8,"DT",1414.38367742085,NA,NA
4,67,2008,2011,807.1,"DT",1282.0138377728,NA,NA
4,67,2008,2012,649.5,"DT",784.322102501451,NA,NA
4,67,2008,2013,787.3,"DT",773.669314161137,NA,NA
4,67,2008,2014,688.2,"DT",763.016525820819,NA,NA
4,67,2008,2015,868.9,"DT",430.622387978019,NA,NA
4,67,2008,2016,729.5,"DT",287.400994819756,NA,NA
4,67,2008,2017,967.1,"DT",409.316811297383,NA,NA
4,67,2008,2018,759.6,"DT",1207.44431939058,NA,NA
4,67,2008,2019,816.4,"DT",388.011234616751,NA,NA
4,67,2008,2020,848.3,"DT",998.899119850267,NA,NA
4,67,2008,2021,893.7,"DT",688.447007438598,NA,NA
4,67,2008,2009,862.9,"Ripper",661.470172882059,588.397699921421,734.542645842697
4,67,2008,2010,905.8,"Ripper",650.817384541741,577.744911581103,723.88985750238
4,67,2008,2011,807.1,"Ripper",640.164596201424,567.092123240785,713.237069162062
4,67,2008,2012,649.5,"Ripper",629.511807861106,556.439334900468,702.584280821744
4,67,2008,2013,787.3,"Ripper",618.859019520792,545.786546560154,691.93149248143
4,67,2008,2014,688.2,"Ripper",116.724394392231,-36.3619400208102,269.810728805273
4,67,2008,2015,868.9,"Ripper",597.553442840156,524.480969879518,670.625915800794
4,67,2008,2016,729.5,"Ripper",95.4188177115958,-57.6675167014457,248.505152124637
4,67,2008,2017,967.1,"Ripper",84.766029371278,-68.3203050417635,237.85236378432
4,67,2008,2018,759.6,"Ripper",74.1132410309602,-78.9730933820813,227.199575444002
4,67,2008,2019,816.4,"Ripper",554.942289478889,481.86981651825,628.014762439527
4,67,2008,2020,848.3,"Ripper",52.8076643503283,-100.278670062713,205.89399876337
4,67,2008,2021,893.7,"Ripper",533.636712798253,460.564239837615,606.709185758891
4,67,2008,2009,862.9,"CarenR_Dist",870.590077781689,NA,NA
4,67,2008,2010,905.8,"CarenR_Dist",859.937289441371,NA,NA
4,67,2008,2011,807.1,"CarenR_Dist",849.284501101053,NA,NA
4,67,2008,2012,649.5,"CarenR_Dist",838.631712760736,NA,NA
4,67,2008,2013,787.3,"CarenR_Dist",396.639145719487,NA,NA
4,67,2008,2014,688.2,"CarenR_Dist",373.341428280093,NA,NA
4,67,2008,2015,868.9,"CarenR_Dist",362.688639939775,NA,NA
4,67,2008,2016,729.5,"CarenR_Dist",796.020559399468,NA,NA
4,67,2008,2017,967.1,"CarenR_Dist",320.308181427345,NA,NA
4,67,2008,2018,759.6,"CarenR_Dist",774.714982718833,NA,NA
4,67,2008,2019,816.4,"CarenR_Dist",299.002604746713,NA,NA
4,67,2008,2020,848.3,"CarenR_Dist",1036.40094759581,NA,NA
4,67,2008,2021,893.7,"CarenR_Dist",277.697028066077,NA,NA
4,67,2008,2009,862.9,"CarenR_Dist_FS",870.590077781689,NA,NA
4,67,2008,2010,905.8,"CarenR_Dist_FS",859.937289441371,NA,NA
4,67,2008,2011,807.1,"CarenR_Dist_FS",849.284501101053,NA,NA
4,67,2008,2012,649.5,"CarenR_Dist_FS",838.631712760736,NA,NA
4,67,2008,2013,787.3,"CarenR_Dist_FS",827.978924420421,NA,NA
4,67,2008,2014,688.2,"CarenR_Dist_FS",817.326136080104,NA,NA
4,67,2008,2015,868.9,"CarenR_Dist_FS",806.673347739786,NA,NA
4,67,2008,2016,729.5,"CarenR_Dist_FS",796.020559399468,NA,NA
4,67,2008,2017,967.1,"CarenR_Dist_FS",785.36777105915,NA,NA
4,67,2008,2018,759.6,"CarenR_Dist_FS",774.714982718833,NA,NA
4,67,2008,2019,816.4,"CarenR_Dist_FS",764.062194378518,NA,NA
4,67,2008,2020,848.3,"CarenR_Dist_FS",753.409406038201,NA,NA
4,67,2008,2021,893.7,"CarenR_Dist_FS",742.756617697883,NA,NA
4,67,2008,2009,862.9,"CarenR_Dist_Thresh",870.590077781689,NA,NA
4,67,2008,2010,905.8,"CarenR_Dist_Thresh",859.937289441371,NA,NA
4,67,2008,2011,807.1,"CarenR_Dist_Thresh",849.284501101053,NA,NA
4,67,2008,2012,649.5,"CarenR_Dist_Thresh",838.631712760736,NA,NA
4,67,2008,2013,787.3,"CarenR_Dist_Thresh",827.978924420421,NA,NA
4,67,2008,2014,688.2,"CarenR_Dist_Thresh",817.326136080104,NA,NA
4,67,2008,2015,868.9,"CarenR_Dist_Thresh",806.673347739786,NA,NA
4,67,2008,2016,729.5,"CarenR_Dist_Thresh",796.020559399468,NA,NA
4,67,2008,2017,967.1,"CarenR_Dist_Thresh",785.36777105915,NA,NA
4,67,2008,2018,759.6,"CarenR_Dist_Thresh",774.714982718833,NA,NA
4,67,2008,2019,816.4,"CarenR_Dist_Thresh",764.062194378518,NA,NA
4,67,2008,2020,848.3,"CarenR_Dist_Thresh",753.409406038201,NA,NA
4,67,2008,2021,893.7,"CarenR_Dist_Thresh",742.756617697883,NA,NA
4,67,2008,2009,862.9,"CarenR_Dist_Sup",870.590077781689,NA,NA
4,67,2008,2010,905.8,"CarenR_Dist_Sup",859.937289441371,NA,NA
4,67,2008,2011,807.1,"CarenR_Dist_Sup",849.284501101053,NA,NA
4,67,2008,2012,649.5,"CarenR_Dist_Sup",838.631712760736,NA,NA
4,67,2008,2013,787.3,"CarenR_Dist_Sup",827.978924420421,NA,NA
4,67,2008,2014,688.2,"CarenR_Dist_Sup",817.326136080104,NA,NA
4,67,2008,2015,868.9,"CarenR_Dist_Sup",806.673347739786,NA,NA
4,67,2008,2016,729.5,"CarenR_Dist_Sup",796.020559399468,NA,NA
4,67,2008,2017,967.1,"CarenR_Dist_Sup",785.36777105915,NA,NA
4,67,2008,2018,759.6,"CarenR_Dist_Sup",774.714982718833,NA,NA
4,67,2008,2019,816.4,"CarenR_Dist_Sup",764.062194378518,NA,NA
4,67,2008,2020,848.3,"CarenR_Dist_Sup",753.409406038201,NA,NA
4,67,2008,2021,893.7,"CarenR_Dist_Sup",742.756617697883,NA,NA
4,67,2008,2009,862.9,"CarenR_Dist_Sup_Thresh",870.590077781689,NA,NA
4,67,2008,2010,905.8,"CarenR_Dist_Sup_Thresh",859.937289441371,NA,NA
4,67,2008,2011,807.1,"CarenR_Dist_Sup_Thresh",849.284501101053,NA,NA
4,67,2008,2012,649.5,"CarenR_Dist_Sup_Thresh",838.631712760736,NA,NA
4,67,2008,2013,787.3,"CarenR_Dist_Sup_Thresh",827.978924420421,NA,NA
4,67,2008,2014,688.2,"CarenR_Dist_Sup_Thresh",817.326136080104,NA,NA
4,67,2008,2015,868.9,"CarenR_Dist_Sup_Thresh",806.673347739786,NA,NA
4,67,2008,2016,729.5,"CarenR_Dist_Sup_Thresh",796.020559399468,NA,NA
4,67,2008,2017,967.1,"CarenR_Dist_Sup_Thresh",785.36777105915,NA,NA
4,67,2008,2018,759.6,"CarenR_Dist_Sup_Thresh",774.714982718833,NA,NA
4,67,2008,2019,816.4,"CarenR_Dist_Sup_Thresh",764.062194378518,NA,NA
4,67,2008,2020,848.3,"CarenR_Dist_Sup_Thresh",753.409406038201,NA,NA
4,67,2008,2021,893.7,"CarenR_Dist_Sup_Thresh",742.756617697883,NA,NA
4,67,2008,2009,862.9,"CarenR_Dist_Eta2",870.590077781689,NA,NA
4,67,2008,2010,905.8,"CarenR_Dist_Eta2",859.937289441371,NA,NA
4,67,2008,2011,807.1,"CarenR_Dist_Eta2",849.284501101053,NA,NA
4,67,2008,2012,649.5,"CarenR_Dist_Eta2",838.631712760736,NA,NA
4,67,2008,2013,787.3,"CarenR_Dist_Eta2",827.978924420421,NA,NA
4,67,2008,2014,688.2,"CarenR_Dist_Eta2",817.326136080104,NA,NA
4,67,2008,2015,868.9,"CarenR_Dist_Eta2",806.673347739786,NA,NA
4,67,2008,2016,729.5,"CarenR_Dist_Eta2",796.020559399468,NA,NA
4,67,2008,2017,967.1,"CarenR_Dist_Eta2",785.36777105915,NA,NA
4,67,2008,2018,759.6,"CarenR_Dist_Eta2",774.714982718833,NA,NA
4,67,2008,2019,816.4,"CarenR_Dist_Eta2",764.062194378518,NA,NA
4,67,2008,2020,848.3,"CarenR_Dist_Eta2",753.409406038201,NA,NA
4,67,2008,2021,893.7,"CarenR_Dist_Eta2",742.756617697883,NA,NA
4,67,2008,2009,862.9,"CarenR_Dist_Lag",870.590077781689,NA,NA
4,67,2008,2010,905.8,"CarenR_Dist_Lag",859.937289441371,NA,NA
4,67,2008,2011,807.1,"CarenR_Dist_Lag",849.284501101053,NA,NA
4,67,2008,2012,649.5,"CarenR_Dist_Lag",838.631712760736,NA,NA
4,67,2008,2013,787.3,"CarenR_Dist_Lag",827.978924420421,NA,NA
4,67,2008,2014,688.2,"CarenR_Dist_Lag",817.326136080104,NA,NA
4,67,2008,2015,868.9,"CarenR_Dist_Lag",869.401846832998,NA,NA
4,67,2008,2016,729.5,"CarenR_Dist_Lag",796.020559399468,NA,NA
4,67,2008,2017,967.1,"CarenR_Dist_Lag",785.36777105915,NA,NA
4,67,2008,2018,759.6,"CarenR_Dist_Lag",774.714982718833,NA,NA
4,67,2008,2019,816.4,"CarenR_Dist_Lag",764.062194378518,NA,NA
4,67,2008,2020,848.3,"CarenR_Dist_Lag",753.409406038201,NA,NA
4,67,2008,2021,893.7,"CarenR_Dist_Lag",805.485116791095,NA,NA
4,67,2008,2009,862.9,"CarenR_Dist_Conf",870.590077781689,NA,NA
4,67,2008,2010,905.8,"CarenR_Dist_Conf",859.937289441371,NA,NA
4,67,2008,2011,807.1,"CarenR_Dist_Conf",849.284501101053,NA,NA
4,67,2008,2012,649.5,"CarenR_Dist_Conf",838.631712760736,NA,NA
4,67,2008,2013,787.3,"CarenR_Dist_Conf",827.978924420421,NA,NA
4,67,2008,2014,688.2,"CarenR_Dist_Conf",817.326136080104,NA,NA
4,67,2008,2015,868.9,"CarenR_Dist_Conf",806.673347739786,NA,NA
4,67,2008,2016,729.5,"CarenR_Dist_Conf",796.020559399468,NA,NA
4,67,2008,2017,967.1,"CarenR_Dist_Conf",785.36777105915,NA,NA
4,67,2008,2018,759.6,"CarenR_Dist_Conf",774.714982718833,NA,NA
4,67,2008,2019,816.4,"CarenR_Dist_Conf",764.062194378518,NA,NA
4,67,2008,2020,848.3,"CarenR_Dist_Conf",753.409406038201,NA,NA
4,67,2008,2021,893.7,"CarenR_Dist_Conf",742.756617697883,NA,NA
4,67,2008,2009,862.9,"CarenR_Dist_Stack",816.185851843348,NA,NA
4,67,2008,2010,905.8,"CarenR_Dist_Stack",769.376548684817,NA,NA
4,67,2008,2011,807.1,"CarenR_Dist_Stack",789.298480256878,NA,NA
4,67,2008,2012,649.5,"CarenR_Dist_Stack",793.522956784337,NA,NA
4,67,2008,2013,787.3,"CarenR_Dist_Stack",815.941163043187,NA,NA
4,67,2008,2014,688.2,"CarenR_Dist_Stack",738.096499592843,NA,NA
4,67,2008,2015,868.9,"CarenR_Dist_Stack",780.337838018229,NA,NA
4,67,2008,2016,729.5,"CarenR_Dist_Stack",732.555219721579,NA,NA
4,67,2008,2017,967.1,"CarenR_Dist_Stack",735.525129001798,NA,NA
4,67,2008,2018,759.6,"CarenR_Dist_Stack",653.289070657342,NA,NA
4,67,2008,2019,816.4,"CarenR_Dist_Stack",671.625740203705,NA,NA
4,67,2008,2020,848.3,"CarenR_Dist_Stack",665.512905338277,NA,NA
4,67,2008,2021,893.7,"CarenR_Dist_Stack",582.243089819085,NA,NA
4,67,2008,2009,862.9,"CarenR_Dist_Sup_FS",870.590077781689,NA,NA
4,67,2008,2010,905.8,"CarenR_Dist_Sup_FS",859.937289441371,NA,NA
4,67,2008,2011,807.1,"CarenR_Dist_Sup_FS",849.284501101053,NA,NA
4,67,2008,2012,649.5,"CarenR_Dist_Sup_FS",838.631712760736,NA,NA
4,67,2008,2013,787.3,"CarenR_Dist_Sup_FS",827.978924420421,NA,NA
4,67,2008,2014,688.2,"CarenR_Dist_Sup_FS",817.326136080104,NA,NA
4,67,2008,2015,868.9,"CarenR_Dist_Sup_FS",806.673347739786,NA,NA
4,67,2008,2016,729.5,"CarenR_Dist_Sup_FS",796.020559399468,NA,NA
4,67,2008,2017,967.1,"CarenR_Dist_Sup_FS",785.36777105915,NA,NA
4,67,2008,2018,759.6,"CarenR_Dist_Sup_FS",774.714982718833,NA,NA
4,67,2008,2019,816.4,"CarenR_Dist_Sup_FS",764.062194378518,NA,NA
4,67,2008,2020,848.3,"CarenR_Dist_Sup_FS",753.409406038201,NA,NA
4,67,2008,2021,893.7,"CarenR_Dist_Sup_FS",742.756617697883,NA,NA
4,67,2008,2009,862.9,"M5Rules",1052.8337751639,NA,NA
4,67,2008,2010,905.8,"M5Rules",722.810740761211,NA,NA
4,67,2008,2011,807.1,"M5Rules",804.593966678129,NA,NA
4,67,2008,2012,649.5,"M5Rules",897.775489238873,NA,NA
4,67,2008,2013,787.3,"M5Rules",940.312777884561,NA,NA
4,67,2008,2014,688.2,"M5Rules",767.872963646098,NA,NA
4,67,2008,2015,868.9,"M5Rules",903.082444284421,NA,NA
4,67,2008,2016,729.5,"M5Rules",276.616024057969,NA,NA
4,67,2008,2017,967.1,"M5Rules",699.90887388948,NA,NA
4,67,2008,2018,759.6,"M5Rules",762.107797961844,NA,NA
4,67,2008,2019,816.4,"M5Rules",1091.84636040108,NA,NA
4,67,2008,2020,848.3,"M5Rules",634.699346080397,NA,NA
4,67,2008,2021,893.7,"M5Rules",1036.7700195276,NA,NA
5,68,2009,2010,905.8,"Naive",840.620647547397,NA,NA
5,68,2009,2011,807.1,"Naive",835.333251547231,NA,NA
5,68,2009,2012,649.5,"Naive",830.045855547066,NA,NA
5,68,2009,2013,787.3,"Naive",824.758459546901,NA,NA
5,68,2009,2014,688.2,"Naive",819.471063546736,NA,NA
5,68,2009,2015,868.9,"Naive",814.18366754657,NA,NA
5,68,2009,2016,729.5,"Naive",808.896271546405,NA,NA
5,68,2009,2017,967.1,"Naive",803.60887554624,NA,NA
5,68,2009,2018,759.6,"Naive",798.321479546076,NA,NA
5,68,2009,2019,816.4,"Naive",793.034083545911,NA,NA
5,68,2009,2020,848.3,"Naive",787.746687545746,NA,NA
5,68,2009,2021,893.7,"Naive",782.459291545581,NA,NA
5,68,2009,2010,905.8,"Naive_Median",873.189226354001,NA,NA
5,68,2009,2011,807.1,"Naive_Median",867.901830353836,NA,NA
5,68,2009,2012,649.5,"Naive_Median",862.614434353671,NA,NA
5,68,2009,2013,787.3,"Naive_Median",857.327038353506,NA,NA
5,68,2009,2014,688.2,"Naive_Median",852.03964235334,NA,NA
5,68,2009,2015,868.9,"Naive_Median",846.752246353175,NA,NA
5,68,2009,2016,729.5,"Naive_Median",841.46485035301,NA,NA
5,68,2009,2017,967.1,"Naive_Median",836.177454352845,NA,NA
5,68,2009,2018,759.6,"Naive_Median",830.890058352681,NA,NA
5,68,2009,2019,816.4,"Naive_Median",825.602662352516,NA,NA
5,68,2009,2020,848.3,"Naive_Median",820.315266352351,NA,NA
5,68,2009,2021,893.7,"Naive_Median",815.027870352185,NA,NA
5,68,2009,2010,905.8,"Naive_MA",856.369466805953,NA,NA
5,68,2009,2011,807.1,"Naive_MA",851.082070805788,NA,NA
5,68,2009,2012,649.5,"Naive_MA",845.794674805622,NA,NA
5,68,2009,2013,787.3,"Naive_MA",840.507278805457,NA,NA
5,68,2009,2014,688.2,"Naive_MA",835.219882805292,NA,NA
5,68,2009,2015,868.9,"Naive_MA",829.932486805127,NA,NA
5,68,2009,2016,729.5,"Naive_MA",824.645090804961,NA,NA
5,68,2009,2017,967.1,"Naive_MA",819.357694804796,NA,NA
5,68,2009,2018,759.6,"Naive_MA",814.070298804633,NA,NA
5,68,2009,2019,816.4,"Naive_MA",808.782902804467,NA,NA
5,68,2009,2020,848.3,"Naive_MA",803.495506804302,NA,NA
5,68,2009,2021,893.7,"Naive_MA",798.208110804137,NA,NA
5,68,2009,2010,905.8,"DT",1304.28566720542,NA,NA
5,68,2009,2011,807.1,"DT",1312.19202392156,NA,NA
5,68,2009,2012,649.5,"DT",800.521234257305,NA,NA
5,68,2009,2013,787.3,"DT",795.23383825714,NA,NA
5,68,2009,2014,688.2,"DT",789.946442256974,NA,NA
5,68,2009,2015,868.9,"DT",784.659046256809,NA,NA
5,68,2009,2016,729.5,"DT",345.679874884674,NA,NA
5,68,2009,2017,967.1,"DT",774.084254256479,NA,NA
5,68,2009,2018,759.6,"DT",1275.18025192041,NA,NA
5,68,2009,2019,816.4,"DT",763.50946225615,NA,NA
5,68,2009,2020,848.3,"DT",1251.41170720377,NA,NA
5,68,2009,2021,893.7,"DT",411.458976864482,NA,NA
5,68,2009,2010,905.8,"Ripper",184.124547385107,30.5396358108668,337.709458959347
5,68,2009,2011,807.1,"Ripper",178.837151384942,25.2522398107016,332.422062959182
5,68,2009,2012,649.5,"Ripper",173.549755384777,19.9648438105363,327.134666959017
5,68,2009,2013,787.3,"Ripper",168.262359384611,14.6774478103711,321.847270958852
5,68,2009,2014,688.2,"Ripper",162.974963384446,9.39005181020582,316.559874958686
5,68,2009,2015,868.9,"Ripper",157.687567384281,4.10265581004057,311.272478958521
5,68,2009,2016,729.5,"Ripper",152.400171384116,-1.18474019012467,305.985082958356
5,68,2009,2017,967.1,"Ripper",147.11277538395,-6.47213619028992,300.697686958191
5,68,2009,2018,759.6,"Ripper",141.825379383787,-11.7595321904533,295.410290958027
5,68,2009,2019,816.4,"Ripper",136.537983383622,-17.0469281906186,290.122894957862
5,68,2009,2020,848.3,"Ripper",1442.57541203615,1311.58082000365,1573.57000406865
5,68,2009,2021,893.7,"Ripper",125.963191383291,-27.6217201909491,279.548102957532
5,68,2009,2010,905.8,"CarenR_Dist",873.189226354001,NA,NA
5,68,2009,2011,807.1,"CarenR_Dist",867.901830353836,NA,NA
5,68,2009,2012,649.5,"CarenR_Dist",862.614434353671,NA,NA
5,68,2009,2013,787.3,"CarenR_Dist",438.817312659887,NA,NA
5,68,2009,2014,688.2,"CarenR_Dist",407.618031256661,NA,NA
5,68,2009,2015,868.9,"CarenR_Dist",416.087086318793,NA,NA
5,68,2009,2016,729.5,"CarenR_Dist",377.62236716838,NA,NA
5,68,2009,2017,967.1,"CarenR_Dist",370.578658160746,NA,NA
5,68,2009,2018,759.6,"CarenR_Dist",353.549468874344,NA,NA
5,68,2009,2019,816.4,"CarenR_Dist",374.678445083528,NA,NA
5,68,2009,2020,848.3,"CarenR_Dist",1112.13107996062,NA,NA
5,68,2009,2021,893.7,"CarenR_Dist",364.103653083198,NA,NA
5,68,2009,2010,905.8,"CarenR_Dist_FS",873.189226354001,NA,NA
5,68,2009,2011,807.1,"CarenR_Dist_FS",867.901830353836,NA,NA
5,68,2009,2012,649.5,"CarenR_Dist_FS",862.614434353671,NA,NA
5,68,2009,2013,787.3,"CarenR_Dist_FS",857.327038353506,NA,NA
5,68,2009,2014,688.2,"CarenR_Dist_FS",852.03964235334,NA,NA
5,68,2009,2015,868.9,"CarenR_Dist_FS",846.752246353175,NA,NA
5,68,2009,2016,729.5,"CarenR_Dist_FS",841.46485035301,NA,NA
5,68,2009,2017,967.1,"CarenR_Dist_FS",347.446010812893,NA,NA
5,68,2009,2018,759.6,"CarenR_Dist_FS",830.890058352681,NA,NA
5,68,2009,2019,816.4,"CarenR_Dist_FS",825.602662352516,NA,NA
5,68,2009,2020,848.3,"CarenR_Dist_FS",820.315266352351,NA,NA
5,68,2009,2021,893.7,"CarenR_Dist_FS",815.027870352185,NA,NA
5,68,2009,2010,905.8,"CarenR_Dist_Thresh",873.189226354001,NA,NA
5,68,2009,2011,807.1,"CarenR_Dist_Thresh",867.901830353836,NA,NA
5,68,2009,2012,649.5,"CarenR_Dist_Thresh",862.614434353671,NA,NA
5,68,2009,2013,787.3,"CarenR_Dist_Thresh",857.327038353506,NA,NA
5,68,2009,2014,688.2,"CarenR_Dist_Thresh",852.03964235334,NA,NA
5,68,2009,2015,868.9,"CarenR_Dist_Thresh",846.752246353175,NA,NA
5,68,2009,2016,729.5,"CarenR_Dist_Thresh",841.46485035301,NA,NA
5,68,2009,2017,967.1,"CarenR_Dist_Thresh",836.177454352845,NA,NA
5,68,2009,2018,759.6,"CarenR_Dist_Thresh",830.890058352681,NA,NA
5,68,2009,2019,816.4,"CarenR_Dist_Thresh",825.602662352516,NA,NA
5,68,2009,2020,848.3,"CarenR_Dist_Thresh",820.315266352351,NA,NA
5,68,2009,2021,893.7,"CarenR_Dist_Thresh",815.027870352185,NA,NA
5,68,2009,2010,905.8,"CarenR_Dist_Sup",873.189226354001,NA,NA
5,68,2009,2011,807.1,"CarenR_Dist_Sup",867.901830353836,NA,NA
5,68,2009,2012,649.5,"CarenR_Dist_Sup",862.614434353671,NA,NA
5,68,2009,2013,787.3,"CarenR_Dist_Sup",857.327038353506,NA,NA
5,68,2009,2014,688.2,"CarenR_Dist_Sup",374.699052875003,NA,NA
5,68,2009,2015,868.9,"CarenR_Dist_Sup",846.752246353175,NA,NA
5,68,2009,2016,729.5,"CarenR_Dist_Sup",364.124260874673,NA,NA
5,68,2009,2017,967.1,"CarenR_Dist_Sup",358.836864874507,NA,NA
5,68,2009,2018,759.6,"CarenR_Dist_Sup",353.549468874344,NA,NA
5,68,2009,2019,816.4,"CarenR_Dist_Sup",825.602662352516,NA,NA
5,68,2009,2020,848.3,"CarenR_Dist_Sup",820.315266352351,NA,NA
5,68,2009,2021,893.7,"CarenR_Dist_Sup",815.027870352185,NA,NA
5,68,2009,2010,905.8,"CarenR_Dist_Sup_Thresh",873.189226354001,NA,NA
5,68,2009,2011,807.1,"CarenR_Dist_Sup_Thresh",867.901830353836,NA,NA
5,68,2009,2012,649.5,"CarenR_Dist_Sup_Thresh",862.614434353671,NA,NA
5,68,2009,2013,787.3,"CarenR_Dist_Sup_Thresh",857.327038353506,NA,NA
5,68,2009,2014,688.2,"CarenR_Dist_Sup_Thresh",852.03964235334,NA,NA
5,68,2009,2015,868.9,"CarenR_Dist_Sup_Thresh",846.752246353175,NA,NA
5,68,2009,2016,729.5,"CarenR_Dist_Sup_Thresh",841.46485035301,NA,NA
5,68,2009,2017,967.1,"CarenR_Dist_Sup_Thresh",836.177454352845,NA,NA
5,68,2009,2018,759.6,"CarenR_Dist_Sup_Thresh",830.890058352681,NA,NA
5,68,2009,2019,816.4,"CarenR_Dist_Sup_Thresh",825.602662352516,NA,NA
5,68,2009,2020,848.3,"CarenR_Dist_Sup_Thresh",820.315266352351,NA,NA
5,68,2009,2021,893.7,"CarenR_Dist_Sup_Thresh",815.027870352185,NA,NA
5,68,2009,2010,905.8,"CarenR_Dist_Eta2",873.189226354001,NA,NA
5,68,2009,2011,807.1,"CarenR_Dist_Eta2",867.901830353836,NA,NA
5,68,2009,2012,649.5,"CarenR_Dist_Eta2",862.614434353671,NA,NA
5,68,2009,2013,787.3,"CarenR_Dist_Eta2",857.327038353506,NA,NA
5,68,2009,2014,688.2,"CarenR_Dist_Eta2",852.03964235334,NA,NA
5,68,2009,2015,868.9,"CarenR_Dist_Eta2",846.752246353175,NA,NA
5,68,2009,2016,729.5,"CarenR_Dist_Eta2",841.46485035301,NA,NA
5,68,2009,2017,967.1,"CarenR_Dist_Eta2",836.177454352845,NA,NA
5,68,2009,2018,759.6,"CarenR_Dist_Eta2",830.890058352681,NA,NA
5,68,2009,2019,816.4,"CarenR_Dist_Eta2",825.602662352516,NA,NA
5,68,2009,2020,848.3,"CarenR_Dist_Eta2",820.315266352351,NA,NA
5,68,2009,2021,893.7,"CarenR_Dist_Eta2",815.027870352185,NA,NA
5,68,2009,2010,905.8,"CarenR_Dist_Lag",873.189226354001,NA,NA
5,68,2009,2011,807.1,"CarenR_Dist_Lag",867.901830353836,NA,NA
5,68,2009,2012,649.5,"CarenR_Dist_Lag",862.614434353671,NA,NA
5,68,2009,2013,787.3,"CarenR_Dist_Lag",857.327038353506,NA,NA
5,68,2009,2014,688.2,"CarenR_Dist_Lag",852.03964235334,NA,NA
5,68,2009,2015,868.9,"CarenR_Dist_Lag",918.870759635566,NA,NA
5,68,2009,2016,729.5,"CarenR_Dist_Lag",841.46485035301,NA,NA
5,68,2009,2017,967.1,"CarenR_Dist_Lag",836.177454352845,NA,NA
5,68,2009,2018,759.6,"CarenR_Dist_Lag",830.890058352681,NA,NA
5,68,2009,2019,816.4,"CarenR_Dist_Lag",825.602662352516,NA,NA
5,68,2009,2020,848.3,"CarenR_Dist_Lag",820.315266352351,NA,NA
5,68,2009,2021,893.7,"CarenR_Dist_Lag",887.146383634576,NA,NA
5,68,2009,2010,905.8,"CarenR_Dist_Conf",873.189226354001,NA,NA
5,68,2009,2011,807.1,"CarenR_Dist_Conf",867.901830353836,NA,NA
5,68,2009,2012,649.5,"CarenR_Dist_Conf",862.614434353671,NA,NA
5,68,2009,2013,787.3,"CarenR_Dist_Conf",857.327038353506,NA,NA
5,68,2009,2014,688.2,"CarenR_Dist_Conf",852.03964235334,NA,NA
5,68,2009,2015,868.9,"CarenR_Dist_Conf",846.752246353175,NA,NA
5,68,2009,2016,729.5,"CarenR_Dist_Conf",841.46485035301,NA,NA
5,68,2009,2017,967.1,"CarenR_Dist_Conf",836.177454352845,NA,NA
5,68,2009,2018,759.6,"CarenR_Dist_Conf",830.890058352681,NA,NA
5,68,2009,2019,816.4,"CarenR_Dist_Conf",825.602662352516,NA,NA
5,68,2009,2020,848.3,"CarenR_Dist_Conf",820.315266352351,NA,NA
5,68,2009,2021,893.7,"CarenR_Dist_Conf",815.027870352185,NA,NA
5,68,2009,2010,905.8,"CarenR_Dist_Stack",802.970799377478,NA,NA
5,68,2009,2011,807.1,"CarenR_Dist_Stack",830.582200264635,NA,NA
5,68,2009,2012,649.5,"CarenR_Dist_Stack",842.637975195183,NA,NA
5,68,2009,2013,787.3,"CarenR_Dist_Stack",874.966702772551,NA,NA
5,68,2009,2014,688.2,"CarenR_Dist_Stack",805.673820038729,NA,NA
5,68,2009,2015,868.9,"CarenR_Dist_Stack",856.501219485191,NA,NA
5,68,2009,2016,729.5,"CarenR_Dist_Stack",817.220970916658,NA,NA
5,68,2009,2017,967.1,"CarenR_Dist_Stack",828.83255667765,NA,NA
5,68,2009,2018,759.6,"CarenR_Dist_Stack",755.095313041016,NA,NA
5,68,2009,2019,816.4,"CarenR_Dist_Stack",782.099485611499,NA,NA
5,68,2009,2020,848.3,"CarenR_Dist_Stack",784.524574553745,NA,NA
5,68,2009,2021,893.7,"CarenR_Dist_Stack",709.871153057503,NA,NA
5,68,2009,2010,905.8,"CarenR_Dist_Sup_FS",873.189226354001,NA,NA
5,68,2009,2011,807.1,"CarenR_Dist_Sup_FS",867.901830353836,NA,NA
5,68,2009,2012,649.5,"CarenR_Dist_Sup_FS",862.614434353671,NA,NA
5,68,2009,2013,787.3,"CarenR_Dist_Sup_FS",857.327038353506,NA,NA
5,68,2009,2014,688.2,"CarenR_Dist_Sup_FS",852.03964235334,NA,NA
5,68,2009,2015,868.9,"CarenR_Dist_Sup_FS",846.752246353175,NA,NA
5,68,2009,2016,729.5,"CarenR_Dist_Sup_FS",841.46485035301,NA,NA
5,68,2009,2017,967.1,"CarenR_Dist_Sup_FS",836.177454352845,NA,NA
5,68,2009,2018,759.6,"CarenR_Dist_Sup_FS",830.890058352681,NA,NA
5,68,2009,2019,816.4,"CarenR_Dist_Sup_FS",825.602662352516,NA,NA
5,68,2009,2020,848.3,"CarenR_Dist_Sup_FS",820.315266352351,NA,NA
5,68,2009,2021,893.7,"CarenR_Dist_Sup_FS",815.027870352185,NA,NA
5,68,2009,2010,905.8,"M5Rules",903.893805507853,NA,NA
5,68,2009,2011,807.1,"M5Rules",699.809961490161,NA,NA
5,68,2009,2012,649.5,"M5Rules",457.930996482266,NA,NA
5,68,2009,2013,787.3,"M5Rules",913.136759977092,NA,NA
5,68,2009,2014,688.2,"M5Rules",119.421345820459,NA,NA
5,68,2009,2015,868.9,"M5Rules",1063.15248352829,NA,NA
5,68,2009,2016,729.5,"M5Rules",351.467373676547,NA,NA
5,68,2009,2017,967.1,"M5Rules",939.666439750501,NA,NA
5,68,2009,2018,759.6,"M5Rules",878.247767390975,NA,NA
5,68,2009,2019,816.4,"M5Rules",1775.64483650126,NA,NA
5,68,2009,2020,848.3,"M5Rules",813.083218993903,NA,NA
5,68,2009,2021,893.7,"M5Rules",1502.78898182786,NA,NA
6,69,2010,2011,807.1,"Naive",877.038074704649,NA,NA
6,69,2010,2012,649.5,"Naive",879.941647134704,NA,NA
6,69,2010,2013,787.3,"Naive",882.845219564758,NA,NA
6,69,2010,2014,688.2,"Naive",885.748791994812,NA,NA
6,69,2010,2015,868.9,"Naive",888.652364424867,NA,NA
6,69,2010,2016,729.5,"Naive",891.555936854921,NA,NA
6,69,2010,2017,967.1,"Naive",894.459509284976,NA,NA
6,69,2010,2018,759.6,"Naive",897.36308171503,NA,NA
6,69,2010,2019,816.4,"Naive",900.266654145084,NA,NA
6,69,2010,2020,848.3,"Naive",903.170226575138,NA,NA
6,69,2010,2021,893.7,"Naive",906.073799005193,NA,NA
6,69,2010,2011,807.1,"Naive_Median",908.703572430053,NA,NA
6,69,2010,2012,649.5,"Naive_Median",911.607144860108,NA,NA
6,69,2010,2013,787.3,"Naive_Median",914.510717290162,NA,NA
6,69,2010,2014,688.2,"Naive_Median",917.414289720217,NA,NA
6,69,2010,2015,868.9,"Naive_Median",920.317862150271,NA,NA
6,69,2010,2016,729.5,"Naive_Median",923.221434580325,NA,NA
6,69,2010,2017,967.1,"Naive_Median",926.12500701038,NA,NA
6,69,2010,2018,759.6,"Naive_Median",929.028579440434,NA,NA
6,69,2010,2019,816.4,"Naive_Median",931.932151870489,NA,NA
6,69,2010,2020,848.3,"Naive_Median",934.835724300542,NA,NA
6,69,2010,2021,893.7,"Naive_Median",937.739296730597,NA,NA
6,69,2010,2011,807.1,"Naive_MA",905.945126106866,NA,NA
6,69,2010,2012,649.5,"Naive_MA",908.848698536921,NA,NA
6,69,2010,2013,787.3,"Naive_MA",911.752270966975,NA,NA
6,69,2010,2014,688.2,"Naive_MA",914.65584339703,NA,NA
6,69,2010,2015,868.9,"Naive_MA",917.559415827084,NA,NA
6,69,2010,2016,729.5,"Naive_MA",920.462988257138,NA,NA
6,69,2010,2017,967.1,"Naive_MA",923.366560687193,NA,NA
6,69,2010,2018,759.6,"Naive_MA",926.270133117247,NA,NA
6,69,2010,2019,816.4,"Naive_MA",929.173705547301,NA,NA
6,69,2010,2020,848.3,"Naive_MA",932.077277977355,NA,NA
6,69,2010,2021,893.7,"Naive_MA",934.98085040741,NA,NA
6,69,2010,2011,807.1,"DT",1369.25641389443,NA,NA
6,69,2010,2012,649.5,"DT",978.149399020575,NA,NA
6,69,2010,2013,787.3,"DT",1046.23118066638,NA,NA
6,69,2010,2014,688.2,"DT",983.956543880684,NA,NA
6,69,2010,2015,868.9,"DT",986.860116310739,NA,NA
6,69,2010,2016,729.5,"DT",431.851027750957,NA,NA
6,69,2010,2017,967.1,"DT",1057.8454703866,NA,NA
6,69,2010,2018,759.6,"DT",1060.74904281665,NA,NA
6,69,2010,2019,816.4,"DT",1392.48499333486,NA,NA
6,69,2010,2020,848.3,"DT",1395.38856576492,NA,NA
6,69,2010,2021,893.7,"DT",1398.29213819497,NA,NA
6,69,2010,2011,807.1,"Ripper",1530.53940985993,1397.99456229577,1663.08425742409
6,69,2010,2012,649.5,"Ripper",237.897027533001,90.6941285832517,385.09992648275
6,69,2010,2013,787.3,"Ripper",240.800599963055,93.5977010133055,388.003498912804
6,69,2010,2014,688.2,"Ripper",243.704172393109,96.5012734433602,390.907071342859
6,69,2010,2015,868.9,"Ripper",246.607744823164,99.404845873415,393.810643772913
6,69,2010,2016,729.5,"Ripper",249.511317253218,102.308418303469,396.714216202967
6,69,2010,2017,967.1,"Ripper",252.414889683273,105.211990733524,399.617788633022
6,69,2010,2018,759.6,"Ripper",255.318462113327,108.115563163577,402.521361063076
6,69,2010,2019,816.4,"Ripper",1553.76798930037,1421.22314173621,1686.31283686453
6,69,2010,2020,848.3,"Ripper",261.125606973435,113.922708023686,408.328505923184
6,69,2010,2021,893.7,"Ripper",264.02917940349,116.826280453741,411.232078353239
6,69,2010,2011,807.1,"CarenR_Dist",908.703572430053,NA,NA
6,69,2010,2012,649.5,"CarenR_Dist",911.607144860108,NA,NA
6,69,2010,2013,787.3,"CarenR_Dist",489.137121196918,NA,NA
6,69,2010,2014,688.2,"CarenR_Dist",452.150846902277,NA,NA
6,69,2010,2015,868.9,"CarenR_Dist",487.196449712158,NA,NA
6,69,2010,2016,729.5,"CarenR_Dist",447.099315162492,NA,NA
6,69,2010,2017,967.1,"CarenR_Dist",449.736505838973,NA,NA
6,69,2010,2018,759.6,"CarenR_Dist",452.450586898965,NA,NA
6,69,2010,2019,816.4,"CarenR_Dist",485.897712190926,NA,NA
6,69,2010,2020,848.3,"CarenR_Dist",1234.3496953782,NA,NA
6,69,2010,2021,893.7,"CarenR_Dist",491.704857051034,NA,NA
6,69,2010,2011,807.1,"CarenR_Dist_FS",908.703572430053,NA,NA
6,69,2010,2012,649.5,"CarenR_Dist_FS",911.607144860108,NA,NA
6,69,2010,2013,787.3,"CarenR_Dist_FS",914.510717290162,NA,NA
6,69,2010,2014,688.2,"CarenR_Dist_FS",410.725295903897,NA,NA
6,69,2010,2015,868.9,"CarenR_Dist_FS",920.317862150271,NA,NA
6,69,2010,2016,729.5,"CarenR_Dist_FS",416.532440764005,NA,NA
6,69,2010,2017,967.1,"CarenR_Dist_FS",430.54271975161,NA,NA
6,69,2010,2018,759.6,"CarenR_Dist_FS",929.028579440434,NA,NA
6,69,2010,2019,816.4,"CarenR_Dist_FS",931.932151870489,NA,NA
6,69,2010,2020,848.3,"CarenR_Dist_FS",934.835724300542,NA,NA
6,69,2010,2021,893.7,"CarenR_Dist_FS",937.739296730597,NA,NA
6,69,2010,2011,807.1,"CarenR_Dist_Thresh",908.703572430053,NA,NA
6,69,2010,2012,649.5,"CarenR_Dist_Thresh",911.607144860108,NA,NA
6,69,2010,2013,787.3,"CarenR_Dist_Thresh",914.510717290162,NA,NA
6,69,2010,2014,688.2,"CarenR_Dist_Thresh",917.414289720217,NA,NA
6,69,2010,2015,868.9,"CarenR_Dist_Thresh",920.317862150271,NA,NA
6,69,2010,2016,729.5,"CarenR_Dist_Thresh",923.221434580325,NA,NA
6,69,2010,2017,967.1,"CarenR_Dist_Thresh",926.12500701038,NA,NA
6,69,2010,2018,759.6,"CarenR_Dist_Thresh",929.028579440434,NA,NA
6,69,2010,2019,816.4,"CarenR_Dist_Thresh",931.932151870489,NA,NA
6,69,2010,2020,848.3,"CarenR_Dist_Thresh",934.835724300542,NA,NA
6,69,2010,2021,893.7,"CarenR_Dist_Thresh",937.739296730597,NA,NA
6,69,2010,2011,807.1,"CarenR_Dist_Sup",908.703572430053,NA,NA
6,69,2010,2012,649.5,"CarenR_Dist_Sup",911.607144860108,NA,NA
6,69,2010,2013,787.3,"CarenR_Dist_Sup",914.510717290162,NA,NA
6,69,2010,2014,688.2,"CarenR_Dist_Sup",440.836297178748,NA,NA
6,69,2010,2015,868.9,"CarenR_Dist_Sup",920.317862150271,NA,NA
6,69,2010,2016,729.5,"CarenR_Dist_Sup",446.643442038857,NA,NA
6,69,2010,2017,967.1,"CarenR_Dist_Sup",449.547014468911,NA,NA
6,69,2010,2018,759.6,"CarenR_Dist_Sup",452.450586898965,NA,NA
6,69,2010,2019,816.4,"CarenR_Dist_Sup",931.932151870489,NA,NA
6,69,2010,2020,848.3,"CarenR_Dist_Sup",934.835724300542,NA,NA
6,69,2010,2021,893.7,"CarenR_Dist_Sup",937.739296730597,NA,NA
6,69,2010,2011,807.1,"CarenR_Dist_Sup_Thresh",908.703572430053,NA,NA
6,69,2010,2012,649.5,"CarenR_Dist_Sup_Thresh",911.607144860108,NA,NA
6,69,2010,2013,787.3,"CarenR_Dist_Sup_Thresh",914.510717290162,NA,NA
6,69,2010,2014,688.2,"CarenR_Dist_Sup_Thresh",917.414289720217,NA,NA
6,69,2010,2015,868.9,"CarenR_Dist_Sup_Thresh",920.317862150271,NA,NA
6,69,2010,2016,729.5,"CarenR_Dist_Sup_Thresh",923.221434580325,NA,NA
6,69,2010,2017,967.1,"CarenR_Dist_Sup_Thresh",926.12500701038,NA,NA
6,69,2010,2018,759.6,"CarenR_Dist_Sup_Thresh",929.028579440434,NA,NA
6,69,2010,2019,816.4,"CarenR_Dist_Sup_Thresh",931.932151870489,NA,NA
6,69,2010,2020,848.3,"CarenR_Dist_Sup_Thresh",934.835724300542,NA,NA
6,69,2010,2021,893.7,"CarenR_Dist_Sup_Thresh",937.739296730597,NA,NA
6,69,2010,2011,807.1,"CarenR_Dist_Eta2",908.703572430053,NA,NA
6,69,2010,2012,649.5,"CarenR_Dist_Eta2",911.607144860108,NA,NA
6,69,2010,2013,787.3,"CarenR_Dist_Eta2",914.510717290162,NA,NA
6,69,2010,2014,688.2,"CarenR_Dist_Eta2",410.725295903897,NA,NA
6,69,2010,2015,868.9,"CarenR_Dist_Eta2",920.317862150271,NA,NA
6,69,2010,2016,729.5,"CarenR_Dist_Eta2",416.532440764005,NA,NA
6,69,2010,2017,967.1,"CarenR_Dist_Eta2",419.43601319406,NA,NA
6,69,2010,2018,759.6,"CarenR_Dist_Eta2",929.028579440434,NA,NA
6,69,2010,2019,816.4,"CarenR_Dist_Eta2",931.932151870489,NA,NA
6,69,2010,2020,848.3,"CarenR_Dist_Eta2",934.835724300542,NA,NA
6,69,2010,2021,893.7,"CarenR_Dist_Eta2",937.739296730597,NA,NA
6,69,2010,2011,807.1,"CarenR_Dist_Lag",908.703572430053,NA,NA
6,69,2010,2012,649.5,"CarenR_Dist_Lag",911.607144860108,NA,NA
6,69,2010,2013,787.3,"CarenR_Dist_Lag",914.510717290162,NA,NA
6,69,2010,2014,688.2,"CarenR_Dist_Lag",917.414289720217,NA,NA
6,69,2010,2015,868.9,"CarenR_Dist_Lag",998.982127777826,NA,NA
6,69,2010,2016,729.5,"CarenR_Dist_Lag",923.221434580325,NA,NA
6,69,2010,2017,967.1,"CarenR_Dist_Lag",926.12500701038,NA,NA
6,69,2010,2018,759.6,"CarenR_Dist_Lag",929.028579440434,NA,NA
6,69,2010,2019,816.4,"CarenR_Dist_Lag",931.932151870489,NA,NA
6,69,2010,2020,848.3,"CarenR_Dist_Lag",934.835724300542,NA,NA
6,69,2010,2021,893.7,"CarenR_Dist_Lag",1016.40356235815,NA,NA
6,69,2010,2011,807.1,"CarenR_Dist_Conf",908.703572430053,NA,NA
6,69,2010,2012,649.5,"CarenR_Dist_Conf",911.607144860108,NA,NA
6,69,2010,2013,787.3,"CarenR_Dist_Conf",914.510717290162,NA,NA
6,69,2010,2014,688.2,"CarenR_Dist_Conf",917.414289720217,NA,NA
6,69,2010,2015,868.9,"CarenR_Dist_Conf",920.317862150271,NA,NA
6,69,2010,2016,729.5,"CarenR_Dist_Conf",923.221434580325,NA,NA
6,69,2010,2017,967.1,"CarenR_Dist_Conf",926.12500701038,NA,NA
6,69,2010,2018,759.6,"CarenR_Dist_Conf",929.028579440434,NA,NA
6,69,2010,2019,816.4,"CarenR_Dist_Conf",931.932151870489,NA,NA
6,69,2010,2020,848.3,"CarenR_Dist_Conf",934.835724300542,NA,NA
6,69,2010,2021,893.7,"CarenR_Dist_Conf",937.739296730597,NA,NA
6,69,2010,2011,807.1,"CarenR_Dist_Stack",887.804763206934,NA,NA
6,69,2010,2012,649.5,"CarenR_Dist_Stack",911.830508129844,NA,NA
6,69,2010,2013,787.3,"CarenR_Dist_Stack",956.15717447903,NA,NA
6,69,2010,2014,688.2,"CarenR_Dist_Stack",901.449183670818,NA,NA
6,69,2010,2015,868.9,"CarenR_Dist_Stack",965.46498779424,NA,NA
6,69,2010,2016,729.5,"CarenR_Dist_Stack",939.737544639857,NA,NA
6,69,2010,2017,967.1,"CarenR_Dist_Stack",964.072297065233,NA,NA
6,69,2010,2018,759.6,"CarenR_Dist_Stack",903.834384994151,NA,NA
6,69,2010,2019,816.4,"CarenR_Dist_Stack",943.421326405485,NA,NA
6,69,2010,2020,848.3,"CarenR_Dist_Stack",959.252125862074,NA,NA
6,69,2010,2021,893.7,"CarenR_Dist_Stack",897.299033507122,NA,NA
6,69,2010,2011,807.1,"CarenR_Dist_Sup_FS",908.703572430053,NA,NA
6,69,2010,2012,649.5,"CarenR_Dist_Sup_FS",911.607144860108,NA,NA
6,69,2010,2013,787.3,"CarenR_Dist_Sup_FS",914.510717290162,NA,NA
6,69,2010,2014,688.2,"CarenR_Dist_Sup_FS",917.414289720217,NA,NA
6,69,2010,2015,868.9,"CarenR_Dist_Sup_FS",920.317862150271,NA,NA
6,69,2010,2016,729.5,"CarenR_Dist_Sup_FS",923.221434580325,NA,NA
6,69,2010,2017,967.1,"CarenR_Dist_Sup_FS",926.12500701038,NA,NA
6,69,2010,2018,759.6,"CarenR_Dist_Sup_FS",929.028579440434,NA,NA
6,69,2010,2019,816.4,"CarenR_Dist_Sup_FS",931.932151870489,NA,NA
6,69,2010,2020,848.3,"CarenR_Dist_Sup_FS",934.835724300542,NA,NA
6,69,2010,2021,893.7,"CarenR_Dist_Sup_FS",937.739296730597,NA,NA
6,69,2010,2011,807.1,"M5Rules",854.055488397004,NA,NA
6,69,2010,2012,649.5,"M5Rules",858.106175056555,NA,NA
6,69,2010,2013,787.3,"M5Rules",1107.03503375745,NA,NA
6,69,2010,2014,688.2,"M5Rules",924.944873094582,NA,NA
6,69,2010,2015,868.9,"M5Rules",1283.32032709125,NA,NA
6,69,2010,2016,729.5,"M5Rules",327.800191655838,NA,NA
6,69,2010,2017,967.1,"M5Rules",782.696909391658,NA,NA
6,69,2010,2018,759.6,"M5Rules",809.411471625417,NA,NA
6,69,2010,2019,816.4,"M5Rules",1352.45103215304,NA,NA
6,69,2010,2020,848.3,"M5Rules",849.856123627286,NA,NA
6,69,2010,2021,893.7,"M5Rules",1127.61000252888,NA,NA
7,70,2011,2012,649.5,"Naive",862.277720044518,NA,NA
7,70,2011,2013,787.3,"Naive",864.594830773984,NA,NA
7,70,2011,2014,688.2,"Naive",866.911941503449,NA,NA
7,70,2011,2015,868.9,"Naive",869.229052232915,NA,NA
7,70,2011,2016,729.5,"Naive",871.54616296238,NA,NA
7,70,2011,2017,967.1,"Naive",873.863273691846,NA,NA
7,70,2011,2018,759.6,"Naive",876.180384421311,NA,NA
7,70,2011,2019,816.4,"Naive",878.497495150776,NA,NA
7,70,2011,2020,848.3,"Naive",880.814605880242,NA,NA
7,70,2011,2021,893.7,"Naive",883.131716609708,NA,NA
7,70,2011,2012,649.5,"Naive_Median",893.111906667011,NA,NA
7,70,2011,2013,787.3,"Naive_Median",895.429017396477,NA,NA
7,70,2011,2014,688.2,"Naive_Median",897.746128125943,NA,NA
7,70,2011,2015,868.9,"Naive_Median",900.063238855408,NA,NA
7,70,2011,2016,729.5,"Naive_Median",902.380349584874,NA,NA
7,70,2011,2017,967.1,"Naive_Median",904.697460314339,NA,NA
7,70,2011,2018,759.6,"Naive_Median",907.014571043804,NA,NA
7,70,2011,2019,816.4,"Naive_Median",909.33168177327,NA,NA
7,70,2011,2020,848.3,"Naive_Median",911.648792502735,NA,NA
7,70,2011,2021,893.7,"Naive_Median",913.965903232201,NA,NA
7,70,2011,2012,649.5,"Naive_MA",850.809169302878,NA,NA
7,70,2011,2013,787.3,"Naive_MA",853.126280032344,NA,NA
7,70,2011,2014,688.2,"Naive_MA",855.443390761809,NA,NA
7,70,2011,2015,868.9,"Naive_MA",857.760501491275,NA,NA
7,70,2011,2016,729.5,"Naive_MA",860.07761222074,NA,NA
7,70,2011,2017,967.1,"Naive_MA",862.394722950206,NA,NA
7,70,2011,2018,759.6,"Naive_MA",864.711833679671,NA,NA
7,70,2011,2019,816.4,"Naive_MA",867.028944409137,NA,NA
7,70,2011,2020,848.3,"Naive_MA",869.346055138602,NA,NA
7,70,2011,2021,893.7,"Naive_MA",871.663165868068,NA,NA
7,70,2011,2012,649.5,"DT",960.754763820907,NA,NA
7,70,2011,2013,787.3,"DT",986.827263536595,NA,NA
7,70,2011,2014,688.2,"DT",965.388985279838,NA,NA
7,70,2011,2015,868.9,"DT",967.706096009304,NA,NA
7,70,2011,2016,729.5,"DT",415.35302056772,NA,NA
7,70,2011,2017,967.1,"DT",863.249983417545,NA,NA
7,70,2011,2018,759.6,"DT",998.412817183922,NA,NA
7,70,2011,2019,816.4,"DT",867.884204876475,NA,NA
7,70,2011,2020,848.3,"DT",1457.22941200505,NA,NA
7,70,2011,2021,893.7,"DT",872.518426335407,NA,NA
7,70,2011,2012,649.5,"Ripper",1498.27941752761,1367.98448716315,1628.57434789207
7,70,2011,2013,787.3,"Ripper",1500.59652825708,1370.30159789261,1630.89145862154
7,70,2011,2014,688.2,"Ripper",1502.91363898654,1372.61870862208,1633.208569351
7,70,2011,2015,868.9,"Ripper",1505.23074971601,1374.93581935154,1635.52568008047
7,70,2011,2016,729.5,"Ripper",227.695278316091,80.6701723201777,374.720384312004
7,70,2011,2017,967.1,"Ripper",1509.86497117494,1379.57004081047,1640.1599015394
7,70,2011,2018,759.6,"Ripper",1512.1820819044,1381.88715153994,1642.47701226887
7,70,2011,2019,816.4,"Ripper",1514.49919263387,1384.2042622694,1644.79412299833
7,70,2011,2020,848.3,"Ripper",1516.81630336333,1386.52137299887,1647.1112337278
7,70,2011,2021,893.7,"Ripper",1519.1334140928,1388.83848372834,1649.42834445726
7,70,2011,2012,649.5,"CarenR_Dist",893.111906667011,NA,NA
7,70,2011,2013,787.3,"CarenR_Dist",481.878175160987,NA,NA
7,70,2011,2014,688.2,"CarenR_Dist",438.159870713999,NA,NA
7,70,2011,2015,868.9,"CarenR_Dist",478.991585001112,NA,NA
7,70,2011,2016,729.5,"CarenR_Dist",429.772782966748,NA,NA
7,70,2011,2017,967.1,"CarenR_Dist",429.288211353126,NA,NA
7,70,2011,2018,759.6,"CarenR_Dist",437.020425183857,NA,NA
7,70,2011,2019,816.4,"CarenR_Dist",461.51936438544,NA,NA
7,70,2011,2020,848.3,"CarenR_Dist",1216.30407325467,NA,NA
7,70,2011,2021,893.7,"CarenR_Dist",466.153585844371,NA,NA
7,70,2011,2012,649.5,"CarenR_Dist_FS",893.111906667011,NA,NA
7,70,2011,2013,787.3,"CarenR_Dist_FS",895.429017396477,NA,NA
7,70,2011,2014,688.2,"CarenR_Dist_FS",393.506625750951,NA,NA
7,70,2011,2015,868.9,"CarenR_Dist_FS",900.063238855408,NA,NA
7,70,2011,2016,729.5,"CarenR_Dist_FS",422.821720055518,NA,NA
7,70,2011,2017,967.1,"CarenR_Dist_FS",425.19890372381,NA,NA
7,70,2011,2018,759.6,"CarenR_Dist_FS",449.05170525438,NA,NA
7,70,2011,2019,816.4,"CarenR_Dist_FS",909.33168177327,NA,NA
7,70,2011,2020,848.3,"CarenR_Dist_FS",911.648792502735,NA,NA
7,70,2011,2021,893.7,"CarenR_Dist_FS",913.965903232201,NA,NA
7,70,2011,2012,649.5,"CarenR_Dist_Thresh",893.111906667011,NA,NA
7,70,2011,2013,787.3,"CarenR_Dist_Thresh",895.429017396477,NA,NA
7,70,2011,2014,688.2,"CarenR_Dist_Thresh",897.746128125943,NA,NA
7,70,2011,2015,868.9,"CarenR_Dist_Thresh",900.063238855408,NA,NA
7,70,2011,2016,729.5,"CarenR_Dist_Thresh",902.380349584874,NA,NA
7,70,2011,2017,967.1,"CarenR_Dist_Thresh",904.697460314339,NA,NA
7,70,2011,2018,759.6,"CarenR_Dist_Thresh",907.014571043804,NA,NA
7,70,2011,2019,816.4,"CarenR_Dist_Thresh",909.33168177327,NA,NA
7,70,2011,2020,848.3,"CarenR_Dist_Thresh",911.648792502735,NA,NA
7,70,2011,2021,893.7,"CarenR_Dist_Thresh",913.965903232201,NA,NA
7,70,2011,2012,649.5,"CarenR_Dist_Sup",893.111906667011,NA,NA
7,70,2011,2013,787.3,"CarenR_Dist_Sup",895.429017396477,NA,NA
7,70,2011,2014,688.2,"CarenR_Dist_Sup",422.404746679096,NA,NA
7,70,2011,2015,868.9,"CarenR_Dist_Sup",900.063238855408,NA,NA
7,70,2011,2016,729.5,"CarenR_Dist_Sup",427.038968138027,NA,NA
7,70,2011,2017,967.1,"CarenR_Dist_Sup",429.356078867493,NA,NA
7,70,2011,2018,759.6,"CarenR_Dist_Sup",431.673189596958,NA,NA
7,70,2011,2019,816.4,"CarenR_Dist_Sup",909.33168177327,NA,NA
7,70,2011,2020,848.3,"CarenR_Dist_Sup",911.648792502735,NA,NA
7,70,2011,2021,893.7,"CarenR_Dist_Sup",913.965903232201,NA,NA
7,70,2011,2012,649.5,"CarenR_Dist_Sup_Thresh",893.111906667011,NA,NA
7,70,2011,2013,787.3,"CarenR_Dist_Sup_Thresh",895.429017396477,NA,NA
7,70,2011,2014,688.2,"CarenR_Dist_Sup_Thresh",897.746128125943,NA,NA
7,70,2011,2015,868.9,"CarenR_Dist_Sup_Thresh",900.063238855408,NA,NA
7,70,2011,2016,729.5,"CarenR_Dist_Sup_Thresh",902.380349584874,NA,NA
7,70,2011,2017,967.1,"CarenR_Dist_Sup_Thresh",904.697460314339,NA,NA
7,70,2011,2018,759.6,"CarenR_Dist_Sup_Thresh",907.014571043804,NA,NA
7,70,2011,2019,816.4,"CarenR_Dist_Sup_Thresh",909.33168177327,NA,NA
7,70,2011,2020,848.3,"CarenR_Dist_Sup_Thresh",911.648792502735,NA,NA
7,70,2011,2021,893.7,"CarenR_Dist_Sup_Thresh",913.965903232201,NA,NA
7,70,2011,2012,649.5,"CarenR_Dist_Eta2",893.111906667011,NA,NA
7,70,2011,2013,787.3,"CarenR_Dist_Eta2",895.429017396477,NA,NA
7,70,2011,2014,688.2,"CarenR_Dist_Eta2",393.506625750951,NA,NA
7,70,2011,2015,868.9,"CarenR_Dist_Eta2",900.063238855408,NA,NA
7,70,2011,2016,729.5,"CarenR_Dist_Eta2",398.140847209883,NA,NA
7,70,2011,2017,967.1,"CarenR_Dist_Eta2",400.457957939348,NA,NA
7,70,2011,2018,759.6,"CarenR_Dist_Eta2",907.014571043804,NA,NA
7,70,2011,2019,816.4,"CarenR_Dist_Eta2",909.33168177327,NA,NA
7,70,2011,2020,848.3,"CarenR_Dist_Eta2",911.648792502735,NA,NA
7,70,2011,2021,893.7,"CarenR_Dist_Eta2",913.965903232201,NA,NA
7,70,2011,2012,649.5,"CarenR_Dist_Lag",893.111906667011,NA,NA
7,70,2011,2013,787.3,"CarenR_Dist_Lag",895.429017396477,NA,NA
7,70,2011,2014,688.2,"CarenR_Dist_Lag",897.746128125943,NA,NA
7,70,2011,2015,868.9,"CarenR_Dist_Lag",900.063238855408,NA,NA
7,70,2011,2016,729.5,"CarenR_Dist_Lag",902.380349584874,NA,NA
7,70,2011,2017,967.1,"CarenR_Dist_Lag",904.697460314339,NA,NA
7,70,2011,2018,759.6,"CarenR_Dist_Lag",907.014571043804,NA,NA
7,70,2011,2019,816.4,"CarenR_Dist_Lag",909.33168177327,NA,NA
7,70,2011,2020,848.3,"CarenR_Dist_Lag",911.648792502735,NA,NA
7,70,2011,2021,893.7,"CarenR_Dist_Lag",913.965903232201,NA,NA
7,70,2011,2012,649.5,"CarenR_Dist_Conf",893.111906667011,NA,NA
7,70,2011,2013,787.3,"CarenR_Dist_Conf",895.429017396477,NA,NA
7,70,2011,2014,688.2,"CarenR_Dist_Conf",897.746128125943,NA,NA
7,70,2011,2015,868.9,"CarenR_Dist_Conf",900.063238855408,NA,NA
7,70,2011,2016,729.5,"CarenR_Dist_Conf",902.380349584874,NA,NA
7,70,2011,2017,967.1,"CarenR_Dist_Conf",904.697460314339,NA,NA
7,70,2011,2018,759.6,"CarenR_Dist_Conf",907.014571043804,NA,NA
7,70,2011,2019,816.4,"CarenR_Dist_Conf",909.33168177327,NA,NA
7,70,2011,2020,848.3,"CarenR_Dist_Conf",911.648792502735,NA,NA
7,70,2011,2021,893.7,"CarenR_Dist_Conf",913.965903232201,NA,NA
7,70,2011,2012,649.5,"CarenR_Dist_Stack",885.095496055098,NA,NA
7,70,2011,2013,787.3,"CarenR_Dist_Stack",926.495399650727,NA,NA
7,70,2011,2014,688.2,"CarenR_Dist_Stack",870.671216465184,NA,NA
7,70,2011,2015,868.9,"CarenR_Dist_Stack",934.411589432271,NA,NA
7,70,2011,2016,729.5,"CarenR_Dist_Stack",909.009247164371,NA,NA
7,70,2011,2017,967.1,"CarenR_Dist_Stack",931.396692357933,NA,NA
7,70,2011,2018,759.6,"CarenR_Dist_Stack",871.819409364905,NA,NA
7,70,2011,2019,816.4,"CarenR_Dist_Stack",908.987888730483,NA,NA
7,70,2011,2020,848.3,"CarenR_Dist_Stack",924.323460651203,NA,NA
7,70,2011,2021,893.7,"CarenR_Dist_Stack",861.480213033152,NA,NA
7,70,2011,2012,649.5,"CarenR_Dist_Sup_FS",893.111906667011,NA,NA
7,70,2011,2013,787.3,"CarenR_Dist_Sup_FS",895.429017396477,NA,NA
7,70,2011,2014,688.2,"CarenR_Dist_Sup_FS",897.746128125943,NA,NA
7,70,2011,2015,868.9,"CarenR_Dist_Sup_FS",900.063238855408,NA,NA
7,70,2011,2016,729.5,"CarenR_Dist_Sup_FS",902.380349584874,NA,NA
7,70,2011,2017,967.1,"CarenR_Dist_Sup_FS",904.697460314339,NA,NA
7,70,2011,2018,759.6,"CarenR_Dist_Sup_FS",907.014571043804,NA,NA
7,70,2011,2019,816.4,"CarenR_Dist_Sup_FS",909.33168177327,NA,NA
7,70,2011,2020,848.3,"CarenR_Dist_Sup_FS",911.648792502735,NA,NA
7,70,2011,2021,893.7,"CarenR_Dist_Sup_FS",913.965903232201,NA,NA
7,70,2011,2012,649.5,"M5Rules",960.815331797748,NA,NA
7,70,2011,2013,787.3,"M5Rules",1021.24631320087,NA,NA
7,70,2011,2014,688.2,"M5Rules",858.067094136026,NA,NA
7,70,2011,2015,868.9,"M5Rules",1010.48925024991,NA,NA
7,70,2011,2016,729.5,"M5Rules",397.952123074611,NA,NA
7,70,2011,2017,967.1,"M5Rules",828.693912813832,NA,NA
7,70,2011,2018,759.6,"M5Rules",903.384860163973,NA,NA
7,70,2011,2019,816.4,"M5Rules",1245.34831234861,NA,NA
7,70,2011,2020,848.3,"M5Rules",806.674567661467,NA,NA
7,70,2011,2021,893.7,"M5Rules",1218.19316817169,NA,NA
8,71,2012,2013,787.3,"Naive",785.044082056307,NA,NA
8,71,2012,2014,688.2,"Naive",777.938234722998,NA,NA
8,71,2012,2015,868.9,"Naive",770.832387389691,NA,NA
8,71,2012,2016,729.5,"Naive",763.726540056383,NA,NA
8,71,2012,2017,967.1,"Naive",756.620692723076,NA,NA
8,71,2012,2018,759.6,"Naive",749.514845389767,NA,NA
8,71,2012,2019,816.4,"Naive",742.40899805646,NA,NA
8,71,2012,2020,848.3,"Naive",735.303150723152,NA,NA
8,71,2012,2021,893.7,"Naive",728.197303389845,NA,NA
8,71,2012,2013,787.3,"Naive_Median",832.068154918582,NA,NA
8,71,2012,2014,688.2,"Naive_Median",824.962307585273,NA,NA
8,71,2012,2015,868.9,"Naive_Median",817.856460251966,NA,NA
8,71,2012,2016,729.5,"Naive_Median",810.750612918657,NA,NA
8,71,2012,2017,967.1,"Naive_Median",803.64476558535,NA,NA
8,71,2012,2018,759.6,"Naive_Median",796.538918252042,NA,NA
8,71,2012,2019,816.4,"Naive_Median",789.433070918735,NA,NA
8,71,2012,2020,848.3,"Naive_Median",782.327223585426,NA,NA
8,71,2012,2021,893.7,"Naive_Median",775.221376252119,NA,NA
8,71,2012,2013,787.3,"Naive_MA",793.651249134861,NA,NA
8,71,2012,2014,688.2,"Naive_MA",786.545401801552,NA,NA
8,71,2012,2015,868.9,"Naive_MA",779.439554468245,NA,NA
8,71,2012,2016,729.5,"Naive_MA",772.333707134936,NA,NA
8,71,2012,2017,967.1,"Naive_MA",765.227859801629,NA,NA
8,71,2012,2018,759.6,"Naive_MA",758.122012468321,NA,NA
8,71,2012,2019,816.4,"Naive_MA",751.016165135014,NA,NA
8,71,2012,2020,848.3,"Naive_MA",743.910317801705,NA,NA
8,71,2012,2021,893.7,"Naive_MA",736.804470468398,NA,NA
8,71,2012,2013,787.3,"DT",919.063368274641,NA,NA
8,71,2012,2014,688.2,"DT",1029.0149914842,NA,NA
8,71,2012,2015,868.9,"DT",1021.9091441509,NA,NA
8,71,2012,2016,729.5,"DT",305.776094707673,NA,NA
8,71,2012,2017,967.1,"DT",860.111459458924,NA,NA
8,71,2012,2018,759.6,"DT",883.534131608101,NA,NA
8,71,2012,2019,816.4,"DT",845.899764792308,NA,NA
8,71,2012,2020,848.3,"DT",1310.17105606737,NA,NA
8,71,2012,2021,893.7,"DT",831.688070125693,NA,NA
8,71,2012,2013,787.3,"Ripper",1420.54674039831,1291.43259710107,1549.66088369555
8,71,2012,2014,688.2,"Ripper",1413.440893065,1284.32674976776,1542.55503636224
8,71,2012,2015,868.9,"Ripper",1406.3350457317,1277.22090243446,1535.44918902894
8,71,2012,2016,729.5,"Ripper",115.390110285986,-30.7490804447087,261.529301016682
8,71,2012,2017,967.1,"Ripper",1392.12335106508,1263.00920776784,1521.23749436232
8,71,2012,2018,759.6,"Ripper",1385.01750373177,1255.90336043453,1514.13164702901
8,71,2012,2019,816.4,"Ripper",1377.91165639847,1248.79751310123,1507.02579969571
8,71,2012,2020,848.3,"Ripper",1370.80580906516,1241.69166576792,1499.9199523624
8,71,2012,2021,893.7,"Ripper",1363.69996173185,1234.58581843461,1492.81410502909
8,71,2012,2013,787.3,"CarenR_Dist",397.03555562311,NA,NA
8,71,2012,2014,688.2,"CarenR_Dist",336.729196540735,NA,NA
8,71,2012,2015,868.9,"CarenR_Dist",367.542525491525,NA,NA
8,71,2012,2016,729.5,"CarenR_Dist",314.305514028325,NA,NA
8,71,2012,2017,967.1,"CarenR_Dist",310.704284676196,NA,NA
8,71,2012,2018,759.6,"CarenR_Dist",305.112510130388,NA,NA
8,71,2012,2019,816.4,"CarenR_Dist",325.535726856098,NA,NA
8,71,2012,2020,848.3,"CarenR_Dist",1069.50736605134,NA,NA
8,71,2012,2021,893.7,"CarenR_Dist",311.324032189482,NA,NA
8,71,2012,2013,787.3,"CarenR_Dist_FS",832.068154918582,NA,NA
8,71,2012,2014,688.2,"CarenR_Dist_FS",338.02581440463,NA,NA
8,71,2012,2015,868.9,"CarenR_Dist_FS",817.856460251966,NA,NA
8,71,2012,2016,729.5,"CarenR_Dist_FS",287.061192712647,NA,NA
8,71,2012,2017,967.1,"CarenR_Dist_FS",316.708272404708,NA,NA
8,71,2012,2018,759.6,"CarenR_Dist_FS",796.538918252042,NA,NA
8,71,2012,2019,816.4,"CarenR_Dist_FS",789.433070918735,NA,NA
8,71,2012,2020,848.3,"CarenR_Dist_FS",782.327223585426,NA,NA
8,71,2012,2021,893.7,"CarenR_Dist_FS",775.221376252119,NA,NA
8,71,2012,2013,787.3,"CarenR_Dist_Thresh",832.068154918582,NA,NA
8,71,2012,2014,688.2,"CarenR_Dist_Thresh",824.962307585273,NA,NA
8,71,2012,2015,868.9,"CarenR_Dist_Thresh",817.856460251966,NA,NA
8,71,2012,2016,729.5,"CarenR_Dist_Thresh",810.750612918657,NA,NA
8,71,2012,2017,967.1,"CarenR_Dist_Thresh",803.64476558535,NA,NA
8,71,2012,2018,759.6,"CarenR_Dist_Thresh",796.538918252042,NA,NA
8,71,2012,2019,816.4,"CarenR_Dist_Thresh",789.433070918735,NA,NA
8,71,2012,2020,848.3,"CarenR_Dist_Thresh",782.327223585426,NA,NA
8,71,2012,2021,893.7,"CarenR_Dist_Thresh",775.221376252119,NA,NA
8,71,2012,2013,787.3,"CarenR_Dist_Sup",832.068154918582,NA,NA
8,71,2012,2014,688.2,"CarenR_Dist_Sup",333.535899463619,NA,NA
8,71,2012,2015,868.9,"CarenR_Dist_Sup",817.856460251966,NA,NA
8,71,2012,2016,729.5,"CarenR_Dist_Sup",319.324204797003,NA,NA
8,71,2012,2017,967.1,"CarenR_Dist_Sup",312.218357463696,NA,NA
8,71,2012,2018,759.6,"CarenR_Dist_Sup",796.538918252042,NA,NA
8,71,2012,2019,816.4,"CarenR_Dist_Sup",789.433070918735,NA,NA
8,71,2012,2020,848.3,"CarenR_Dist_Sup",782.327223585426,NA,NA
8,71,2012,2021,893.7,"CarenR_Dist_Sup",775.221376252119,NA,NA
8,71,2012,2013,787.3,"CarenR_Dist_Sup_Thresh",832.068154918582,NA,NA
8,71,2012,2014,688.2,"CarenR_Dist_Sup_Thresh",824.962307585273,NA,NA
8,71,2012,2015,868.9,"CarenR_Dist_Sup_Thresh",817.856460251966,NA,NA
8,71,2012,2016,729.5,"CarenR_Dist_Sup_Thresh",810.750612918657,NA,NA
8,71,2012,2017,967.1,"CarenR_Dist_Sup_Thresh",803.64476558535,NA,NA
8,71,2012,2018,759.6,"CarenR_Dist_Sup_Thresh",796.538918252042,NA,NA
8,71,2012,2019,816.4,"CarenR_Dist_Sup_Thresh",789.433070918735,NA,NA
8,71,2012,2020,848.3,"CarenR_Dist_Sup_Thresh",782.327223585426,NA,NA
8,71,2012,2021,893.7,"CarenR_Dist_Sup_Thresh",775.221376252119,NA,NA
8,71,2012,2013,787.3,"CarenR_Dist_Eta2",832.068154918582,NA,NA
8,71,2012,2014,688.2,"CarenR_Dist_Eta2",301.272887379262,NA,NA
8,71,2012,2015,868.9,"CarenR_Dist_Eta2",817.856460251966,NA,NA
8,71,2012,2016,729.5,"CarenR_Dist_Eta2",287.061192712647,NA,NA
8,71,2012,2017,967.1,"CarenR_Dist_Eta2",279.95534537934,NA,NA
8,71,2012,2018,759.6,"CarenR_Dist_Eta2",796.538918252042,NA,NA
8,71,2012,2019,816.4,"CarenR_Dist_Eta2",789.433070918735,NA,NA
8,71,2012,2020,848.3,"CarenR_Dist_Eta2",782.327223585426,NA,NA
8,71,2012,2021,893.7,"CarenR_Dist_Eta2",775.221376252119,NA,NA
8,71,2012,2013,787.3,"CarenR_Dist_Lag",832.068154918582,NA,NA
8,71,2012,2014,688.2,"CarenR_Dist_Lag",342.319652271039,NA,NA
8,71,2012,2015,868.9,"CarenR_Dist_Lag",817.856460251966,NA,NA
8,71,2012,2016,729.5,"CarenR_Dist_Lag",810.750612918657,NA,NA
8,71,2012,2017,967.1,"CarenR_Dist_Lag",803.64476558535,NA,NA
8,71,2012,2018,759.6,"CarenR_Dist_Lag",313.896262937808,NA,NA
8,71,2012,2019,816.4,"CarenR_Dist_Lag",789.433070918735,NA,NA
8,71,2012,2020,848.3,"CarenR_Dist_Lag",782.327223585426,NA,NA
8,71,2012,2021,893.7,"CarenR_Dist_Lag",775.221376252119,NA,NA
8,71,2012,2013,787.3,"CarenR_Dist_Conf",832.068154918582,NA,NA
8,71,2012,2014,688.2,"CarenR_Dist_Conf",824.962307585273,NA,NA
8,71,2012,2015,868.9,"CarenR_Dist_Conf",817.856460251966,NA,NA
8,71,2012,2016,729.5,"CarenR_Dist_Conf",810.750612918657,NA,NA
8,71,2012,2017,967.1,"CarenR_Dist_Conf",803.64476558535,NA,NA
8,71,2012,2018,759.6,"CarenR_Dist_Conf",796.538918252042,NA,NA
8,71,2012,2019,816.4,"CarenR_Dist_Conf",789.433070918735,NA,NA
8,71,2012,2020,848.3,"CarenR_Dist_Conf",782.327223585426,NA,NA
8,71,2012,2021,893.7,"CarenR_Dist_Conf",775.221376252119,NA,NA
8,71,2012,2013,787.3,"CarenR_Dist_Stack",812.790594423283,NA,NA
8,71,2012,2014,688.2,"CarenR_Dist_Stack",741.700912873288,NA,NA
8,71,2012,2015,868.9,"CarenR_Dist_Stack",789.092139106382,NA,NA
8,71,2012,2016,729.5,"CarenR_Dist_Stack",749.981682496242,NA,NA
8,71,2012,2017,967.1,"CarenR_Dist_Stack",756.946463053321,NA,NA
8,71,2012,2018,759.6,"CarenR_Dist_Stack",683.07387554418,NA,NA
8,71,2012,2019,816.4,"CarenR_Dist_Stack",704.616037642688,NA,NA
8,71,2012,2020,848.3,"CarenR_Dist_Stack",705.13019066528,NA,NA
8,71,2012,2021,893.7,"CarenR_Dist_Stack",627.356927497937,NA,NA
8,71,2012,2013,787.3,"CarenR_Dist_Sup_FS",832.068154918582,NA,NA
8,71,2012,2014,688.2,"CarenR_Dist_Sup_FS",824.962307585273,NA,NA
8,71,2012,2015,868.9,"CarenR_Dist_Sup_FS",817.856460251966,NA,NA
8,71,2012,2016,729.5,"CarenR_Dist_Sup_FS",810.750612918657,NA,NA
8,71,2012,2017,967.1,"CarenR_Dist_Sup_FS",803.64476558535,NA,NA
8,71,2012,2018,759.6,"CarenR_Dist_Sup_FS",796.538918252042,NA,NA
8,71,2012,2019,816.4,"CarenR_Dist_Sup_FS",789.433070918735,NA,NA
8,71,2012,2020,848.3,"CarenR_Dist_Sup_FS",782.327223585426,NA,NA
8,71,2012,2021,893.7,"CarenR_Dist_Sup_FS",775.221376252119,NA,NA
8,71,2012,2013,787.3,"M5Rules",942.75661265133,NA,NA
8,71,2012,2014,688.2,"M5Rules",765.794666473402,NA,NA
8,71,2012,2015,868.9,"M5Rules",913.754558121275,NA,NA
8,71,2012,2016,729.5,"M5Rules",292.484182724226,NA,NA
8,71,2012,2017,967.1,"M5Rules",707.763202399935,NA,NA
8,71,2012,2018,759.6,"M5Rules",772.531905281341,NA,NA
8,71,2012,2019,816.4,"M5Rules",1104.4450433571,NA,NA
8,71,2012,2020,848.3,"M5Rules",662.359634610834,NA,NA
8,71,2012,2021,893.7,"M5Rules",1060.69280639043,NA,NA
9,72,2013,2014,688.2,"Naive",778.301194163962,NA,NA
9,72,2013,2015,868.9,"Naive",771.591497621065,NA,NA
9,72,2013,2016,729.5,"Naive",764.881801078166,NA,NA
9,72,2013,2017,967.1,"Naive",758.172104535268,NA,NA
9,72,2013,2018,759.6,"Naive",751.462407992369,NA,NA
9,72,2013,2019,816.4,"Naive",744.752711449472,NA,NA
9,72,2013,2020,848.3,"Naive",738.043014906573,NA,NA
9,72,2013,2021,893.7,"Naive",731.333318363674,NA,NA
9,72,2013,2014,688.2,"Naive_Median",811.395358694305,NA,NA
9,72,2013,2015,868.9,"Naive_Median",804.685662151408,NA,NA
9,72,2013,2016,729.5,"Naive_Median",797.975965608509,NA,NA
9,72,2013,2017,967.1,"Naive_Median",791.266269065611,NA,NA
9,72,2013,2018,759.6,"Naive_Median",784.556572522712,NA,NA
9,72,2013,2019,816.4,"Naive_Median",777.846875979815,NA,NA
9,72,2013,2020,848.3,"Naive_Median",771.137179436916,NA,NA
9,72,2013,2021,893.7,"Naive_Median",764.427482894017,NA,NA
9,72,2013,2014,688.2,"Naive_MA",792.59598812899,NA,NA
9,72,2013,2015,868.9,"Naive_MA",785.886291586093,NA,NA
9,72,2013,2016,729.5,"Naive_MA",779.176595043194,NA,NA
9,72,2013,2017,967.1,"Naive_MA",772.466898500297,NA,NA
9,72,2013,2018,759.6,"Naive_MA",765.757201957398,NA,NA
9,72,2013,2019,816.4,"Naive_MA",759.0475054145,NA,NA
9,72,2013,2020,848.3,"Naive_MA",752.337808871601,NA,NA
9,72,2013,2021,893.7,"Naive_MA",745.628112328702,NA,NA
9,72,2013,2014,688.2,"DT",777.62946055144,NA,NA
9,72,2013,2015,868.9,"DT",770.919764008543,NA,NA
9,72,2013,2016,729.5,"DT",307.111432723318,NA,NA
9,72,2013,2017,967.1,"DT",757.500370922746,NA,NA
9,72,2013,2018,759.6,"DT",1124.22952742236,NA,NA
9,72,2013,2019,816.4,"DT",744.08097783695,NA,NA
9,72,2013,2020,848.3,"DT",1307.70468483554,NA,NA
9,72,2013,2021,893.7,"DT",730.661584751152,NA,NA
9,72,2013,2014,688.2,"Ripper",932.724475273311,890.642504681597,974.806445865024
9,72,2013,2015,868.9,"Ripper",926.014778730414,883.9328081387,968.096749322127
9,72,2013,2016,729.5,"Ripper",116.530332596049,-29.7148862919659,262.775551484063
9,72,2013,2017,967.1,"Ripper",912.595385644617,870.513415052904,954.67735623633
9,72,2013,2018,759.6,"Ripper",905.885689101718,863.803718510005,947.967659693431
9,72,2013,2019,816.4,"Ripper",899.175992558821,857.094021967107,941.257963150534
9,72,2013,2020,848.3,"Ripper",892.466296015922,850.384325424208,934.548266607635
9,72,2013,2021,893.7,"Ripper",885.756599473023,843.674628881309,927.838570064736
9,72,2013,2014,688.2,"CarenR_Dist",366.738539059435,NA,NA
9,72,2013,2015,868.9,"CarenR_Dist",373.509667741814,NA,NA
9,72,2013,2016,729.5,"CarenR_Dist",645.006929264018,NA,NA
9,72,2013,2017,967.1,"CarenR_Dist",332.722192665352,NA,NA
9,72,2013,2018,759.6,"CarenR_Dist",631.587536178222,NA,NA
9,72,2013,2019,816.4,"CarenR_Dist",327.431994256168,NA,NA
9,72,2013,2020,848.3,"CarenR_Dist",1000.13535080192,NA,NA
9,72,2013,2021,893.7,"CarenR_Dist",314.01260117037,NA,NA
9,72,2013,2014,688.2,"CarenR_Dist_FS",368.208444226486,NA,NA
9,72,2013,2015,868.9,"CarenR_Dist_FS",804.685662151408,NA,NA
9,72,2013,2016,729.5,"CarenR_Dist_FS",797.975965608509,NA,NA
9,72,2013,2017,967.1,"CarenR_Dist_FS",348.079354597792,NA,NA
9,72,2013,2018,759.6,"CarenR_Dist_FS",784.556572522712,NA,NA
9,72,2013,2019,816.4,"CarenR_Dist_FS",777.846875979815,NA,NA
9,72,2013,2020,848.3,"CarenR_Dist_FS",771.137179436916,NA,NA
9,72,2013,2021,893.7,"CarenR_Dist_FS",764.427482894017,NA,NA
9,72,2013,2014,688.2,"CarenR_Dist_Thresh",811.395358694305,NA,NA
9,72,2013,2015,868.9,"CarenR_Dist_Thresh",804.685662151408,NA,NA
9,72,2013,2016,729.5,"CarenR_Dist_Thresh",797.975965608509,NA,NA
9,72,2013,2017,967.1,"CarenR_Dist_Thresh",791.266269065611,NA,NA
9,72,2013,2018,759.6,"CarenR_Dist_Thresh",784.556572522712,NA,NA
9,72,2013,2019,816.4,"CarenR_Dist_Thresh",777.846875979815,NA,NA
9,72,2013,2020,848.3,"CarenR_Dist_Thresh",771.137179436916,NA,NA
9,72,2013,2021,893.7,"CarenR_Dist_Thresh",764.427482894017,NA,NA
9,72,2013,2014,688.2,"CarenR_Dist_Sup",811.395358694305,NA,NA
9,72,2013,2015,868.9,"CarenR_Dist_Sup",804.685662151408,NA,NA
9,72,2013,2016,729.5,"CarenR_Dist_Sup",797.975965608509,NA,NA
9,72,2013,2017,967.1,"CarenR_Dist_Sup",791.266269065611,NA,NA
9,72,2013,2018,759.6,"CarenR_Dist_Sup",784.556572522712,NA,NA
9,72,2013,2019,816.4,"CarenR_Dist_Sup",777.846875979815,NA,NA
9,72,2013,2020,848.3,"CarenR_Dist_Sup",771.137179436916,NA,NA
9,72,2013,2021,893.7,"CarenR_Dist_Sup",764.427482894017,NA,NA
9,72,2013,2014,688.2,"CarenR_Dist_Sup_Thresh",811.395358694305,NA,NA
9,72,2013,2015,868.9,"CarenR_Dist_Sup_Thresh",804.685662151408,NA,NA
9,72,2013,2016,729.5,"CarenR_Dist_Sup_Thresh",797.975965608509,NA,NA
9,72,2013,2017,967.1,"CarenR_Dist_Sup_Thresh",791.266269065611,NA,NA
9,72,2013,2018,759.6,"CarenR_Dist_Sup_Thresh",784.556572522712,NA,NA
9,72,2013,2019,816.4,"CarenR_Dist_Sup_Thresh",777.846875979815,NA,NA
9,72,2013,2020,848.3,"CarenR_Dist_Sup_Thresh",771.137179436916,NA,NA
9,72,2013,2021,893.7,"CarenR_Dist_Sup_Thresh",764.427482894017,NA,NA
9,72,2013,2014,688.2,"CarenR_Dist_Eta2",811.395358694305,NA,NA
9,72,2013,2015,868.9,"CarenR_Dist_Eta2",804.685662151408,NA,NA
9,72,2013,2016,729.5,"CarenR_Dist_Eta2",797.975965608509,NA,NA
9,72,2013,2017,967.1,"CarenR_Dist_Eta2",791.266269065611,NA,NA
9,72,2013,2018,759.6,"CarenR_Dist_Eta2",784.556572522712,NA,NA
9,72,2013,2019,816.4,"CarenR_Dist_Eta2",777.846875979815,NA,NA
9,72,2013,2020,848.3,"CarenR_Dist_Eta2",771.137179436916,NA,NA
9,72,2013,2021,893.7,"CarenR_Dist_Eta2",764.427482894017,NA,NA
9,72,2013,2014,688.2,"CarenR_Dist_Lag",344.745257666272,NA,NA
9,72,2013,2015,868.9,"CarenR_Dist_Lag",804.685662151408,NA,NA
9,72,2013,2016,729.5,"CarenR_Dist_Lag",797.975965608509,NA,NA
9,72,2013,2017,967.1,"CarenR_Dist_Lag",791.266269065611,NA,NA
9,72,2013,2018,759.6,"CarenR_Dist_Lag",317.906471494679,NA,NA
9,72,2013,2019,816.4,"CarenR_Dist_Lag",777.846875979815,NA,NA
9,72,2013,2020,848.3,"CarenR_Dist_Lag",771.137179436916,NA,NA
9,72,2013,2021,893.7,"CarenR_Dist_Lag",764.427482894017,NA,NA
9,72,2013,2014,688.2,"CarenR_Dist_Conf",811.395358694305,NA,NA
9,72,2013,2015,868.9,"CarenR_Dist_Conf",804.685662151408,NA,NA
9,72,2013,2016,729.5,"CarenR_Dist_Conf",797.975965608509,NA,NA
9,72,2013,2017,967.1,"CarenR_Dist_Conf",791.266269065611,NA,NA
9,72,2013,2018,759.6,"CarenR_Dist_Conf",784.556572522712,NA,NA
9,72,2013,2019,816.4,"CarenR_Dist_Conf",777.846875979815,NA,NA
9,72,2013,2020,848.3,"CarenR_Dist_Conf",771.137179436916,NA,NA
9,72,2013,2021,893.7,"CarenR_Dist_Conf",764.427482894017,NA,NA
9,72,2013,2014,688.2,"CarenR_Dist_Stack",741.716076829555,NA,NA
9,72,2013,2015,868.9,"CarenR_Dist_Stack",789.31312898983,NA,NA
9,72,2013,2016,729.5,"CarenR_Dist_Stack",750.284094468127,NA,NA
9,72,2013,2017,967.1,"CarenR_Dist_Stack",758.495190905512,NA,NA
9,72,2013,2018,759.6,"CarenR_Dist_Stack",685.285758255907,NA,NA
9,72,2013,2019,816.4,"CarenR_Dist_Stack",707.417228673951,NA,NA
9,72,2013,2020,848.3,"CarenR_Dist_Stack",708.584071062003,NA,NA
9,72,2013,2021,893.7,"CarenR_Dist_Stack",631.413524873947,NA,NA
9,72,2013,2014,688.2,"CarenR_Dist_Sup_FS",811.395358694305,NA,NA
9,72,2013,2015,868.9,"CarenR_Dist_Sup_FS",804.685662151408,NA,NA
9,72,2013,2016,729.5,"CarenR_Dist_Sup_FS",797.975965608509,NA,NA
9,72,2013,2017,967.1,"CarenR_Dist_Sup_FS",791.266269065611,NA,NA
9,72,2013,2018,759.6,"CarenR_Dist_Sup_FS",784.556572522712,NA,NA
9,72,2013,2019,816.4,"CarenR_Dist_Sup_FS",777.846875979815,NA,NA
9,72,2013,2020,848.3,"CarenR_Dist_Sup_FS",771.137179436916,NA,NA
9,72,2013,2021,893.7,"CarenR_Dist_Sup_FS",764.427482894017,NA,NA
9,72,2013,2014,688.2,"M5Rules",764.847582826468,NA,NA
9,72,2013,2015,868.9,"M5Rules",910.020446153209,NA,NA
9,72,2013,2016,729.5,"M5Rules",293.73328870037,NA,NA
9,72,2013,2017,967.1,"M5Rules",708.44861077112,NA,NA
9,72,2013,2018,759.6,"M5Rules",773.241720285115,NA,NA
9,72,2013,2019,816.4,"M5Rules",1103.11621275015,NA,NA
9,72,2013,2020,848.3,"M5Rules",662.49769492739,NA,NA
9,72,2013,2021,893.7,"M5Rules",1059.5031234633,NA,NA
10,73,2014,2015,868.9,"Naive",737.70165417895,NA,NA
10,73,2014,2016,729.5,"Naive",727.580881315328,NA,NA
10,73,2014,2017,967.1,"Naive",717.460108451703,NA,NA
10,73,2014,2018,759.6,"Naive",707.339335588077,NA,NA
10,73,2014,2019,816.4,"Naive",697.218562724455,NA,NA
10,73,2014,2020,848.3,"Naive",687.09778986083,NA,NA
10,73,2014,2021,893.7,"Naive",676.977016997208,NA,NA
10,73,2014,2015,868.9,"Naive_Median",769.071891946834,NA,NA
10,73,2014,2016,729.5,"Naive_Median",758.951119083212,NA,NA
10,73,2014,2017,967.1,"Naive_Median",748.830346219587,NA,NA
10,73,2014,2018,759.6,"Naive_Median",738.709573355961,NA,NA
10,73,2014,2019,816.4,"Naive_Median",728.58880049234,NA,NA
10,73,2014,2020,848.3,"Naive_Median",718.468027628714,NA,NA
10,73,2014,2021,893.7,"Naive_Median",708.347254765092,NA,NA
10,73,2014,2015,868.9,"Naive_MA",746.720632502855,NA,NA
10,73,2014,2016,729.5,"Naive_MA",736.599859639233,NA,NA
10,73,2014,2017,967.1,"Naive_MA",726.479086775608,NA,NA
10,73,2014,2018,759.6,"Naive_MA",716.358313911982,NA,NA
10,73,2014,2019,816.4,"Naive_MA",706.23754104836,NA,NA
10,73,2014,2020,848.3,"Naive_MA",696.116768184735,NA,NA
10,73,2014,2021,893.7,"Naive_MA",685.995995321113,NA,NA
10,73,2014,2015,868.9,"DT",617.561381771758,NA,NA
10,73,2014,2016,729.5,"DT",268.40629125047,NA,NA
10,73,2014,2017,967.1,"DT",1099.7025517381,NA,NA
10,73,2014,2018,759.6,"DT",748.577369570533,NA,NA
10,73,2014,2019,816.4,"DT",738.456596706911,NA,NA
10,73,2014,2020,848.3,"DT",1035.33489874666,NA,NA
10,73,2014,2021,893.7,"DT",1059.21946028361,NA,NA
10,73,2014,2015,868.9,"Ripper",102.111767029585,-38.6001139504381,242.823648009608
10,73,2014,2016,729.5,"Ripper",91.9909941659633,-48.7208868140599,232.702875145987
10,73,2014,2017,967.1,"Ripper",81.8702213023379,-58.8416596776854,222.582102282361
10,73,2014,2018,759.6,"Ripper",71.7494484387124,-68.9624325413108,212.461329418736
10,73,2014,2019,816.4,"Ripper",61.6286755750906,-79.0832054049326,202.340556555114
10,73,2014,2020,848.3,"Ripper",1321.625190674,1194.31759467031,1448.9327866777
10,73,2014,2021,893.7,"Ripper",41.3871298478433,-99.3247511321799,182.099010827867
10,73,2014,2015,868.9,"CarenR_Dist",492.632150252705,NA,NA
10,73,2014,2016,729.5,"CarenR_Dist",298.800549875745,NA,NA
10,73,2014,2017,967.1,"CarenR_Dist",303.175288786954,NA,NA
10,73,2014,2018,759.6,"CarenR_Dist",277.022949590901,NA,NA
10,73,2014,2019,816.4,"CarenR_Dist",288.308068839383,NA,NA
10,73,2014,2020,848.3,"CarenR_Dist",975.948288872183,NA,NA
10,73,2014,2021,893.7,"CarenR_Dist",268.066523112136,NA,NA
10,73,2014,2015,868.9,"CarenR_Dist_FS",769.071891946834,NA,NA
10,73,2014,2016,729.5,"CarenR_Dist_FS",283.975943256208,NA,NA
10,73,2014,2017,967.1,"CarenR_Dist_FS",321.56113781266,NA,NA
10,73,2014,2018,759.6,"CarenR_Dist_FS",281.744837556807,NA,NA
10,73,2014,2019,816.4,"CarenR_Dist_FS",728.58880049234,NA,NA
10,73,2014,2020,848.3,"CarenR_Dist_FS",718.468027628714,NA,NA
10,73,2014,2021,893.7,"CarenR_Dist_FS",708.347254765092,NA,NA
10,73,2014,2015,868.9,"CarenR_Dist_Thresh",769.071891946834,NA,NA
10,73,2014,2016,729.5,"CarenR_Dist_Thresh",758.951119083212,NA,NA
10,73,2014,2017,967.1,"CarenR_Dist_Thresh",748.830346219587,NA,NA
10,73,2014,2018,759.6,"CarenR_Dist_Thresh",738.709573355961,NA,NA
10,73,2014,2019,816.4,"CarenR_Dist_Thresh",728.58880049234,NA,NA
10,73,2014,2020,848.3,"CarenR_Dist_Thresh",718.468027628714,NA,NA
10,73,2014,2021,893.7,"CarenR_Dist_Thresh",708.347254765092,NA,NA
10,73,2014,2015,868.9,"CarenR_Dist_Sup",769.071891946834,NA,NA
10,73,2014,2016,729.5,"CarenR_Dist_Sup",301.986383284058,NA,NA
10,73,2014,2017,967.1,"CarenR_Dist_Sup",291.865610420432,NA,NA
10,73,2014,2018,759.6,"CarenR_Dist_Sup",281.744837556807,NA,NA
10,73,2014,2019,816.4,"CarenR_Dist_Sup",728.58880049234,NA,NA
10,73,2014,2020,848.3,"CarenR_Dist_Sup",718.468027628714,NA,NA
10,73,2014,2021,893.7,"CarenR_Dist_Sup",708.347254765092,NA,NA
10,73,2014,2015,868.9,"CarenR_Dist_Sup_Thresh",769.071891946834,NA,NA
10,73,2014,2016,729.5,"CarenR_Dist_Sup_Thresh",758.951119083212,NA,NA
10,73,2014,2017,967.1,"CarenR_Dist_Sup_Thresh",748.830346219587,NA,NA
10,73,2014,2018,759.6,"CarenR_Dist_Sup_Thresh",738.709573355961,NA,NA
10,73,2014,2019,816.4,"CarenR_Dist_Sup_Thresh",728.58880049234,NA,NA
10,73,2014,2020,848.3,"CarenR_Dist_Sup_Thresh",718.468027628714,NA,NA
10,73,2014,2021,893.7,"CarenR_Dist_Sup_Thresh",708.347254765092,NA,NA
10,73,2014,2015,868.9,"CarenR_Dist_Eta2",769.071891946834,NA,NA
10,73,2014,2016,729.5,"CarenR_Dist_Eta2",264.764807226501,NA,NA
10,73,2014,2017,967.1,"CarenR_Dist_Eta2",254.644034362876,NA,NA
10,73,2014,2018,759.6,"CarenR_Dist_Eta2",738.709573355961,NA,NA
10,73,2014,2019,816.4,"CarenR_Dist_Eta2",728.58880049234,NA,NA
10,73,2014,2020,848.3,"CarenR_Dist_Eta2",718.468027628714,NA,NA
10,73,2014,2021,893.7,"CarenR_Dist_Eta2",708.347254765092,NA,NA
10,73,2014,2015,868.9,"CarenR_Dist_Lag",995.916951584281,NA,NA
10,73,2014,2016,729.5,"CarenR_Dist_Lag",985.796178720659,NA,NA
10,73,2014,2017,967.1,"CarenR_Dist_Lag",975.675405857034,NA,NA
10,73,2014,2018,759.6,"CarenR_Dist_Lag",965.554632993408,NA,NA
10,73,2014,2019,816.4,"CarenR_Dist_Lag",728.58880049234,NA,NA
10,73,2014,2020,848.3,"CarenR_Dist_Lag",945.313087266161,NA,NA
10,73,2014,2021,893.7,"CarenR_Dist_Lag",708.347254765092,NA,NA
10,73,2014,2015,868.9,"CarenR_Dist_Conf",769.071891946834,NA,NA
10,73,2014,2016,729.5,"CarenR_Dist_Conf",758.951119083212,NA,NA
10,73,2014,2017,967.1,"CarenR_Dist_Conf",748.830346219587,NA,NA
10,73,2014,2018,759.6,"CarenR_Dist_Conf",738.709573355961,NA,NA
10,73,2014,2019,816.4,"CarenR_Dist_Conf",728.58880049234,NA,NA
10,73,2014,2020,848.3,"CarenR_Dist_Conf",718.468027628714,NA,NA
10,73,2014,2021,893.7,"CarenR_Dist_Conf",708.347254765092,NA,NA
10,73,2014,2015,868.9,"CarenR_Dist_Stack",741.055407765739,NA,NA
10,73,2014,2016,729.5,"CarenR_Dist_Stack",695.169365151382,NA,NA
10,73,2014,2017,967.1,"CarenR_Dist_Stack",698.261558855064,NA,NA
10,73,2014,2018,759.6,"CarenR_Dist_Stack",618.911700929516,NA,NA
10,73,2014,2019,816.4,"CarenR_Dist_Stack",636.837047990608,NA,NA
10,73,2014,2020,848.3,"CarenR_Dist_Stack",632.007069162126,NA,NA
10,73,2014,2021,893.7,"CarenR_Dist_Stack",549.837761250084,NA,NA
10,73,2014,2015,868.9,"CarenR_Dist_Sup_FS",769.071891946834,NA,NA
10,73,2014,2016,729.5,"CarenR_Dist_Sup_FS",758.951119083212,NA,NA
10,73,2014,2017,967.1,"CarenR_Dist_Sup_FS",748.830346219587,NA,NA
10,73,2014,2018,759.6,"CarenR_Dist_Sup_FS",738.709573355961,NA,NA
10,73,2014,2019,816.4,"CarenR_Dist_Sup_FS",728.58880049234,NA,NA
10,73,2014,2020,848.3,"CarenR_Dist_Sup_FS",718.468027628714,NA,NA
10,73,2014,2021,893.7,"CarenR_Dist_Sup_FS",708.347254765092,NA,NA
10,73,2014,2015,868.9,"M5Rules",878.644700991984,NA,NA
10,73,2014,2016,729.5,"M5Rules",254.717911834589,NA,NA
10,73,2014,2017,967.1,"M5Rules",666.566366489675,NA,NA
10,73,2014,2018,759.6,"M5Rules",728.265471833973,NA,NA
10,73,2014,2019,816.4,"M5Rules",1056.95829307375,NA,NA
10,73,2014,2020,848.3,"M5Rules",612.279654248538,NA,NA
10,73,2014,2021,893.7,"M5Rules",1007.26075961867,NA,NA
11,74,2015,2016,729.5,"Naive",773.083551089214,NA,NA
11,74,2015,2017,967.1,"Naive",769.101838222539,NA,NA
11,74,2015,2018,759.6,"Naive",765.120125355863,NA,NA
11,74,2015,2019,816.4,"Naive",761.138412489188,NA,NA
11,74,2015,2020,848.3,"Naive",757.156699622512,NA,NA
11,74,2015,2021,893.7,"Naive",753.174986755837,NA,NA
11,74,2015,2016,729.5,"Naive_Median",806.82853781374,NA,NA
11,74,2015,2017,967.1,"Naive_Median",802.846824947064,NA,NA
11,74,2015,2018,759.6,"Naive_Median",798.865112080389,NA,NA
11,74,2015,2019,816.4,"Naive_Median",794.883399213713,NA,NA
11,74,2015,2020,848.3,"Naive_Median",790.901686347038,NA,NA
11,74,2015,2021,893.7,"Naive_Median",786.919973480362,NA,NA
11,74,2015,2016,729.5,"Naive_MA",769.991507405171,NA,NA
11,74,2015,2017,967.1,"Naive_MA",766.009794538495,NA,NA
11,74,2015,2018,759.6,"Naive_MA",762.02808167182,NA,NA
11,74,2015,2019,816.4,"Naive_MA",758.046368805144,NA,NA
11,74,2015,2020,848.3,"Naive_MA",754.064655938469,NA,NA
11,74,2015,2021,893.7,"Naive_MA",750.082943071793,NA,NA
11,74,2015,2016,729.5,"DT",316.311687222151,NA,NA
11,74,2015,2017,967.1,"DT",767.343102563956,NA,NA
11,74,2015,2018,759.6,"DT",1140.76603003842,NA,NA
11,74,2015,2019,816.4,"DT",759.379676830605,NA,NA
11,74,2015,2020,848.3,"DT",1325.4058971555,NA,NA
11,74,2015,2021,893.7,"DT",381.802251899943,NA,NA
11,74,2015,2016,729.5,"Ripper",1390.2505298181,1264.39383574174,1516.10722389447
11,74,2015,2017,967.1,"Ripper",645.533510119537,590.266727642603,700.80029259647
11,74,2015,2018,759.6,"Ripper",641.551797252861,586.285014775928,696.818579729795
11,74,2015,2019,816.4,"Ripper",637.570084386186,582.303301909252,692.836866863119
11,74,2015,2020,848.3,"Ripper",1374.3236783514,1248.46698427504,1500.18037242777
11,74,2015,2021,893.7,"Ripper",629.606658652835,574.339876175901,684.873441129768
11,74,2015,2016,729.5,"CarenR_Dist",344.947213696515,NA,NA
11,74,2015,2017,967.1,"CarenR_Dist",356.817535765429,NA,NA
11,74,2015,2018,759.6,"CarenR_Dist",333.731063078977,NA,NA
11,74,2015,2019,816.4,"CarenR_Dist",794.883399213713,NA,NA
11,74,2015,2020,848.3,"CarenR_Dist",1052.4569506248,NA,NA
11,74,2015,2021,893.7,"CarenR_Dist",786.919973480362,NA,NA
11,74,2015,2016,729.5,"CarenR_Dist_FS",312.770284734512,NA,NA
11,74,2015,2017,967.1,"CarenR_Dist_FS",389.726622980424,NA,NA
11,74,2015,2018,759.6,"CarenR_Dist_FS",798.865112080389,NA,NA
11,74,2015,2019,816.4,"CarenR_Dist_FS",794.883399213713,NA,NA
11,74,2015,2020,848.3,"CarenR_Dist_FS",790.901686347038,NA,NA
11,74,2015,2021,893.7,"CarenR_Dist_FS",786.919973480362,NA,NA
11,74,2015,2016,729.5,"CarenR_Dist_Thresh",806.82853781374,NA,NA
11,74,2015,2017,967.1,"CarenR_Dist_Thresh",802.846824947064,NA,NA
11,74,2015,2018,759.6,"CarenR_Dist_Thresh",798.865112080389,NA,NA
11,74,2015,2019,816.4,"CarenR_Dist_Thresh",794.883399213713,NA,NA
11,74,2015,2020,848.3,"CarenR_Dist_Thresh",790.901686347038,NA,NA
11,74,2015,2021,893.7,"CarenR_Dist_Thresh",786.919973480362,NA,NA
11,74,2015,2016,729.5,"CarenR_Dist_Sup",806.82853781374,NA,NA
11,74,2015,2017,967.1,"CarenR_Dist_Sup",802.846824947064,NA,NA
11,74,2015,2018,759.6,"CarenR_Dist_Sup",798.865112080389,NA,NA
11,74,2015,2019,816.4,"CarenR_Dist_Sup",794.883399213713,NA,NA
11,74,2015,2020,848.3,"CarenR_Dist_Sup",790.901686347038,NA,NA
11,74,2015,2021,893.7,"CarenR_Dist_Sup",786.919973480362,NA,NA
11,74,2015,2016,729.5,"CarenR_Dist_Sup_Thresh",806.82853781374,NA,NA
11,74,2015,2017,967.1,"CarenR_Dist_Sup_Thresh",802.846824947064,NA,NA
11,74,2015,2018,759.6,"CarenR_Dist_Sup_Thresh",798.865112080389,NA,NA
11,74,2015,2019,816.4,"CarenR_Dist_Sup_Thresh",794.883399213713,NA,NA
11,74,2015,2020,848.3,"CarenR_Dist_Sup_Thresh",790.901686347038,NA,NA
11,74,2015,2021,893.7,"CarenR_Dist_Sup_Thresh",786.919973480362,NA,NA
11,74,2015,2016,729.5,"CarenR_Dist_Eta2",312.770284734512,NA,NA
11,74,2015,2017,967.1,"CarenR_Dist_Eta2",308.788571867837,NA,NA
11,74,2015,2018,759.6,"CarenR_Dist_Eta2",798.865112080389,NA,NA
11,74,2015,2019,816.4,"CarenR_Dist_Eta2",794.883399213713,NA,NA
11,74,2015,2020,848.3,"CarenR_Dist_Eta2",790.901686347038,NA,NA
11,74,2015,2021,893.7,"CarenR_Dist_Eta2",786.919973480362,NA,NA
11,74,2015,2016,729.5,"CarenR_Dist_Lag",1029.64331783693,NA,NA
11,74,2015,2017,967.1,"CarenR_Dist_Lag",1025.66160497025,NA,NA
11,74,2015,2018,759.6,"CarenR_Dist_Lag",1021.67989210357,NA,NA
11,74,2015,2019,816.4,"CarenR_Dist_Lag",794.883399213713,NA,NA
11,74,2015,2020,848.3,"CarenR_Dist_Lag",1013.71646637022,NA,NA
11,74,2015,2021,893.7,"CarenR_Dist_Lag",868.152370269427,NA,NA
11,74,2015,2016,729.5,"CarenR_Dist_Conf",806.82853781374,NA,NA
11,74,2015,2017,967.1,"CarenR_Dist_Conf",802.846824947064,NA,NA
11,74,2015,2018,759.6,"CarenR_Dist_Conf",798.865112080389,NA,NA
11,74,2015,2019,816.4,"CarenR_Dist_Conf",794.883399213713,NA,NA
11,74,2015,2020,848.3,"CarenR_Dist_Conf",790.901686347038,NA,NA
11,74,2015,2021,893.7,"CarenR_Dist_Conf",786.919973480362,NA,NA
11,74,2015,2016,729.5,"CarenR_Dist_Stack",759.109654981088,NA,NA
11,74,2015,2017,967.1,"CarenR_Dist_Stack",771.722169490277,NA,NA
11,74,2015,2018,759.6,"CarenR_Dist_Stack",701.687105256893,NA,NA
11,74,2015,2019,816.4,"CarenR_Dist_Stack",730.098982657602,NA,NA
11,74,2015,2020,848.3,"CarenR_Dist_Stack",735.056806374881,NA,NA
11,74,2015,2021,893.7,"CarenR_Dist_Stack",662.517037336202,NA,NA
11,74,2015,2016,729.5,"CarenR_Dist_Sup_FS",806.82853781374,NA,NA
11,74,2015,2017,967.1,"CarenR_Dist_Sup_FS",802.846824947064,NA,NA
11,74,2015,2018,759.6,"CarenR_Dist_Sup_FS",798.865112080389,NA,NA
11,74,2015,2019,816.4,"CarenR_Dist_Sup_FS",794.883399213713,NA,NA
11,74,2015,2020,848.3,"CarenR_Dist_Sup_FS",790.901686347038,NA,NA
11,74,2015,2021,893.7,"CarenR_Dist_Sup_FS",786.919973480362,NA,NA
11,74,2015,2016,729.5,"M5Rules",181.965673609532,NA,NA
11,74,2015,2017,967.1,"M5Rules",790.374685568335,NA,NA
11,74,2015,2018,759.6,"M5Rules",836.104821778602,NA,NA
11,74,2015,2019,816.4,"M5Rules",1089.00040440524,NA,NA
11,74,2015,2020,848.3,"M5Rules",807.995173902905,NA,NA
11,74,2015,2021,893.7,"M5Rules",1063.22472316557,NA,NA
12,75,2016,2017,967.1,"Naive",756.54723012737,NA,NA
12,75,2016,2018,759.6,"Naive",751.758122456723,NA,NA
12,75,2016,2019,816.4,"Naive",746.969014786073,NA,NA
12,75,2016,2020,848.3,"Naive",742.179907115426,NA,NA
12,75,2016,2021,893.7,"Naive",737.390799444777,NA,NA
12,75,2016,2017,967.1,"Naive_Median",775.451346985843,NA,NA
12,75,2016,2018,759.6,"Naive_Median",770.662239315196,NA,NA
12,75,2016,2019,816.4,"Naive_Median",765.873131644547,NA,NA
12,75,2016,2020,848.3,"Naive_Median",761.084023973899,NA,NA
12,75,2016,2021,893.7,"Naive_Median",756.29491630325,NA,NA
12,75,2016,2017,967.1,"Naive_MA",745.957222235008,NA,NA
12,75,2016,2018,759.6,"Naive_MA",741.16811456436,NA,NA
12,75,2016,2019,816.4,"Naive_MA",736.379006893711,NA,NA
12,75,2016,2020,848.3,"Naive_MA",731.589899223064,NA,NA
12,75,2016,2021,893.7,"Naive_MA",726.800791552415,NA,NA
12,75,2016,2017,967.1,"DT",1137.86284290653,NA,NA
12,75,2016,2018,759.6,"DT",787.689579171313,NA,NA
12,75,2016,2019,816.4,"DT",782.900471500664,NA,NA
12,75,2016,2020,848.3,"DT",1089.97004001407,NA,NA
12,75,2016,2021,893.7,"DT",1118.70641222393,NA,NA
12,75,2016,2017,967.1,"Ripper",1374.5508732271,1247.43046736421,1501.67127908998
12,75,2016,2018,759.6,"Ripper",1369.76176555645,1242.64135969356,1496.88217141933
12,75,2016,2019,816.4,"Ripper",1364.9726578858,1237.85225202291,1492.09306374869
12,75,2016,2020,848.3,"Ripper",1360.18355021515,1233.06314435227,1487.30395607804
12,75,2016,2021,893.7,"Ripper",1355.3944425445,1228.27403668162,1482.51484840739
12,75,2016,2017,967.1,"CarenR_Dist",360.501281141106,NA,NA
12,75,2016,2018,759.6,"CarenR_Dist",460.22538485224,NA,NA
12,75,2016,2019,816.4,"CarenR_Dist",346.047567952324,NA,NA
12,75,2016,2020,848.3,"CarenR_Dist",986.935751351732,NA,NA
12,75,2016,2021,893.7,"CarenR_Dist",336.469352611028,NA,NA
12,75,2016,2017,967.1,"CarenR_Dist_FS",399.089103231626,NA,NA
12,75,2016,2018,759.6,"CarenR_Dist_FS",337.910908402796,NA,NA
12,75,2016,2019,816.4,"CarenR_Dist_FS",765.873131644547,NA,NA
12,75,2016,2020,848.3,"CarenR_Dist_FS",761.084023973899,NA,NA
12,75,2016,2021,893.7,"CarenR_Dist_FS",756.29491630325,NA,NA
12,75,2016,2017,967.1,"CarenR_Dist_Thresh",775.451346985843,NA,NA
12,75,2016,2018,759.6,"CarenR_Dist_Thresh",770.662239315196,NA,NA
12,75,2016,2019,816.4,"CarenR_Dist_Thresh",765.873131644547,NA,NA
12,75,2016,2020,848.3,"CarenR_Dist_Thresh",761.084023973899,NA,NA
12,75,2016,2021,893.7,"CarenR_Dist_Thresh",756.29491630325,NA,NA
12,75,2016,2017,967.1,"CarenR_Dist_Sup",342.700016073444,NA,NA
12,75,2016,2018,759.6,"CarenR_Dist_Sup",337.910908402796,NA,NA
12,75,2016,2019,816.4,"CarenR_Dist_Sup",765.873131644547,NA,NA
12,75,2016,2020,848.3,"CarenR_Dist_Sup",761.084023973899,NA,NA
12,75,2016,2021,893.7,"CarenR_Dist_Sup",756.29491630325,NA,NA
12,75,2016,2017,967.1,"CarenR_Dist_Sup_Thresh",775.451346985843,NA,NA
12,75,2016,2018,759.6,"CarenR_Dist_Sup_Thresh",770.662239315196,NA,NA
12,75,2016,2019,816.4,"CarenR_Dist_Sup_Thresh",765.873131644547,NA,NA
12,75,2016,2020,848.3,"CarenR_Dist_Sup_Thresh",761.084023973899,NA,NA
12,75,2016,2021,893.7,"CarenR_Dist_Sup_Thresh",756.29491630325,NA,NA
12,75,2016,2017,967.1,"CarenR_Dist_Eta2",342.700016073443,NA,NA
12,75,2016,2018,759.6,"CarenR_Dist_Eta2",337.910908402796,NA,NA
12,75,2016,2019,816.4,"CarenR_Dist_Eta2",765.873131644547,NA,NA
12,75,2016,2020,848.3,"CarenR_Dist_Eta2",761.084023973899,NA,NA
12,75,2016,2021,893.7,"CarenR_Dist_Eta2",756.29491630325,NA,NA
12,75,2016,2017,967.1,"CarenR_Dist_Lag",911.156602553883,NA,NA
12,75,2016,2018,759.6,"CarenR_Dist_Lag",906.367494883236,NA,NA
12,75,2016,2019,816.4,"CarenR_Dist_Lag",765.873131644547,NA,NA
12,75,2016,2020,848.3,"CarenR_Dist_Lag",896.789279541939,NA,NA
12,75,2016,2021,893.7,"CarenR_Dist_Lag",756.29491630325,NA,NA
12,75,2016,2017,967.1,"CarenR_Dist_Conf",775.451346985843,NA,NA
12,75,2016,2018,759.6,"CarenR_Dist_Conf",770.662239315196,NA,NA
12,75,2016,2019,816.4,"CarenR_Dist_Conf",765.873131644547,NA,NA
12,75,2016,2020,848.3,"CarenR_Dist_Conf",761.084023973899,NA,NA
12,75,2016,2021,893.7,"CarenR_Dist_Conf",756.29491630325,NA,NA
12,75,2016,2017,967.1,"CarenR_Dist_Stack",753.182076740147,NA,NA
12,75,2016,2018,759.6,"CarenR_Dist_Stack",681.695453590215,NA,NA
12,75,2016,2019,816.4,"CarenR_Dist_Stack",708.388082122832,NA,NA
12,75,2016,2020,848.3,"CarenR_Dist_Stack",712.429856478798,NA,NA
12,75,2016,2021,893.7,"CarenR_Dist_Stack",639.10868437896,NA,NA
12,75,2016,2017,967.1,"CarenR_Dist_Sup_FS",775.451346985843,NA,NA
12,75,2016,2018,759.6,"CarenR_Dist_Sup_FS",770.662239315196,NA,NA
12,75,2016,2019,816.4,"CarenR_Dist_Sup_FS",765.873131644547,NA,NA
12,75,2016,2020,848.3,"CarenR_Dist_Sup_FS",761.084023973899,NA,NA
12,75,2016,2021,893.7,"CarenR_Dist_Sup_FS",756.29491630325,NA,NA
12,75,2016,2017,967.1,"M5Rules",841.559102425109,NA,NA
12,75,2016,2018,759.6,"M5Rules",711.627348844046,NA,NA
12,75,2016,2019,816.4,"M5Rules",1330.11681106875,NA,NA
12,75,2016,2020,848.3,"M5Rules",802.926468599186,NA,NA
12,75,2016,2021,893.7,"M5Rules",1097.18097880744,NA,NA
13,76,2017,2018,759.6,"Naive",829.35299381738,NA,NA
13,76,2017,2019,816.4,"Naive",835.334664130784,NA,NA
13,76,2017,2020,848.3,"Naive",841.31633444419,NA,NA
13,76,2017,2021,893.7,"Naive",847.298004757593,NA,NA
13,76,2017,2018,759.6,"Naive_Median",858.681341846848,NA,NA
13,76,2017,2019,816.4,"Naive_Median",864.663012160252,NA,NA
13,76,2017,2020,848.3,"Naive_Median",870.644682473658,NA,NA
13,76,2017,2021,893.7,"Naive_Median",876.626352787062,NA,NA
13,76,2017,2018,759.6,"Naive_MA",824.910253647949,NA,NA
13,76,2017,2019,816.4,"Naive_MA",830.891923961352,NA,NA
13,76,2017,2020,848.3,"Naive_MA",836.873594274758,NA,NA
13,76,2017,2021,893.7,"Naive_MA",842.855264588162,NA,NA
13,76,2017,2018,759.6,"DT",867.779909277091,NA,NA
13,76,2017,2019,816.4,"DT",873.761579590495,NA,NA
13,76,2017,2020,848.3,"DT",1189.0487577365,NA,NA
13,76,2017,2021,893.7,"DT",1242.32764573547,NA,NA
13,76,2017,2018,759.6,"Ripper",967.594933581418,932.524237978012,1002.66562918482
13,76,2017,2019,816.4,"Ripper",973.576603894822,938.505908291416,1008.64729949823
13,76,2017,2020,848.3,"Ripper",979.558274208227,944.487578604821,1014.62896981163
13,76,2017,2021,893.7,"Ripper",985.539944521631,950.469248918225,1020.61064012504
13,76,2017,2018,759.6,"CarenR_Dist",469.047746364625,NA,NA
13,76,2017,2019,816.4,"CarenR_Dist",864.663012160252,NA,NA
13,76,2017,2020,848.3,"CarenR_Dist",1128.71957321735,NA,NA
13,76,2017,2021,893.7,"CarenR_Dist",876.626352787062,NA,NA
13,76,2017,2018,759.6,"CarenR_Dist_FS",516.398134021886,NA,NA
13,76,2017,2019,816.4,"CarenR_Dist_FS",864.663012160252,NA,NA
13,76,2017,2020,848.3,"CarenR_Dist_FS",870.644682473658,NA,NA
13,76,2017,2021,893.7,"CarenR_Dist_FS",876.626352787062,NA,NA
13,76,2017,2018,759.6,"CarenR_Dist_Thresh",858.681341846848,NA,NA
13,76,2017,2019,816.4,"CarenR_Dist_Thresh",864.663012160252,NA,NA
13,76,2017,2020,848.3,"CarenR_Dist_Thresh",870.644682473658,NA,NA
13,76,2017,2021,893.7,"CarenR_Dist_Thresh",876.626352787062,NA,NA
13,76,2017,2018,759.6,"CarenR_Dist_Sup",437.480821259784,NA,NA
13,76,2017,2019,816.4,"CarenR_Dist_Sup",864.663012160252,NA,NA
13,76,2017,2020,848.3,"CarenR_Dist_Sup",870.644682473658,NA,NA
13,76,2017,2021,893.7,"CarenR_Dist_Sup",876.626352787062,NA,NA
13,76,2017,2018,759.6,"CarenR_Dist_Sup_Thresh",858.681341846848,NA,NA
13,76,2017,2019,816.4,"CarenR_Dist_Sup_Thresh",864.663012160252,NA,NA
13,76,2017,2020,848.3,"CarenR_Dist_Sup_Thresh",870.644682473658,NA,NA
13,76,2017,2021,893.7,"CarenR_Dist_Sup_Thresh",876.626352787062,NA,NA
13,76,2017,2018,759.6,"CarenR_Dist_Eta2",516.398134021886,NA,NA
13,76,2017,2019,816.4,"CarenR_Dist_Eta2",864.663012160252,NA,NA
13,76,2017,2020,848.3,"CarenR_Dist_Eta2",870.644682473658,NA,NA
13,76,2017,2021,893.7,"CarenR_Dist_Eta2",876.626352787062,NA,NA
13,76,2017,2018,759.6,"CarenR_Dist_Lag",858.681341846848,NA,NA
13,76,2017,2019,816.4,"CarenR_Dist_Lag",864.663012160252,NA,NA
13,76,2017,2020,848.3,"CarenR_Dist_Lag",870.644682473658,NA,NA
13,76,2017,2021,893.7,"CarenR_Dist_Lag",876.626352787062,NA,NA
13,76,2017,2018,759.6,"CarenR_Dist_Conf",858.681341846848,NA,NA
13,76,2017,2019,816.4,"CarenR_Dist_Conf",864.663012160252,NA,NA
13,76,2017,2020,848.3,"CarenR_Dist_Conf",870.644682473658,NA,NA
13,76,2017,2021,893.7,"CarenR_Dist_Conf",876.626352787062,NA,NA
13,76,2017,2018,759.6,"CarenR_Dist_Stack",790.264327256439,NA,NA
13,76,2017,2019,816.4,"CarenR_Dist_Stack",833.871739921095,NA,NA
13,76,2017,2020,848.3,"CarenR_Dist_Stack",854.727755156213,NA,NA
13,76,2017,2021,893.7,"CarenR_Dist_Stack",799.418884541911,NA,NA
13,76,2017,2018,759.6,"CarenR_Dist_Sup_FS",858.681341846848,NA,NA
13,76,2017,2019,816.4,"CarenR_Dist_Sup_FS",864.663012160252,NA,NA
13,76,2017,2020,848.3,"CarenR_Dist_Sup_FS",870.644682473658,NA,NA
13,76,2017,2021,893.7,"CarenR_Dist_Sup_FS",876.626352787062,NA,NA
13,76,2017,2018,759.6,"M5Rules",914.679345340659,NA,NA
13,76,2017,2019,816.4,"M5Rules",1162.22864182142,NA,NA
13,76,2017,2020,848.3,"M5Rules",902.723707622918,NA,NA
13,76,2017,2021,893.7,"M5Rules",1156.88496044032,NA,NA
14,77,2018,2019,816.4,"Naive",811.958521385497,NA,NA
14,77,2018,2020,848.3,"Naive",815.916437369781,NA,NA
14,77,2018,2021,893.7,"Naive",819.874353354066,NA,NA
14,77,2018,2019,816.4,"Naive_Median",833.514635725563,NA,NA
14,77,2018,2020,848.3,"Naive_Median",837.472551709847,NA,NA
14,77,2018,2021,893.7,"Naive_Median",841.430467694132,NA,NA
14,77,2018,2019,816.4,"Naive_MA",813.552282082282,NA,NA
14,77,2018,2020,848.3,"Naive_MA",817.510198066567,NA,NA
14,77,2018,2021,893.7,"Naive_MA",821.468114050852,NA,NA
14,77,2018,2019,816.4,"DT",815.373087513402,NA,NA
14,77,2018,2020,848.3,"DT",1023.62798966716,NA,NA
14,77,2018,2021,893.7,"DT",528.291578075704,NA,NA
14,77,2018,2019,816.4,"Ripper",196.204755767554,59.4942565134824,332.915255021626
14,77,2018,2020,848.3,"Ripper",200.162671751839,63.4521724977666,336.873171005911
14,77,2018,2021,893.7,"Ripper",204.120587736124,67.4100884820517,340.831086990196
14,77,2018,2019,816.4,"CarenR_Dist",833.514635725563,NA,NA
14,77,2018,2020,848.3,"CarenR_Dist",1002.75138832896,NA,NA
14,77,2018,2021,893.7,"CarenR_Dist",841.430467694132,NA,NA
14,77,2018,2019,816.4,"CarenR_Dist_FS",833.514635725563,NA,NA
14,77,2018,2020,848.3,"CarenR_Dist_FS",837.472551709847,NA,NA
14,77,2018,2021,893.7,"CarenR_Dist_FS",841.430467694132,NA,NA
14,77,2018,2019,816.4,"CarenR_Dist_Thresh",833.514635725563,NA,NA
14,77,2018,2020,848.3,"CarenR_Dist_Thresh",837.472551709847,NA,NA
14,77,2018,2021,893.7,"CarenR_Dist_Thresh",841.430467694132,NA,NA
14,77,2018,2019,816.4,"CarenR_Dist_Sup",833.514635725563,NA,NA
14,77,2018,2020,848.3,"CarenR_Dist_Sup",837.472551709847,NA,NA
14,77,2018,2021,893.7,"CarenR_Dist_Sup",841.430467694132,NA,NA
14,77,2018,2019,816.4,"CarenR_Dist_Sup_Thresh",833.514635725563,NA,NA
14,77,2018,2020,848.3,"CarenR_Dist_Sup_Thresh",837.472551709847,NA,NA
14,77,2018,2021,893.7,"CarenR_Dist_Sup_Thresh",841.430467694132,NA,NA
14,77,2018,2019,816.4,"CarenR_Dist_Eta2",833.514635725563,NA,NA
14,77,2018,2020,848.3,"CarenR_Dist_Eta2",837.472551709847,NA,NA
14,77,2018,2021,893.7,"CarenR_Dist_Eta2",841.430467694132,NA,NA
14,77,2018,2019,816.4,"CarenR_Dist_Lag",833.514635725563,NA,NA
14,77,2018,2020,848.3,"CarenR_Dist_Lag",837.472551709847,NA,NA
14,77,2018,2021,893.7,"CarenR_Dist_Lag",841.430467694132,NA,NA
14,77,2018,2019,816.4,"CarenR_Dist_Conf",833.514635725563,NA,NA
14,77,2018,2020,848.3,"CarenR_Dist_Conf",837.472551709847,NA,NA
14,77,2018,2021,893.7,"CarenR_Dist_Conf",841.430467694132,NA,NA
14,77,2018,2019,816.4,"CarenR_Dist_Stack",800.682426909451,NA,NA
14,77,2018,2020,848.3,"CarenR_Dist_Stack",817.388380100837,NA,NA
14,77,2018,2021,893.7,"CarenR_Dist_Stack",758.533304601704,NA,NA
14,77,2018,2019,816.4,"CarenR_Dist_Sup_FS",833.514635725563,NA,NA
14,77,2018,2020,848.3,"CarenR_Dist_Sup_FS",837.472551709847,NA,NA
14,77,2018,2021,893.7,"CarenR_Dist_Sup_FS",841.430467694132,NA,NA
14,77,2018,2019,816.4,"M5Rules",1135.14866950287,NA,NA
14,77,2018,2020,848.3,"M5Rules",874.605032616391,NA,NA
14,77,2018,2021,893.7,"M5Rules",1125.56385956428,NA,NA
15,78,2019,2020,848.3,"Naive",822.3439033528,NA,NA
15,78,2019,2021,893.7,"Naive",828.387458561427,NA,NA
15,78,2019,2020,848.3,"Naive_Median",838.02331623087,NA,NA
15,78,2019,2021,893.7,"Naive_Median",844.066871439497,NA,NA
15,78,2019,2020,848.3,"Naive_MA",820.213909661986,NA,NA
15,78,2019,2021,893.7,"Naive_MA",826.257464870613,NA,NA
15,78,2019,2020,848.3,"DT",1029.64041637425,NA,NA
15,78,2019,2021,893.7,"DT",832.38157174306,NA,NA
15,78,2019,2020,848.3,"Ripper",945.690621280448,911.686416610893,979.694825950003
15,78,2019,2021,893.7,"Ripper",1430.77706539931,1304.06930599463,1557.48482480399
15,78,2019,2020,848.3,"CarenR_Dist",1046.91942676022,NA,NA
15,78,2019,2021,893.7,"CarenR_Dist",844.066871439497,NA,NA
15,78,2019,2020,848.3,"CarenR_Dist_FS",838.02331623087,NA,NA
15,78,2019,2021,893.7,"CarenR_Dist_FS",844.066871439497,NA,NA
15,78,2019,2020,848.3,"CarenR_Dist_Thresh",838.02331623087,NA,NA
15,78,2019,2021,893.7,"CarenR_Dist_Thresh",844.066871439497,NA,NA
15,78,2019,2020,848.3,"CarenR_Dist_Sup",838.02331623087,NA,NA
15,78,2019,2021,893.7,"CarenR_Dist_Sup",844.066871439497,NA,NA
15,78,2019,2020,848.3,"CarenR_Dist_Sup_Thresh",838.02331623087,NA,NA
15,78,2019,2021,893.7,"CarenR_Dist_Sup_Thresh",844.066871439497,NA,NA
15,78,2019,2020,848.3,"CarenR_Dist_Eta2",838.02331623087,NA,NA
15,78,2019,2021,893.7,"CarenR_Dist_Eta2",844.066871439497,NA,NA
15,78,2019,2020,848.3,"CarenR_Dist_Lag",838.02331623087,NA,NA
15,78,2019,2021,893.7,"CarenR_Dist_Lag",844.066871439497,NA,NA
15,78,2019,2020,848.3,"CarenR_Dist_Conf",838.02331623087,NA,NA
15,78,2019,2021,893.7,"CarenR_Dist_Conf",844.066871439497,NA,NA
15,78,2019,2020,848.3,"CarenR_Dist_Stack",824.937491362969,NA,NA
15,78,2019,2021,893.7,"CarenR_Dist_Stack",768.961106039444,NA,NA
15,78,2019,2020,848.3,"CarenR_Dist_Sup_FS",838.02331623087,NA,NA
15,78,2019,2021,893.7,"CarenR_Dist_Sup_FS",844.066871439497,NA,NA
15,78,2019,2020,848.3,"M5Rules",877.697821066115,NA,NA
15,78,2019,2021,893.7,"M5Rules",1121.96233707431,NA,NA
16,79,2020,2021,893.7,"Naive",843.331715499941,NA,NA
16,79,2020,2021,893.7,"Naive_Median",857.499938659189,NA,NA
16,79,2020,2021,893.7,"Naive_MA",830.757289677487,NA,NA
16,79,2020,2021,893.7,"DT",846.584482208902,NA,NA
16,79,2020,2021,893.7,"Ripper",227.053997699135,91.0950798957745,363.012915502496
16,79,2020,2021,893.7,"CarenR_Dist",857.499938659189,NA,NA
16,79,2020,2021,893.7,"CarenR_Dist_FS",857.499938659189,NA,NA
16,79,2020,2021,893.7,"CarenR_Dist_Thresh",857.499938659189,NA,NA
16,79,2020,2021,893.7,"CarenR_Dist_Sup",857.499938659189,NA,NA
16,79,2020,2021,893.7,"CarenR_Dist_Sup_Thresh",857.499938659189,NA,NA
16,79,2020,2021,893.7,"CarenR_Dist_Eta2",857.499938659189,NA,NA
16,79,2020,2021,893.7,"CarenR_Dist_Lag",857.499938659189,NA,NA
16,79,2020,2021,893.7,"CarenR_Dist_Conf",857.499938659189,NA,NA
16,79,2020,2021,893.7,"CarenR_Dist_Stack",788.801302511323,NA,NA
16,79,2020,2021,893.7,"CarenR_Dist_Sup_FS",857.499938659189,NA,NA
16,79,2020,2021,893.7,"M5Rules",1049.06633049673,NA,NA
