"scenario","n_train","train_end_year","year","actual","model","predicted","pred_lower","pred_upper"
1,71,2004,2005,1520,"Naive",1515.98464549434,NA,NA
1,71,2004,2006,1518,"Naive",1548.89467070654,NA,NA
1,71,2004,2007,1245,"Naive",1581.80469591873,NA,NA
1,71,2004,2008,1177,"Naive",1614.71472113091,NA,NA
1,71,2004,2009,1154,"Naive",1647.62474634311,NA,NA
1,71,2004,2010,1467,"Naive",1680.5347715553,NA,NA
1,71,2004,2011,1187,"Naive",1713.44479676749,NA,NA
1,71,2004,2012,1200,"Naive",1746.35482197969,NA,NA
1,71,2004,2013,1372,"Naive",1779.26484719187,NA,NA
1,71,2004,2014,1246,"Naive",1812.17487240406,NA,NA
1,71,2004,2015,1440,"Naive",1845.08489761626,NA,NA
1,71,2004,2016,1160,"Naive",1877.99492282844,NA,NA
1,71,2004,2017,1277,"Naive",1910.90494804063,NA,NA
1,71,2004,2018,1160,"Naive",1943.81497325283,NA,NA
1,71,2004,2019,1571,"Naive",1976.72499846502,NA,NA
1,71,2004,2020,1122,"Naive",2009.6350236772,NA,NA
1,71,2004,2021,1453,"Naive",2042.5450488894,NA,NA
1,71,2004,2022,1287,"Naive",2075.45507410159,NA,NA
1,71,2004,2005,1520,"Naive_Median",1481.4945219549,NA,NA
1,71,2004,2006,1518,"Naive_Median",1514.4045471671,NA,NA
1,71,2004,2007,1245,"Naive_Median",1547.31457237928,NA,NA
1,71,2004,2008,1177,"Naive_Median",1580.22459759147,NA,NA
1,71,2004,2009,1154,"Naive_Median",1613.13462280367,NA,NA
1,71,2004,2010,1467,"Naive_Median",1646.04464801586,NA,NA
1,71,2004,2011,1187,"Naive_Median",1678.95467322804,NA,NA
1,71,2004,2012,1200,"Naive_Median",1711.86469844024,NA,NA
1,71,2004,2013,1372,"Naive_Median",1744.77472365243,NA,NA
1,71,2004,2014,1246,"Naive_Median",1777.68474886462,NA,NA
1,71,2004,2015,1440,"Naive_Median",1810.59477407682,NA,NA
1,71,2004,2016,1160,"Naive_Median",1843.504799289,NA,NA
1,71,2004,2017,1277,"Naive_Median",1876.41482450119,NA,NA
1,71,2004,2018,1160,"Naive_Median",1909.32484971339,NA,NA
1,71,2004,2019,1571,"Naive_Median",1942.23487492558,NA,NA
1,71,2004,2020,1122,"Naive_Median",1975.14490013776,NA,NA
1,71,2004,2021,1453,"Naive_Median",2008.05492534996,NA,NA
1,71,2004,2022,1287,"Naive_Median",2040.96495056215,NA,NA
1,71,2004,2005,1520,"Naive_MA",1527.5486511108,NA,NA
1,71,2004,2006,1518,"Naive_MA",1560.458676323,NA,NA
1,71,2004,2007,1245,"Naive_MA",1593.36870153519,NA,NA
1,71,2004,2008,1177,"Naive_MA",1626.27872674738,NA,NA
1,71,2004,2009,1154,"Naive_MA",1659.18875195958,NA,NA
1,71,2004,2010,1467,"Naive_MA",1692.09877717176,NA,NA
1,71,2004,2011,1187,"Naive_MA",1725.00880238395,NA,NA
1,71,2004,2012,1200,"Naive_MA",1757.91882759615,NA,NA
1,71,2004,2013,1372,"Naive_MA",1790.82885280834,NA,NA
1,71,2004,2014,1246,"Naive_MA",1823.73887802052,NA,NA
1,71,2004,2015,1440,"Naive_MA",1856.64890323272,NA,NA
1,71,2004,2016,1160,"Naive_MA",1889.55892844491,NA,NA
1,71,2004,2017,1277,"Naive_MA",1922.4689536571,NA,NA
1,71,2004,2018,1160,"Naive_MA",1955.3789788693,NA,NA
1,71,2004,2019,1571,"Naive_MA",1988.28900408148,NA,NA
1,71,2004,2020,1122,"Naive_MA",2021.19902929367,NA,NA
1,71,2004,2021,1453,"Naive_MA",2054.10905450587,NA,NA
1,71,2004,2022,1287,"Naive_MA",2087.01907971805,NA,NA
1,71,2004,2005,1520,"DT",1557.10175908516,NA,NA
1,71,2004,2006,1518,"DT",1534.47602144616,NA,NA
1,71,2004,2007,1245,"DT",1457.63665780337,NA,NA
1,71,2004,2008,1177,"DT",1490.54668301555,NA,NA
1,71,2004,2009,1154,"DT",1980.26164739465,NA,NA
1,71,2004,2010,1467,"DT",1528.74985207676,NA,NA
1,71,2004,2011,1187,"DT",1561.65987728895,NA,NA
1,71,2004,2012,1200,"DT",1983.67882948714,NA,NA
1,71,2004,2013,1372,"DT",1956.88075057154,NA,NA
1,71,2004,2014,1246,"DT",1688.0068342887,NA,NA
1,71,2004,2015,1440,"DT",2022.70080099592,NA,NA
1,71,2004,2016,1160,"DT",1863.57627356806,NA,NA
1,71,2004,2017,1277,"DT",1896.48629878025,NA,NA
1,71,2004,2018,1160,"DT",1819.64693513747,NA,NA
1,71,2004,2019,1571,"DT",2017.84211205584,NA,NA
1,71,2004,2020,1122,"DT",1995.21637441682,NA,NA
1,71,2004,2021,1453,"DT",2375.18194994094,NA,NA
1,71,2004,2022,1287,"DT",2144.52187017017,NA,NA
1,71,2004,2005,1520,"Ripper",1597.55610501875,1567.30213268551,1627.81007735198
1,71,2004,2006,1518,"Ripper",1630.46613023095,1600.21215789771,1660.72010256418
1,71,2004,2007,1245,"Ripper",1663.37615544313,1633.1221831099,1693.63012777637
1,71,2004,2008,1177,"Ripper",1696.28618065532,1666.03220832208,1726.54015298855
1,71,2004,2009,1154,"Ripper",1729.19620586752,1698.94223353429,1759.45017820075
1,71,2004,2010,1467,"Ripper",1582.4486226747,1563.87924072098,1601.01800462843
1,71,2004,2011,1187,"Ripper",1795.01625629189,1764.76228395866,1825.27022862512
1,71,2004,2012,1200,"Ripper",1827.92628150409,1797.67230917086,1858.18025383733
1,71,2004,2013,1372,"Ripper",1681.17869831128,1662.60931635755,1699.748080265
1,71,2004,2014,1246,"Ripper",1714.08872352346,1695.51934156974,1732.65810547719
1,71,2004,2015,1440,"Ripper",1746.99874873566,1728.42936678194,1765.56813068939
1,71,2004,2016,1160,"Ripper",1779.90877394785,1761.33939199412,1798.47815590158
1,71,2004,2017,1277,"Ripper",1992.47640756504,1962.2224352318,2022.73037989827
1,71,2004,2018,1160,"Ripper",1845.72882437224,1827.15944241851,1864.29820632596
1,71,2004,2019,1571,"Ripper",1878.63884958442,1860.0694676307,1897.20823153815
1,71,2004,2020,1122,"Ripper",2091.20648320161,2060.95251086838,2121.46045553484
1,71,2004,2021,1453,"Ripper",1944.45890000881,1925.88951805508,1963.02828196254
1,71,2004,2022,1287,"Ripper",1977.368925221,1958.79954326727,1995.93830717472
1,71,2004,2005,1520,"CarenR_Dist",1674.38193053626,NA,NA
1,71,2004,2006,1518,"CarenR_Dist",1713.30391626359,NA,NA
1,71,2004,2007,1245,"CarenR_Dist",1491.77666404101,NA,NA
1,71,2004,2008,1177,"CarenR_Dist",1571.88429810431,NA,NA
1,71,2004,2009,1154,"CarenR_Dist",1812.03399190017,NA,NA
1,71,2004,2010,1467,"CarenR_Dist",1848.95831513349,NA,NA
1,71,2004,2011,1187,"CarenR_Dist",1865.05296755939,NA,NA
1,71,2004,2012,1200,"CarenR_Dist",1910.76406753674,NA,NA
1,71,2004,2013,1372,"CarenR_Dist",1937.15529473711,NA,NA
1,71,2004,2014,1246,"CarenR_Dist",1777.68474886462,NA,NA
1,71,2004,2015,1440,"CarenR_Dist",1996.69306840816,NA,NA
1,71,2004,2016,1160,"CarenR_Dist",2048.24505734244,NA,NA
1,71,2004,2017,1277,"CarenR_Dist",2075.31419359769,NA,NA
1,71,2004,2018,1160,"CarenR_Dist",1766.90591981202,NA,NA
1,71,2004,2019,1571,"CarenR_Dist",2135.12228350694,NA,NA
1,71,2004,2020,1122,"CarenR_Dist",1975.14490013776,NA,NA
1,71,2004,2021,1453,"CarenR_Dist",2010.24865597865,NA,NA
1,71,2004,2022,1287,"CarenR_Dist",2243.87861767978,NA,NA
1,71,2004,2005,1520,"CarenR_Dist_FS",1680.39389105139,NA,NA
1,71,2004,2006,1518,"CarenR_Dist_FS",1713.30391626359,NA,NA
1,71,2004,2007,1245,"CarenR_Dist_FS",1746.21394147578,NA,NA
1,71,2004,2008,1177,"CarenR_Dist_FS",1779.12396668797,NA,NA
1,71,2004,2009,1154,"CarenR_Dist_FS",1812.03399190017,NA,NA
1,71,2004,2010,1467,"CarenR_Dist_FS",1646.04464801586,NA,NA
1,71,2004,2011,1187,"CarenR_Dist_FS",1678.95467322804,NA,NA
1,71,2004,2012,1200,"CarenR_Dist_FS",1910.76406753674,NA,NA
1,71,2004,2013,1372,"CarenR_Dist_FS",1943.67409274893,NA,NA
1,71,2004,2014,1246,"CarenR_Dist_FS",1777.68474886462,NA,NA
1,71,2004,2015,1440,"CarenR_Dist_FS",1810.59477407682,NA,NA
1,71,2004,2016,1160,"CarenR_Dist_FS",1843.504799289,NA,NA
1,71,2004,2017,1277,"CarenR_Dist_FS",2075.31419359769,NA,NA
1,71,2004,2018,1160,"CarenR_Dist_FS",1909.32484971339,NA,NA
1,71,2004,2019,1571,"CarenR_Dist_FS",2141.13424402207,NA,NA
1,71,2004,2020,1122,"CarenR_Dist_FS",1975.14490013776,NA,NA
1,71,2004,2021,1453,"CarenR_Dist_FS",2206.95429444646,NA,NA
1,71,2004,2022,1287,"CarenR_Dist_FS",2040.96495056215,NA,NA
1,71,2004,2005,1520,"CarenR_Dist_Thresh",1481.4945219549,NA,NA
1,71,2004,2006,1518,"CarenR_Dist_Thresh",1514.4045471671,NA,NA
1,71,2004,2007,1245,"CarenR_Dist_Thresh",1547.31457237928,NA,NA
1,71,2004,2008,1177,"CarenR_Dist_Thresh",1580.22459759147,NA,NA
1,71,2004,2009,1154,"CarenR_Dist_Thresh",1613.13462280367,NA,NA
1,71,2004,2010,1467,"CarenR_Dist_Thresh",1646.04464801586,NA,NA
1,71,2004,2011,1187,"CarenR_Dist_Thresh",1678.95467322804,NA,NA
1,71,2004,2012,1200,"CarenR_Dist_Thresh",1711.86469844024,NA,NA
1,71,2004,2013,1372,"CarenR_Dist_Thresh",1744.77472365243,NA,NA
1,71,2004,2014,1246,"CarenR_Dist_Thresh",1777.68474886462,NA,NA
1,71,2004,2015,1440,"CarenR_Dist_Thresh",1810.59477407682,NA,NA
1,71,2004,2016,1160,"CarenR_Dist_Thresh",1843.504799289,NA,NA
1,71,2004,2017,1277,"CarenR_Dist_Thresh",1876.41482450119,NA,NA
1,71,2004,2018,1160,"CarenR_Dist_Thresh",1909.32484971339,NA,NA
1,71,2004,2019,1571,"CarenR_Dist_Thresh",1942.23487492558,NA,NA
1,71,2004,2020,1122,"CarenR_Dist_Thresh",1975.14490013776,NA,NA
1,71,2004,2021,1453,"CarenR_Dist_Thresh",2008.05492534996,NA,NA
1,71,2004,2022,1287,"CarenR_Dist_Thresh",2040.96495056215,NA,NA
1,71,2004,2005,1520,"CarenR_Dist_Sup",1481.4945219549,NA,NA
1,71,2004,2006,1518,"CarenR_Dist_Sup",1514.4045471671,NA,NA
1,71,2004,2007,1245,"CarenR_Dist_Sup",1427.38368211631,NA,NA
1,71,2004,2008,1177,"CarenR_Dist_Sup",1460.2937073285,NA,NA
1,71,2004,2009,1154,"CarenR_Dist_Sup",1613.13462280367,NA,NA
1,71,2004,2010,1467,"CarenR_Dist_Sup",1646.04464801586,NA,NA
1,71,2004,2011,1187,"CarenR_Dist_Sup",1678.95467322804,NA,NA
1,71,2004,2012,1200,"CarenR_Dist_Sup",1711.86469844024,NA,NA
1,71,2004,2013,1372,"CarenR_Dist_Sup",1744.77472365243,NA,NA
1,71,2004,2014,1246,"CarenR_Dist_Sup",1777.68474886462,NA,NA
1,71,2004,2015,1440,"CarenR_Dist_Sup",1810.59477407682,NA,NA
1,71,2004,2016,1160,"CarenR_Dist_Sup",1843.504799289,NA,NA
1,71,2004,2017,1277,"CarenR_Dist_Sup",1876.41482450119,NA,NA
1,71,2004,2018,1160,"CarenR_Dist_Sup",1789.39395945042,NA,NA
1,71,2004,2019,1571,"CarenR_Dist_Sup",1942.23487492558,NA,NA
1,71,2004,2020,1122,"CarenR_Dist_Sup",1975.14490013776,NA,NA
1,71,2004,2021,1453,"CarenR_Dist_Sup",2008.05492534996,NA,NA
1,71,2004,2022,1287,"CarenR_Dist_Sup",2040.96495056215,NA,NA
1,71,2004,2005,1520,"CarenR_Dist_Sup_Thresh",1481.4945219549,NA,NA
1,71,2004,2006,1518,"CarenR_Dist_Sup_Thresh",1514.4045471671,NA,NA
1,71,2004,2007,1245,"CarenR_Dist_Sup_Thresh",1547.31457237928,NA,NA
1,71,2004,2008,1177,"CarenR_Dist_Sup_Thresh",1580.22459759147,NA,NA
1,71,2004,2009,1154,"CarenR_Dist_Sup_Thresh",1613.13462280367,NA,NA
1,71,2004,2010,1467,"CarenR_Dist_Sup_Thresh",1646.04464801586,NA,NA
1,71,2004,2011,1187,"CarenR_Dist_Sup_Thresh",1678.95467322804,NA,NA
1,71,2004,2012,1200,"CarenR_Dist_Sup_Thresh",1711.86469844024,NA,NA
1,71,2004,2013,1372,"CarenR_Dist_Sup_Thresh",1744.77472365243,NA,NA
1,71,2004,2014,1246,"CarenR_Dist_Sup_Thresh",1777.68474886462,NA,NA
1,71,2004,2015,1440,"CarenR_Dist_Sup_Thresh",1810.59477407682,NA,NA
1,71,2004,2016,1160,"CarenR_Dist_Sup_Thresh",1843.504799289,NA,NA
1,71,2004,2017,1277,"CarenR_Dist_Sup_Thresh",1876.41482450119,NA,NA
1,71,2004,2018,1160,"CarenR_Dist_Sup_Thresh",1909.32484971339,NA,NA
1,71,2004,2019,1571,"CarenR_Dist_Sup_Thresh",1942.23487492558,NA,NA
1,71,2004,2020,1122,"CarenR_Dist_Sup_Thresh",1975.14490013776,NA,NA
1,71,2004,2021,1453,"CarenR_Dist_Sup_Thresh",2008.05492534996,NA,NA
1,71,2004,2022,1287,"CarenR_Dist_Sup_Thresh",2040.96495056215,NA,NA
1,71,2004,2005,1520,"CarenR_Dist_Eta2",1682.40104006196,NA,NA
1,71,2004,2006,1518,"CarenR_Dist_Eta2",1713.30391626359,NA,NA
1,71,2004,2007,1245,"CarenR_Dist_Eta2",1746.21394147578,NA,NA
1,71,2004,2008,1177,"CarenR_Dist_Eta2",1779.12396668797,NA,NA
1,71,2004,2009,1154,"CarenR_Dist_Eta2",1812.03399190017,NA,NA
1,71,2004,2010,1467,"CarenR_Dist_Eta2",1848.95831513349,NA,NA
1,71,2004,2011,1187,"CarenR_Dist_Eta2",1678.95467322804,NA,NA
1,71,2004,2012,1200,"CarenR_Dist_Eta2",1910.76406753674,NA,NA
1,71,2004,2013,1372,"CarenR_Dist_Eta2",1945.6812417595,NA,NA
1,71,2004,2014,1246,"CarenR_Dist_Eta2",1777.68474886462,NA,NA
1,71,2004,2015,1440,"CarenR_Dist_Eta2",1810.59477407682,NA,NA
1,71,2004,2016,1160,"CarenR_Dist_Eta2",1843.504799289,NA,NA
1,71,2004,2017,1277,"CarenR_Dist_Eta2",2075.31419359769,NA,NA
1,71,2004,2018,1160,"CarenR_Dist_Eta2",1909.32484971339,NA,NA
1,71,2004,2019,1571,"CarenR_Dist_Eta2",2143.14139303264,NA,NA
1,71,2004,2020,1122,"CarenR_Dist_Eta2",1975.14490013776,NA,NA
1,71,2004,2021,1453,"CarenR_Dist_Eta2",2206.95429444646,NA,NA
1,71,2004,2022,1287,"CarenR_Dist_Eta2",2243.87861767978,NA,NA
1,71,2004,2005,1520,"CarenR_Dist_Lag",1481.4945219549,NA,NA
1,71,2004,2006,1518,"CarenR_Dist_Lag",1514.4045471671,NA,NA
1,71,2004,2007,1245,"CarenR_Dist_Lag",1547.31457237928,NA,NA
1,71,2004,2008,1177,"CarenR_Dist_Lag",1580.22459759147,NA,NA
1,71,2004,2009,1154,"CarenR_Dist_Lag",1613.13462280367,NA,NA
1,71,2004,2010,1467,"CarenR_Dist_Lag",1646.04464801586,NA,NA
1,71,2004,2011,1187,"CarenR_Dist_Lag",1678.95467322804,NA,NA
1,71,2004,2012,1200,"CarenR_Dist_Lag",1711.86469844024,NA,NA
1,71,2004,2013,1372,"CarenR_Dist_Lag",1744.77472365243,NA,NA
1,71,2004,2014,1246,"CarenR_Dist_Lag",1777.68474886462,NA,NA
1,71,2004,2015,1440,"CarenR_Dist_Lag",1810.59477407682,NA,NA
1,71,2004,2016,1160,"CarenR_Dist_Lag",1843.504799289,NA,NA
1,71,2004,2017,1277,"CarenR_Dist_Lag",1876.41482450119,NA,NA
1,71,2004,2018,1160,"CarenR_Dist_Lag",1909.32484971339,NA,NA
1,71,2004,2019,1571,"CarenR_Dist_Lag",1942.23487492558,NA,NA
1,71,2004,2020,1122,"CarenR_Dist_Lag",1975.14490013776,NA,NA
1,71,2004,2021,1453,"CarenR_Dist_Lag",2008.05492534996,NA,NA
1,71,2004,2022,1287,"CarenR_Dist_Lag",2040.96495056215,NA,NA
1,71,2004,2005,1520,"CarenR_Dist_Conf",1481.4945219549,NA,NA
1,71,2004,2006,1518,"CarenR_Dist_Conf",1514.4045471671,NA,NA
1,71,2004,2007,1245,"CarenR_Dist_Conf",1547.31457237928,NA,NA
1,71,2004,2008,1177,"CarenR_Dist_Conf",1580.22459759147,NA,NA
1,71,2004,2009,1154,"CarenR_Dist_Conf",1613.13462280367,NA,NA
1,71,2004,2010,1467,"CarenR_Dist_Conf",1646.04464801586,NA,NA
1,71,2004,2011,1187,"CarenR_Dist_Conf",1678.95467322804,NA,NA
1,71,2004,2012,1200,"CarenR_Dist_Conf",1711.86469844024,NA,NA
1,71,2004,2013,1372,"CarenR_Dist_Conf",1744.77472365243,NA,NA
1,71,2004,2014,1246,"CarenR_Dist_Conf",1777.68474886462,NA,NA
1,71,2004,2015,1440,"CarenR_Dist_Conf",1810.59477407682,NA,NA
1,71,2004,2016,1160,"CarenR_Dist_Conf",1843.504799289,NA,NA
1,71,2004,2017,1277,"CarenR_Dist_Conf",1876.41482450119,NA,NA
1,71,2004,2018,1160,"CarenR_Dist_Conf",1909.32484971339,NA,NA
1,71,2004,2019,1571,"CarenR_Dist_Conf",1942.23487492558,NA,NA
1,71,2004,2020,1122,"CarenR_Dist_Conf",1975.14490013776,NA,NA
1,71,2004,2021,1453,"CarenR_Dist_Conf",2008.05492534996,NA,NA
1,71,2004,2022,1287,"CarenR_Dist_Conf",2040.96495056215,NA,NA
1,71,2004,2005,1520,"CarenR_Dist_Stack",1487.3543516664,NA,NA
1,71,2004,2006,1518,"CarenR_Dist_Stack",1565.2751902079,NA,NA
1,71,2004,2007,1245,"CarenR_Dist_Stack",1580.4308022643,NA,NA
1,71,2004,2008,1177,"CarenR_Dist_Stack",1623.01171614431,NA,NA
1,71,2004,2009,1154,"CarenR_Dist_Stack",1740.66593097579,NA,NA
1,71,2004,2010,1467,"CarenR_Dist_Stack",1801.53037940486,NA,NA
1,71,2004,2011,1187,"CarenR_Dist_Stack",1849.92878155048,NA,NA
1,71,2004,2012,1200,"CarenR_Dist_Stack",1805.24737144631,NA,NA
1,71,2004,2013,1372,"CarenR_Dist_Stack",1924.84074903299,NA,NA
1,71,2004,2014,1246,"CarenR_Dist_Stack",1963.26631415184,NA,NA
1,71,2004,2015,1440,"CarenR_Dist_Stack",1957.6451824025,NA,NA
1,71,2004,2016,1160,"CarenR_Dist_Stack",2034.57697937469,NA,NA
1,71,2004,2017,1277,"CarenR_Dist_Stack",2022.86133610898,NA,NA
1,71,2004,2018,1160,"CarenR_Dist_Stack",2142.45471369567,NA,NA
1,71,2004,2019,1571,"CarenR_Dist_Stack",2152.0698607372,NA,NA
1,71,2004,2020,1122,"CarenR_Dist_Stack",2226.5084484527,NA,NA
1,71,2004,2021,1453,"CarenR_Dist_Stack",2154.67875977568,NA,NA
1,71,2004,2022,1287,"CarenR_Dist_Stack",2321.089066738,NA,NA
1,71,2004,2005,1520,"CarenR_Dist_Sup_FS",1481.4945219549,NA,NA
1,71,2004,2006,1518,"CarenR_Dist_Sup_FS",1514.4045471671,NA,NA
1,71,2004,2007,1245,"CarenR_Dist_Sup_FS",1547.31457237928,NA,NA
1,71,2004,2008,1177,"CarenR_Dist_Sup_FS",1580.22459759147,NA,NA
1,71,2004,2009,1154,"CarenR_Dist_Sup_FS",1613.13462280367,NA,NA
1,71,2004,2010,1467,"CarenR_Dist_Sup_FS",1646.04464801586,NA,NA
1,71,2004,2011,1187,"CarenR_Dist_Sup_FS",1678.95467322804,NA,NA
1,71,2004,2012,1200,"CarenR_Dist_Sup_FS",1711.86469844024,NA,NA
1,71,2004,2013,1372,"CarenR_Dist_Sup_FS",1744.77472365243,NA,NA
1,71,2004,2014,1246,"CarenR_Dist_Sup_FS",1777.68474886462,NA,NA
1,71,2004,2015,1440,"CarenR_Dist_Sup_FS",1810.59477407682,NA,NA
1,71,2004,2016,1160,"CarenR_Dist_Sup_FS",1843.504799289,NA,NA
1,71,2004,2017,1277,"CarenR_Dist_Sup_FS",1876.41482450119,NA,NA
1,71,2004,2018,1160,"CarenR_Dist_Sup_FS",1909.32484971339,NA,NA
1,71,2004,2019,1571,"CarenR_Dist_Sup_FS",1942.23487492558,NA,NA
1,71,2004,2020,1122,"CarenR_Dist_Sup_FS",1975.14490013776,NA,NA
1,71,2004,2021,1453,"CarenR_Dist_Sup_FS",2008.05492534996,NA,NA
1,71,2004,2022,1287,"CarenR_Dist_Sup_FS",2040.96495056215,NA,NA
1,71,2004,2005,1520,"CarenR_Supervised",1668.27698020791,NA,NA
1,71,2004,2006,1518,"CarenR_Supervised",1514.4045471671,NA,NA
1,71,2004,2007,1245,"CarenR_Supervised",1662.42352331218,NA,NA
1,71,2004,2008,1177,"CarenR_Supervised",1680.79077454289,NA,NA
1,71,2004,2009,1154,"CarenR_Supervised",1795.13841866128,NA,NA
1,71,2004,2010,1467,"CarenR_Supervised",1754.25238281026,NA,NA
1,71,2004,2011,1187,"CarenR_Supervised",1689.87490186247,NA,NA
1,71,2004,2012,1200,"CarenR_Supervised",1901.03368416343,NA,NA
1,71,2004,2013,1372,"CarenR_Supervised",1930.63162823247,NA,NA
1,71,2004,2014,1246,"CarenR_Supervised",1684.06070187831,NA,NA
1,71,2004,2015,1440,"CarenR_Supervised",1997.37723232983,NA,NA
1,71,2004,2016,1160,"CarenR_Supervised",1735.45606142005,NA,NA
1,71,2004,2017,1277,"CarenR_Supervised",1768.36608663224,NA,NA
1,71,2004,2018,1160,"CarenR_Supervised",1800.57969454414,NA,NA
1,71,2004,2019,1571,"CarenR_Supervised",2129.01733317859,NA,NA
1,71,2004,2020,1122,"CarenR_Supervised",1867.09616226881,NA,NA
1,71,2004,2021,1453,"CarenR_Supervised",1900.00618748101,NA,NA
1,71,2004,2022,1287,"CarenR_Supervised",2132.08935848503,NA,NA
1,71,2004,2005,1520,"M5Rules",1616.65246644359,NA,NA
1,71,2004,2006,1518,"M5Rules",1631.42116249214,NA,NA
1,71,2004,2007,1245,"M5Rules",1429.45207739348,NA,NA
1,71,2004,2008,1177,"M5Rules",1524.54260301214,NA,NA
1,71,2004,2009,1154,"M5Rules",1820.26928286744,NA,NA
1,71,2004,2010,1467,"M5Rules",1780.5272552642,NA,NA
1,71,2004,2011,1187,"M5Rules",1678.78504286456,NA,NA
1,71,2004,2012,1200,"M5Rules",1811.29846915244,NA,NA
1,71,2004,2013,1372,"M5Rules",1963.07850273331,NA,NA
1,71,2004,2014,1246,"M5Rules",1608.71429096783,NA,NA
1,71,2004,2015,1440,"M5Rules",2055.62287615972,NA,NA
1,71,2004,2016,1160,"M5Rules",1962.79440295284,NA,NA
1,71,2004,2017,1277,"M5Rules",2017.83341161157,NA,NA
1,71,2004,2018,1160,"M5Rules",1823.00738595911,NA,NA
1,71,2004,2019,1571,"M5Rules",2108.16988362568,NA,NA
1,71,2004,2020,1122,"M5Rules",2129.76059591337,NA,NA
1,71,2004,2021,1453,"M5Rules",2157.31082902356,NA,NA
1,71,2004,2022,1287,"M5Rules",2253.88308184498,NA,NA
2,72,2005,2006,1518,"Naive",1568.97360629735,NA,NA
2,72,2005,2007,1245,"Naive",1607.32161587813,NA,NA
2,72,2005,2008,1177,"Naive",1645.6696254589,NA,NA
2,72,2005,2009,1154,"Naive",1684.01763503968,NA,NA
2,72,2005,2010,1467,"Naive",1722.36564462045,NA,NA
2,72,2005,2011,1187,"Naive",1760.71365420123,NA,NA
2,72,2005,2012,1200,"Naive",1799.061663782,NA,NA
2,72,2005,2013,1372,"Naive",1837.40967336278,NA,NA
2,72,2005,2014,1246,"Naive",1875.75768294355,NA,NA
2,72,2005,2015,1440,"Naive",1914.10569252433,NA,NA
2,72,2005,2016,1160,"Naive",1952.4537021051,NA,NA
2,72,2005,2017,1277,"Naive",1990.80171168588,NA,NA
2,72,2005,2018,1160,"Naive",2029.14972126666,NA,NA
2,72,2005,2019,1571,"Naive",2067.49773084743,NA,NA
2,72,2005,2020,1122,"Naive",2105.84574042821,NA,NA
2,72,2005,2021,1453,"Naive",2144.19375000898,NA,NA
2,72,2005,2022,1287,"Naive",2182.54175958976,NA,NA
2,72,2005,2006,1518,"Naive_Median",1539.19981243122,NA,NA
2,72,2005,2007,1245,"Naive_Median",1577.547822012,NA,NA
2,72,2005,2008,1177,"Naive_Median",1615.89583159277,NA,NA
2,72,2005,2009,1154,"Naive_Median",1654.24384117355,NA,NA
2,72,2005,2010,1467,"Naive_Median",1692.59185075432,NA,NA
2,72,2005,2011,1187,"Naive_Median",1730.9398603351,NA,NA
2,72,2005,2012,1200,"Naive_Median",1769.28786991587,NA,NA
2,72,2005,2013,1372,"Naive_Median",1807.63587949665,NA,NA
2,72,2005,2014,1246,"Naive_Median",1845.98388907742,NA,NA
2,72,2005,2015,1440,"Naive_Median",1884.3318986582,NA,NA
2,72,2005,2016,1160,"Naive_Median",1922.67990823898,NA,NA
2,72,2005,2017,1277,"Naive_Median",1961.02791781975,NA,NA
2,72,2005,2018,1160,"Naive_Median",1999.37592740053,NA,NA
2,72,2005,2019,1571,"Naive_Median",2037.7239369813,NA,NA
2,72,2005,2020,1122,"Naive_Median",2076.07194656208,NA,NA
2,72,2005,2021,1453,"Naive_Median",2114.41995614285,NA,NA
2,72,2005,2022,1287,"Naive_Median",2152.76796572363,NA,NA
2,72,2005,2006,1518,"Naive_MA",1584.54098687546,NA,NA
2,72,2005,2007,1245,"Naive_MA",1622.88899645624,NA,NA
2,72,2005,2008,1177,"Naive_MA",1661.23700603701,NA,NA
2,72,2005,2009,1154,"Naive_MA",1699.58501561779,NA,NA
2,72,2005,2010,1467,"Naive_MA",1737.93302519857,NA,NA
2,72,2005,2011,1187,"Naive_MA",1776.28103477934,NA,NA
2,72,2005,2012,1200,"Naive_MA",1814.62904436012,NA,NA
2,72,2005,2013,1372,"Naive_MA",1852.97705394089,NA,NA
2,72,2005,2014,1246,"Naive_MA",1891.32506352167,NA,NA
2,72,2005,2015,1440,"Naive_MA",1929.67307310244,NA,NA
2,72,2005,2016,1160,"Naive_MA",1968.02108268322,NA,NA
2,72,2005,2017,1277,"Naive_MA",2006.36909226399,NA,NA
2,72,2005,2018,1160,"Naive_MA",2044.71710184477,NA,NA
2,72,2005,2019,1571,"Naive_MA",2083.06511142554,NA,NA
2,72,2005,2020,1122,"Naive_MA",2121.41312100632,NA,NA
2,72,2005,2021,1453,"Naive_MA",2159.7611305871,NA,NA
2,72,2005,2022,1287,"Naive_MA",2198.10914016787,NA,NA
2,72,2005,2006,1518,"DT",1771.55665021928,NA,NA
2,72,2005,2007,1245,"DT",1482.80242226048,NA,NA
2,72,2005,2008,1177,"DT",1521.15043184125,NA,NA
2,72,2005,2009,1154,"DT",2017.05538654839,NA,NA
2,72,2005,2010,1467,"DT",1570.54132187894,NA,NA
2,72,2005,2011,1187,"DT",1608.88933145972,NA,NA
2,72,2005,2012,1200,"DT",2001.64470770393,NA,NA
2,72,2005,2013,1372,"DT",1960.25076623437,NA,NA
2,72,2005,2014,1246,"DT",1751.23848932591,NA,NA
2,72,2005,2015,1440,"DT",2116.68873644625,NA,NA
2,72,2005,2016,1160,"DT",1930.63364319458,NA,NA
2,72,2005,2017,1277,"DT",1968.98165277536,NA,NA
2,72,2005,2018,1160,"DT",1904.63052764901,NA,NA
2,72,2005,2019,1571,"DT",2270.08077476936,NA,NA
2,72,2005,2020,1122,"DT",2228.6868332998,NA,NA
2,72,2005,2021,1453,"DT",2477.2315015177,NA,NA
2,72,2005,2022,1287,"DT",2251.56907444056,NA,NA
2,72,2005,2006,1518,"Ripper",1873.84228871533,1797.67131066628,1950.01326676438
2,72,2005,2007,1245,"Ripper",1912.19029829611,1836.01932024706,1988.36127634515
2,72,2005,2008,1177,"Ripper",1950.53830787688,1874.36732982783,2026.70928592593
2,72,2005,2009,1154,"Ripper",1988.88631745766,1912.71533940861,2065.0572955067
2,72,2005,2010,1467,"Ripper",1439.27629410458,1377.64415215611,1500.90843605306
2,72,2005,2011,1187,"Ripper",1477.62430368536,1415.99216173688,1539.25644563384
2,72,2005,2012,1200,"Ripper",1875.45658892394,1845.05860429947,1905.8545735484
2,72,2005,2013,1372,"Ripper",2142.27835578076,2066.10737773171,2218.4493338298
2,72,2005,2014,1246,"Ripper",1592.66833242769,1531.03619047921,1654.30047437616
2,72,2005,2015,1440,"Ripper",1990.50061766626,1960.1026330418,2020.89860229073
2,72,2005,2016,1160,"Ripper",2257.32238452308,2181.15140647404,2333.49336257213
2,72,2005,2017,1277,"Ripper",2295.67039410386,2219.49941605481,2371.84137215291
2,72,2005,2018,1160,"Ripper",1746.06037075079,1684.42822880231,1807.69251269926
2,72,2005,2019,1571,"Ripper",2372.36641326541,2296.19543521636,2448.53739131446
2,72,2005,2020,1122,"Ripper",2410.71442284619,2334.54344479714,2486.88540089523
2,72,2005,2021,1453,"Ripper",2449.06243242696,2372.89145437791,2525.23341047601
2,72,2005,2022,1287,"Ripper",1899.45240907389,1837.82026712541,1961.08455102237
2,72,2005,2006,1518,"CarenR_Dist",1539.19981243122,NA,NA
2,72,2005,2007,1245,"CarenR_Dist",1480.36513140211,NA,NA
2,72,2005,2008,1177,"CarenR_Dist",1559.15436609684,NA,NA
2,72,2005,2009,1154,"CarenR_Dist",1654.24384117355,NA,NA
2,72,2005,2010,1467,"CarenR_Dist",1887.20397163489,NA,NA
2,72,2005,2011,1187,"CarenR_Dist",1914.07930658992,NA,NA
2,72,2005,2012,1200,"CarenR_Dist",1769.28786991587,NA,NA
2,72,2005,2013,1372,"CarenR_Dist",1990.46100589871,NA,NA
2,72,2005,2014,1246,"CarenR_Dist",1845.98388907742,NA,NA
2,72,2005,2015,1440,"CarenR_Dist",2064.10866441926,NA,NA
2,72,2005,2016,1160,"CarenR_Dist",2122.66435540132,NA,NA
2,72,2005,2017,1277,"CarenR_Dist",1961.02791781975,NA,NA
2,72,2005,2018,1160,"CarenR_Dist",1852.20141476847,NA,NA
2,72,2005,2019,1571,"CarenR_Dist",2221.40631715011,NA,NA
2,72,2005,2020,1122,"CarenR_Dist",2076.07194656208,NA,NA
2,72,2005,2021,1453,"CarenR_Dist",2049.742005267,NA,NA
2,72,2005,2022,1287,"CarenR_Dist",2347.3800866042,NA,NA
2,72,2005,2006,1518,"CarenR_Dist_FS",1539.19981243122,NA,NA
2,72,2005,2007,1245,"CarenR_Dist_FS",1577.547822012,NA,NA
2,72,2005,2008,1177,"CarenR_Dist_FS",1615.89583159277,NA,NA
2,72,2005,2009,1154,"CarenR_Dist_FS",1654.24384117355,NA,NA
2,72,2005,2010,1467,"CarenR_Dist_FS",1692.59185075432,NA,NA
2,72,2005,2011,1187,"CarenR_Dist_FS",1730.9398603351,NA,NA
2,72,2005,2012,1200,"CarenR_Dist_FS",1769.28786991587,NA,NA
2,72,2005,2013,1372,"CarenR_Dist_FS",1807.63587949665,NA,NA
2,72,2005,2014,1246,"CarenR_Dist_FS",1845.98388907742,NA,NA
2,72,2005,2015,1440,"CarenR_Dist_FS",1884.3318986582,NA,NA
2,72,2005,2016,1160,"CarenR_Dist_FS",1922.67990823898,NA,NA
2,72,2005,2017,1277,"CarenR_Dist_FS",1961.02791781975,NA,NA
2,72,2005,2018,1160,"CarenR_Dist_FS",1999.37592740053,NA,NA
2,72,2005,2019,1571,"CarenR_Dist_FS",2037.7239369813,NA,NA
2,72,2005,2020,1122,"CarenR_Dist_FS",2076.07194656208,NA,NA
2,72,2005,2021,1453,"CarenR_Dist_FS",2114.41995614285,NA,NA
2,72,2005,2022,1287,"CarenR_Dist_FS",2152.76796572363,NA,NA
2,72,2005,2006,1518,"CarenR_Dist_Thresh",1539.19981243122,NA,NA
2,72,2005,2007,1245,"CarenR_Dist_Thresh",1577.547822012,NA,NA
2,72,2005,2008,1177,"CarenR_Dist_Thresh",1615.89583159277,NA,NA
2,72,2005,2009,1154,"CarenR_Dist_Thresh",1654.24384117355,NA,NA
2,72,2005,2010,1467,"CarenR_Dist_Thresh",1692.59185075432,NA,NA
2,72,2005,2011,1187,"CarenR_Dist_Thresh",1730.9398603351,NA,NA
2,72,2005,2012,1200,"CarenR_Dist_Thresh",1769.28786991587,NA,NA
2,72,2005,2013,1372,"CarenR_Dist_Thresh",1807.63587949665,NA,NA
2,72,2005,2014,1246,"CarenR_Dist_Thresh",1845.98388907742,NA,NA
2,72,2005,2015,1440,"CarenR_Dist_Thresh",1884.3318986582,NA,NA
2,72,2005,2016,1160,"CarenR_Dist_Thresh",1922.67990823898,NA,NA
2,72,2005,2017,1277,"CarenR_Dist_Thresh",1961.02791781975,NA,NA
2,72,2005,2018,1160,"CarenR_Dist_Thresh",1999.37592740053,NA,NA
2,72,2005,2019,1571,"CarenR_Dist_Thresh",2037.7239369813,NA,NA
2,72,2005,2020,1122,"CarenR_Dist_Thresh",2076.07194656208,NA,NA
2,72,2005,2021,1453,"CarenR_Dist_Thresh",2114.41995614285,NA,NA
2,72,2005,2022,1287,"CarenR_Dist_Thresh",2152.76796572363,NA,NA
2,72,2005,2006,1518,"CarenR_Dist_Sup",1539.19981243122,NA,NA
2,72,2005,2007,1245,"CarenR_Dist_Sup",1452.86112085793,NA,NA
2,72,2005,2008,1177,"CarenR_Dist_Sup",1491.2091304387,NA,NA
2,72,2005,2009,1154,"CarenR_Dist_Sup",1654.24384117355,NA,NA
2,72,2005,2010,1467,"CarenR_Dist_Sup",1692.59185075432,NA,NA
2,72,2005,2011,1187,"CarenR_Dist_Sup",1730.9398603351,NA,NA
2,72,2005,2012,1200,"CarenR_Dist_Sup",1769.28786991587,NA,NA
2,72,2005,2013,1372,"CarenR_Dist_Sup",1807.63587949665,NA,NA
2,72,2005,2014,1246,"CarenR_Dist_Sup",1845.98388907742,NA,NA
2,72,2005,2015,1440,"CarenR_Dist_Sup",1884.3318986582,NA,NA
2,72,2005,2016,1160,"CarenR_Dist_Sup",1922.67990823898,NA,NA
2,72,2005,2017,1277,"CarenR_Dist_Sup",1961.02791781975,NA,NA
2,72,2005,2018,1160,"CarenR_Dist_Sup",1874.68922624646,NA,NA
2,72,2005,2019,1571,"CarenR_Dist_Sup",2037.7239369813,NA,NA
2,72,2005,2020,1122,"CarenR_Dist_Sup",2076.07194656208,NA,NA
2,72,2005,2021,1453,"CarenR_Dist_Sup",2114.41995614285,NA,NA
2,72,2005,2022,1287,"CarenR_Dist_Sup",2152.76796572363,NA,NA
2,72,2005,2006,1518,"CarenR_Dist_Sup_Thresh",1539.19981243122,NA,NA
2,72,2005,2007,1245,"CarenR_Dist_Sup_Thresh",1577.547822012,NA,NA
2,72,2005,2008,1177,"CarenR_Dist_Sup_Thresh",1615.89583159277,NA,NA
2,72,2005,2009,1154,"CarenR_Dist_Sup_Thresh",1654.24384117355,NA,NA
2,72,2005,2010,1467,"CarenR_Dist_Sup_Thresh",1692.59185075432,NA,NA
2,72,2005,2011,1187,"CarenR_Dist_Sup_Thresh",1730.9398603351,NA,NA
2,72,2005,2012,1200,"CarenR_Dist_Sup_Thresh",1769.28786991587,NA,NA
2,72,2005,2013,1372,"CarenR_Dist_Sup_Thresh",1807.63587949665,NA,NA
2,72,2005,2014,1246,"CarenR_Dist_Sup_Thresh",1845.98388907742,NA,NA
2,72,2005,2015,1440,"CarenR_Dist_Sup_Thresh",1884.3318986582,NA,NA
2,72,2005,2016,1160,"CarenR_Dist_Sup_Thresh",1922.67990823898,NA,NA
2,72,2005,2017,1277,"CarenR_Dist_Sup_Thresh",1961.02791781975,NA,NA
2,72,2005,2018,1160,"CarenR_Dist_Sup_Thresh",1999.37592740053,NA,NA
2,72,2005,2019,1571,"CarenR_Dist_Sup_Thresh",2037.7239369813,NA,NA
2,72,2005,2020,1122,"CarenR_Dist_Sup_Thresh",2076.07194656208,NA,NA
2,72,2005,2021,1453,"CarenR_Dist_Sup_Thresh",2114.41995614285,NA,NA
2,72,2005,2022,1287,"CarenR_Dist_Sup_Thresh",2152.76796572363,NA,NA
2,72,2005,2006,1518,"CarenR_Dist_Eta2",1539.19981243122,NA,NA
2,72,2005,2007,1245,"CarenR_Dist_Eta2",1577.547822012,NA,NA
2,72,2005,2008,1177,"CarenR_Dist_Eta2",1615.89583159277,NA,NA
2,72,2005,2009,1154,"CarenR_Dist_Eta2",1654.24384117355,NA,NA
2,72,2005,2010,1467,"CarenR_Dist_Eta2",1887.20397163489,NA,NA
2,72,2005,2011,1187,"CarenR_Dist_Eta2",1730.9398603351,NA,NA
2,72,2005,2012,1200,"CarenR_Dist_Eta2",1769.28786991587,NA,NA
2,72,2005,2013,1372,"CarenR_Dist_Eta2",2002.24800037722,NA,NA
2,72,2005,2014,1246,"CarenR_Dist_Eta2",1845.98388907742,NA,NA
2,72,2005,2015,1440,"CarenR_Dist_Eta2",1884.3318986582,NA,NA
2,72,2005,2016,1160,"CarenR_Dist_Eta2",1922.67990823898,NA,NA
2,72,2005,2017,1277,"CarenR_Dist_Eta2",1961.02791781975,NA,NA
2,72,2005,2018,1160,"CarenR_Dist_Eta2",1999.37592740053,NA,NA
2,72,2005,2019,1571,"CarenR_Dist_Eta2",2232.33605786187,NA,NA
2,72,2005,2020,1122,"CarenR_Dist_Eta2",2076.07194656208,NA,NA
2,72,2005,2021,1453,"CarenR_Dist_Eta2",2114.41995614285,NA,NA
2,72,2005,2022,1287,"CarenR_Dist_Eta2",2347.3800866042,NA,NA
2,72,2005,2006,1518,"CarenR_Dist_Lag",1539.19981243122,NA,NA
2,72,2005,2007,1245,"CarenR_Dist_Lag",1577.547822012,NA,NA
2,72,2005,2008,1177,"CarenR_Dist_Lag",1615.89583159277,NA,NA
2,72,2005,2009,1154,"CarenR_Dist_Lag",1654.24384117355,NA,NA
2,72,2005,2010,1467,"CarenR_Dist_Lag",1692.59185075432,NA,NA
2,72,2005,2011,1187,"CarenR_Dist_Lag",1730.9398603351,NA,NA
2,72,2005,2012,1200,"CarenR_Dist_Lag",1769.28786991587,NA,NA
2,72,2005,2013,1372,"CarenR_Dist_Lag",1807.63587949665,NA,NA
2,72,2005,2014,1246,"CarenR_Dist_Lag",1845.98388907742,NA,NA
2,72,2005,2015,1440,"CarenR_Dist_Lag",1884.3318986582,NA,NA
2,72,2005,2016,1160,"CarenR_Dist_Lag",1922.67990823898,NA,NA
2,72,2005,2017,1277,"CarenR_Dist_Lag",1961.02791781975,NA,NA
2,72,2005,2018,1160,"CarenR_Dist_Lag",1999.37592740053,NA,NA
2,72,2005,2019,1571,"CarenR_Dist_Lag",2037.7239369813,NA,NA
2,72,2005,2020,1122,"CarenR_Dist_Lag",2076.07194656208,NA,NA
2,72,2005,2021,1453,"CarenR_Dist_Lag",2114.41995614285,NA,NA
2,72,2005,2022,1287,"CarenR_Dist_Lag",2152.76796572363,NA,NA
2,72,2005,2006,1518,"CarenR_Dist_Conf",1539.19981243122,NA,NA
2,72,2005,2007,1245,"CarenR_Dist_Conf",1577.547822012,NA,NA
2,72,2005,2008,1177,"CarenR_Dist_Conf",1615.89583159277,NA,NA
2,72,2005,2009,1154,"CarenR_Dist_Conf",1654.24384117355,NA,NA
2,72,2005,2010,1467,"CarenR_Dist_Conf",1692.59185075432,NA,NA
2,72,2005,2011,1187,"CarenR_Dist_Conf",1730.9398603351,NA,NA
2,72,2005,2012,1200,"CarenR_Dist_Conf",1769.28786991587,NA,NA
2,72,2005,2013,1372,"CarenR_Dist_Conf",1807.63587949665,NA,NA
2,72,2005,2014,1246,"CarenR_Dist_Conf",1845.98388907742,NA,NA
2,72,2005,2015,1440,"CarenR_Dist_Conf",1884.3318986582,NA,NA
2,72,2005,2016,1160,"CarenR_Dist_Conf",1922.67990823898,NA,NA
2,72,2005,2017,1277,"CarenR_Dist_Conf",1961.02791781975,NA,NA
2,72,2005,2018,1160,"CarenR_Dist_Conf",1999.37592740053,NA,NA
2,72,2005,2019,1571,"CarenR_Dist_Conf",2037.7239369813,NA,NA
2,72,2005,2020,1122,"CarenR_Dist_Conf",2076.07194656208,NA,NA
2,72,2005,2021,1453,"CarenR_Dist_Conf",2114.41995614285,NA,NA
2,72,2005,2022,1287,"CarenR_Dist_Conf",2152.76796572363,NA,NA
2,72,2005,2006,1518,"CarenR_Dist_Stack",1587.01666751707,NA,NA
2,72,2005,2007,1245,"CarenR_Dist_Stack",1610.48173643347,NA,NA
2,72,2005,2008,1177,"CarenR_Dist_Stack",1660.04064975937,NA,NA
2,72,2005,2009,1154,"CarenR_Dist_Stack",1784.89831874871,NA,NA
2,72,2005,2010,1467,"CarenR_Dist_Stack",1852.7956744133,NA,NA
2,72,2005,2011,1187,"CarenR_Dist_Stack",1908.18954666515,NA,NA
2,72,2005,2012,1200,"CarenR_Dist_Stack",1870.22407610182,NA,NA
2,72,2005,2013,1372,"CarenR_Dist_Stack",1997.0267313998,NA,NA
2,72,2005,2014,1246,"CarenR_Dist_Stack",2042.41781692146,NA,NA
2,72,2005,2015,1440,"CarenR_Dist_Stack",2043.62992771806,NA,NA
2,72,2005,2016,1160,"CarenR_Dist_Stack",2127.64288422576,NA,NA
2,72,2005,2017,1277,"CarenR_Dist_Stack",2122.74218090947,NA,NA
2,72,2005,2018,1160,"CarenR_Dist_Stack",2249.54483620745,NA,NA
2,72,2005,2019,1571,"CarenR_Dist_Stack",2266.03898228631,NA,NA
2,72,2005,2020,1122,"CarenR_Dist_Stack",2347.55124211145,NA,NA
2,72,2005,2021,1453,"CarenR_Dist_Stack",2282.35596322703,NA,NA
2,72,2005,2022,1287,"CarenR_Dist_Stack",2456.11614511955,NA,NA
2,72,2005,2006,1518,"CarenR_Dist_Sup_FS",1539.19981243122,NA,NA
2,72,2005,2007,1245,"CarenR_Dist_Sup_FS",1577.547822012,NA,NA
2,72,2005,2008,1177,"CarenR_Dist_Sup_FS",1615.89583159277,NA,NA
2,72,2005,2009,1154,"CarenR_Dist_Sup_FS",1654.24384117355,NA,NA
2,72,2005,2010,1467,"CarenR_Dist_Sup_FS",1692.59185075432,NA,NA
2,72,2005,2011,1187,"CarenR_Dist_Sup_FS",1730.9398603351,NA,NA
2,72,2005,2012,1200,"CarenR_Dist_Sup_FS",1769.28786991587,NA,NA
2,72,2005,2013,1372,"CarenR_Dist_Sup_FS",1807.63587949665,NA,NA
2,72,2005,2014,1246,"CarenR_Dist_Sup_FS",1845.98388907742,NA,NA
2,72,2005,2015,1440,"CarenR_Dist_Sup_FS",1884.3318986582,NA,NA
2,72,2005,2016,1160,"CarenR_Dist_Sup_FS",1922.67990823898,NA,NA
2,72,2005,2017,1277,"CarenR_Dist_Sup_FS",1961.02791781975,NA,NA
2,72,2005,2018,1160,"CarenR_Dist_Sup_FS",1999.37592740053,NA,NA
2,72,2005,2019,1571,"CarenR_Dist_Sup_FS",2037.7239369813,NA,NA
2,72,2005,2020,1122,"CarenR_Dist_Sup_FS",2076.07194656208,NA,NA
2,72,2005,2021,1453,"CarenR_Dist_Sup_FS",2114.41995614285,NA,NA
2,72,2005,2022,1287,"CarenR_Dist_Sup_FS",2152.76796572363,NA,NA
2,72,2005,2006,1518,"CarenR_Supervised",1539.19981243122,NA,NA
2,72,2005,2007,1245,"CarenR_Supervised",1433.04858417661,NA,NA
2,72,2005,2008,1177,"CarenR_Supervised",1471.39659375738,NA,NA
2,72,2005,2009,1154,"CarenR_Supervised",1654.24384117355,NA,NA
2,72,2005,2010,1467,"CarenR_Supervised",1793.57124337647,NA,NA
2,72,2005,2011,1187,"CarenR_Supervised",1738.51835235118,NA,NA
2,72,2005,2012,1200,"CarenR_Supervised",1957.43958954915,NA,NA
2,72,2005,2013,1372,"CarenR_Supervised",1975.48235871999,NA,NA
2,72,2005,2014,1246,"CarenR_Supervised",1747.60403120003,NA,NA
2,72,2005,2015,1440,"CarenR_Supervised",2052.17837788154,NA,NA
2,72,2005,2016,1160,"CarenR_Supervised",1809.87535947893,NA,NA
2,72,2005,2017,1277,"CarenR_Supervised",1848.2233690597,NA,NA
2,72,2005,2018,1160,"CarenR_Supervised",1885.87496134018,NA,NA
2,72,2005,2019,1571,"CarenR_Supervised",2205.57041620464,NA,NA
2,72,2005,2020,1122,"CarenR_Supervised",1963.26739780203,NA,NA
2,72,2005,2021,1453,"CarenR_Supervised",2001.6154073828,NA,NA
2,72,2005,2022,1287,"CarenR_Supervised",2237.8343037638,NA,NA
2,72,2005,2006,1518,"M5Rules",1539.61478139424,NA,NA
2,72,2005,2007,1245,"M5Rules",1431.23339079517,NA,NA
2,72,2005,2008,1177,"M5Rules",1545.38778397573,NA,NA
2,72,2005,2009,1154,"M5Rules",1826.31356285631,NA,NA
2,72,2005,2010,1467,"M5Rules",1734.9245950852,NA,NA
2,72,2005,2011,1187,"M5Rules",1744.45800714991,NA,NA
2,72,2005,2012,1200,"M5Rules",1895.00365701693,NA,NA
2,72,2005,2013,1372,"M5Rules",1939.67317936652,NA,NA
2,72,2005,2014,1246,"M5Rules",1698.91953456739,NA,NA
2,72,2005,2015,1440,"M5Rules",2124.06293017929,NA,NA
2,72,2005,2016,1160,"M5Rules",1966.88670570296,NA,NA
2,72,2005,2017,1277,"M5Rules",2043.00260590085,NA,NA
2,72,2005,2018,1160,"M5Rules",1916.88421053945,NA,NA
2,72,2005,2019,1571,"M5Rules",2196.26470296025,NA,NA
2,72,2005,2020,1122,"M5Rules",2200.8338945365,NA,NA
2,72,2005,2021,1453,"M5Rules",2247.84162643708,NA,NA
2,72,2005,2022,1287,"M5Rules",2362.47584964851,NA,NA
3,73,2006,2007,1245,"Naive",1595.23182339556,NA,NA
3,73,2006,2008,1177,"Naive",1633.69476948589,NA,NA
3,73,2006,2009,1154,"Naive",1672.15771557622,NA,NA
3,73,2006,2010,1467,"Naive",1710.62066166656,NA,NA
3,73,2006,2011,1187,"Naive",1749.08360775689,NA,NA
3,73,2006,2012,1200,"Naive",1787.54655384722,NA,NA
3,73,2006,2013,1372,"Naive",1826.00949993755,NA,NA
3,73,2006,2014,1246,"Naive",1864.47244602789,NA,NA
3,73,2006,2015,1440,"Naive",1902.93539211823,NA,NA
3,73,2006,2016,1160,"Naive",1941.39833820855,NA,NA
3,73,2006,2017,1277,"Naive",1979.86128429889,NA,NA
3,73,2006,2018,1160,"Naive",2018.32423038923,NA,NA
3,73,2006,2019,1571,"Naive",2056.78717647955,NA,NA
3,73,2006,2020,1122,"Naive",2095.25012256989,NA,NA
3,73,2006,2021,1453,"Naive",2133.71306866023,NA,NA
3,73,2006,2022,1287,"Naive",2172.17601475057,NA,NA
3,73,2006,2007,1245,"Naive_Median",1563.90808543761,NA,NA
3,73,2006,2008,1177,"Naive_Median",1602.37103152794,NA,NA
3,73,2006,2009,1154,"Naive_Median",1640.83397761827,NA,NA
3,73,2006,2010,1467,"Naive_Median",1679.2969237086,NA,NA
3,73,2006,2011,1187,"Naive_Median",1717.75986979894,NA,NA
3,73,2006,2012,1200,"Naive_Median",1756.22281588927,NA,NA
3,73,2006,2013,1372,"Naive_Median",1794.6857619796,NA,NA
3,73,2006,2014,1246,"Naive_Median",1833.14870806994,NA,NA
3,73,2006,2015,1440,"Naive_Median",1871.61165416028,NA,NA
3,73,2006,2016,1160,"Naive_Median",1910.0746002506,NA,NA
3,73,2006,2017,1277,"Naive_Median",1948.53754634094,NA,NA
3,73,2006,2018,1160,"Naive_Median",1987.00049243128,NA,NA
3,73,2006,2019,1571,"Naive_Median",2025.4634385216,NA,NA
3,73,2006,2020,1122,"Naive_Median",2063.92638461194,NA,NA
3,73,2006,2021,1453,"Naive_Median",2102.38933070228,NA,NA
3,73,2006,2022,1287,"Naive_Median",2140.85227679262,NA,NA
3,73,2006,2007,1245,"Naive_MA",1557.22566619202,NA,NA
3,73,2006,2008,1177,"Naive_MA",1595.68861228236,NA,NA
3,73,2006,2009,1154,"Naive_MA",1634.15155837268,NA,NA
3,73,2006,2010,1467,"Naive_MA",1672.61450446302,NA,NA
3,73,2006,2011,1187,"Naive_MA",1711.07745055335,NA,NA
3,73,2006,2012,1200,"Naive_MA",1749.54039664368,NA,NA
3,73,2006,2013,1372,"Naive_MA",1788.00334273402,NA,NA
3,73,2006,2014,1246,"Naive_MA",1826.46628882435,NA,NA
3,73,2006,2015,1440,"Naive_MA",1864.92923491469,NA,NA
3,73,2006,2016,1160,"Naive_MA",1903.39218100502,NA,NA
3,73,2006,2017,1277,"Naive_MA",1941.85512709535,NA,NA
3,73,2006,2018,1160,"Naive_MA",1980.31807318569,NA,NA
3,73,2006,2019,1571,"Naive_MA",2018.78101927601,NA,NA
3,73,2006,2020,1122,"Naive_MA",2057.24396536635,NA,NA
3,73,2006,2021,1453,"Naive_MA",2095.70691145669,NA,NA
3,73,2006,2022,1287,"Naive_MA",2134.16985754703,NA,NA
3,73,2006,2007,1245,"DT",1401.45826655263,NA,NA
3,73,2006,2008,1177,"DT",1698.33371269691,NA,NA
3,73,2006,2009,1154,"DT",2006.50417202989,NA,NA
3,73,2006,2010,1467,"DT",1562.87346542527,NA,NA
3,73,2006,2011,1187,"DT",1601.33641151561,NA,NA
3,73,2006,2012,1200,"DT",2024.96709301302,NA,NA
3,73,2006,2013,1372,"DT",2002.03994675029,NA,NA
3,73,2006,2014,1246,"DT",1670.69888918497,NA,NA
3,73,2006,2015,1440,"DT",2078.96583893096,NA,NA
3,73,2006,2016,1160,"DT",1922.27013940213,NA,NA
3,73,2006,2017,1277,"DT",1960.73308549246,NA,NA
3,73,2006,2018,1160,"DT",1824.55067354631,NA,NA
3,73,2006,2019,1571,"DT",2090.02492629408,NA,NA
3,73,2006,2020,1122,"DT",2076.12192376346,NA,NA
3,73,2006,2021,1453,"DT",2468.05952511391,NA,NA
3,73,2006,2022,1287,"DT",2240.39313259538,NA,NA
3,73,2006,2007,1245,"Ripper",1321.40596103976,1260.79034513572,1382.0215769438
3,73,2006,2008,1177,"Ripper",1359.86890713009,1299.25329122605,1420.48452303413
3,73,2006,2009,1154,"Ripper",1748.53164831514,1718.85524646156,1778.20805016872
3,73,2006,2010,1467,"Ripper",1786.99459440548,1757.3181925519,1816.67099625906
3,73,2006,2011,1187,"Ripper",1825.45754049582,1795.78113864223,1855.1339423494
3,73,2006,2012,1200,"Ripper",1513.72069149142,1453.10507558738,1574.33630739546
3,73,2006,2013,1372,"Ripper",1552.18363758175,1491.56802167771,1612.79925348579
3,73,2006,2014,1246,"Ripper",2167.87271904489,2091.86658110778,2243.87885698199
3,73,2006,2015,1440,"Ripper",1979.30932485715,1949.63292300357,2008.98572671073
3,73,2006,2016,1160,"Ripper",1667.57247585275,1606.95685994871,1728.18809175679
3,73,2006,2017,1277,"Ripper",2056.23521703781,2026.55881518423,2085.9116188914
3,73,2006,2018,1160,"Ripper",2094.69816312815,2065.02176127457,2124.37456498173
3,73,2006,2019,1571,"Ripper",2133.16110921848,2103.48470736489,2162.83751107206
3,73,2006,2020,1122,"Ripper",1821.42426021409,1760.80864431005,1882.03987611813
3,73,2006,2021,1453,"Ripper",1859.88720630443,1799.27159040039,1920.50282220847
3,73,2006,2022,1287,"Ripper",2475.57628776756,2399.57014983045,2551.58242570467
3,73,2006,2007,1245,"CarenR_Dist",1508.68058738501,NA,NA
3,73,2006,2008,1177,"CarenR_Dist",1568.44512254289,NA,NA
3,73,2006,2009,1154,"CarenR_Dist",1839.25454808377,NA,NA
3,73,2006,2010,1467,"CarenR_Dist",1859.21098926068,NA,NA
3,73,2006,2011,1187,"CarenR_Dist",1896.90871688434,NA,NA
3,73,2006,2012,1200,"CarenR_Dist",1935.9342630747,NA,NA
3,73,2006,2013,1372,"CarenR_Dist",1972.97054063305,NA,NA
3,73,2006,2014,1246,"CarenR_Dist",1833.14870806994,NA,NA
3,73,2006,2015,1440,"CarenR_Dist",2046.34798469867,NA,NA
3,73,2006,2016,1160,"CarenR_Dist",2108.79346779398,NA,NA
3,73,2006,2017,1277,"CarenR_Dist",2146.46177507346,NA,NA
3,73,2006,2018,1160,"CarenR_Dist",1845.33094133012,NA,NA
3,73,2006,2019,1571,"CarenR_Dist",2205.22430204168,NA,NA
3,73,2006,2020,1122,"CarenR_Dist",1893.44263842604,NA,NA
3,73,2006,2021,1453,"CarenR_Dist",2065.47393885555,NA,NA
3,73,2006,2022,1287,"CarenR_Dist",2320.76634234469,NA,NA
3,73,2006,2007,1245,"CarenR_Dist_FS",1563.90808543761,NA,NA
3,73,2006,2008,1177,"CarenR_Dist_FS",1602.37103152794,NA,NA
3,73,2006,2009,1154,"CarenR_Dist_FS",1640.83397761827,NA,NA
3,73,2006,2010,1467,"CarenR_Dist_FS",1847.41841900044,NA,NA
3,73,2006,2011,1187,"CarenR_Dist_FS",1885.88136509078,NA,NA
3,73,2006,2012,1200,"CarenR_Dist_FS",1924.3443111811,NA,NA
3,73,2006,2013,1372,"CarenR_Dist_FS",1962.80725727144,NA,NA
3,73,2006,2014,1246,"CarenR_Dist_FS",1833.14870806994,NA,NA
3,73,2006,2015,1440,"CarenR_Dist_FS",2039.73314945211,NA,NA
3,73,2006,2016,1160,"CarenR_Dist_FS",1910.0746002506,NA,NA
3,73,2006,2017,1277,"CarenR_Dist_FS",1948.53754634094,NA,NA
3,73,2006,2018,1160,"CarenR_Dist_FS",1987.00049243128,NA,NA
3,73,2006,2019,1571,"CarenR_Dist_FS",2193.58493381344,NA,NA
3,73,2006,2020,1122,"CarenR_Dist_FS",2063.92638461194,NA,NA
3,73,2006,2021,1453,"CarenR_Dist_FS",2102.38933070228,NA,NA
3,73,2006,2022,1287,"CarenR_Dist_FS",2308.97377208445,NA,NA
3,73,2006,2007,1245,"CarenR_Dist_Thresh",1563.90808543761,NA,NA
3,73,2006,2008,1177,"CarenR_Dist_Thresh",1602.37103152794,NA,NA
3,73,2006,2009,1154,"CarenR_Dist_Thresh",1640.83397761827,NA,NA
3,73,2006,2010,1467,"CarenR_Dist_Thresh",1847.41841900044,NA,NA
3,73,2006,2011,1187,"CarenR_Dist_Thresh",1885.88136509078,NA,NA
3,73,2006,2012,1200,"CarenR_Dist_Thresh",1924.3443111811,NA,NA
3,73,2006,2013,1372,"CarenR_Dist_Thresh",1962.80725727144,NA,NA
3,73,2006,2014,1246,"CarenR_Dist_Thresh",1833.14870806994,NA,NA
3,73,2006,2015,1440,"CarenR_Dist_Thresh",2039.73314945211,NA,NA
3,73,2006,2016,1160,"CarenR_Dist_Thresh",1910.0746002506,NA,NA
3,73,2006,2017,1277,"CarenR_Dist_Thresh",1948.53754634094,NA,NA
3,73,2006,2018,1160,"CarenR_Dist_Thresh",1987.00049243128,NA,NA
3,73,2006,2019,1571,"CarenR_Dist_Thresh",2193.58493381344,NA,NA
3,73,2006,2020,1122,"CarenR_Dist_Thresh",2063.92638461194,NA,NA
3,73,2006,2021,1453,"CarenR_Dist_Thresh",2102.38933070228,NA,NA
3,73,2006,2022,1287,"CarenR_Dist_Thresh",2308.97377208445,NA,NA
3,73,2006,2007,1245,"CarenR_Dist_Sup",1447.15759066643,NA,NA
3,73,2006,2008,1177,"CarenR_Dist_Sup",1485.62053675677,NA,NA
3,73,2006,2009,1154,"CarenR_Dist_Sup",1640.83397761827,NA,NA
3,73,2006,2010,1467,"CarenR_Dist_Sup",1847.41841900044,NA,NA
3,73,2006,2011,1187,"CarenR_Dist_Sup",1885.88136509078,NA,NA
3,73,2006,2012,1200,"CarenR_Dist_Sup",1924.3443111811,NA,NA
3,73,2006,2013,1372,"CarenR_Dist_Sup",1962.80725727144,NA,NA
3,73,2006,2014,1246,"CarenR_Dist_Sup",1833.14870806994,NA,NA
3,73,2006,2015,1440,"CarenR_Dist_Sup",2039.73314945211,NA,NA
3,73,2006,2016,1160,"CarenR_Dist_Sup",1910.0746002506,NA,NA
3,73,2006,2017,1277,"CarenR_Dist_Sup",1948.53754634094,NA,NA
3,73,2006,2018,1160,"CarenR_Dist_Sup",1870.2499976601,NA,NA
3,73,2006,2019,1571,"CarenR_Dist_Sup",2193.58493381344,NA,NA
3,73,2006,2020,1122,"CarenR_Dist_Sup",2063.92638461194,NA,NA
3,73,2006,2021,1453,"CarenR_Dist_Sup",2102.38933070228,NA,NA
3,73,2006,2022,1287,"CarenR_Dist_Sup",2308.97377208445,NA,NA
3,73,2006,2007,1245,"CarenR_Dist_Sup_Thresh",1563.90808543761,NA,NA
3,73,2006,2008,1177,"CarenR_Dist_Sup_Thresh",1602.37103152794,NA,NA
3,73,2006,2009,1154,"CarenR_Dist_Sup_Thresh",1640.83397761827,NA,NA
3,73,2006,2010,1467,"CarenR_Dist_Sup_Thresh",1847.41841900044,NA,NA
3,73,2006,2011,1187,"CarenR_Dist_Sup_Thresh",1885.88136509078,NA,NA
3,73,2006,2012,1200,"CarenR_Dist_Sup_Thresh",1924.3443111811,NA,NA
3,73,2006,2013,1372,"CarenR_Dist_Sup_Thresh",1962.80725727144,NA,NA
3,73,2006,2014,1246,"CarenR_Dist_Sup_Thresh",1833.14870806994,NA,NA
3,73,2006,2015,1440,"CarenR_Dist_Sup_Thresh",2039.73314945211,NA,NA
3,73,2006,2016,1160,"CarenR_Dist_Sup_Thresh",1910.0746002506,NA,NA
3,73,2006,2017,1277,"CarenR_Dist_Sup_Thresh",1948.53754634094,NA,NA
3,73,2006,2018,1160,"CarenR_Dist_Sup_Thresh",1987.00049243128,NA,NA
3,73,2006,2019,1571,"CarenR_Dist_Sup_Thresh",2193.58493381344,NA,NA
3,73,2006,2020,1122,"CarenR_Dist_Sup_Thresh",2063.92638461194,NA,NA
3,73,2006,2021,1453,"CarenR_Dist_Sup_Thresh",2102.38933070228,NA,NA
3,73,2006,2022,1287,"CarenR_Dist_Sup_Thresh",2308.97377208445,NA,NA
3,73,2006,2007,1245,"CarenR_Dist_Eta2",1563.90808543761,NA,NA
3,73,2006,2008,1177,"CarenR_Dist_Eta2",1602.37103152794,NA,NA
3,73,2006,2009,1154,"CarenR_Dist_Eta2",1839.25454808377,NA,NA
3,73,2006,2010,1467,"CarenR_Dist_Eta2",1859.21098926068,NA,NA
3,73,2006,2011,1187,"CarenR_Dist_Eta2",1885.88136509078,NA,NA
3,73,2006,2012,1200,"CarenR_Dist_Eta2",1924.3443111811,NA,NA
3,73,2006,2013,1372,"CarenR_Dist_Eta2",1974.59982753168,NA,NA
3,73,2006,2014,1246,"CarenR_Dist_Eta2",1833.14870806994,NA,NA
3,73,2006,2015,1440,"CarenR_Dist_Eta2",2039.73314945211,NA,NA
3,73,2006,2016,1160,"CarenR_Dist_Eta2",2108.49517071611,NA,NA
3,73,2006,2017,1277,"CarenR_Dist_Eta2",1948.53754634094,NA,NA
3,73,2006,2018,1160,"CarenR_Dist_Eta2",1987.00049243128,NA,NA
3,73,2006,2019,1571,"CarenR_Dist_Eta2",2205.37750407368,NA,NA
3,73,2006,2020,1122,"CarenR_Dist_Eta2",2063.92638461194,NA,NA
3,73,2006,2021,1453,"CarenR_Dist_Eta2",2102.38933070228,NA,NA
3,73,2006,2022,1287,"CarenR_Dist_Eta2",2320.76634234469,NA,NA
3,73,2006,2007,1245,"CarenR_Dist_Lag",1563.90808543761,NA,NA
3,73,2006,2008,1177,"CarenR_Dist_Lag",1602.37103152794,NA,NA
3,73,2006,2009,1154,"CarenR_Dist_Lag",1640.83397761827,NA,NA
3,73,2006,2010,1467,"CarenR_Dist_Lag",1679.2969237086,NA,NA
3,73,2006,2011,1187,"CarenR_Dist_Lag",1717.75986979894,NA,NA
3,73,2006,2012,1200,"CarenR_Dist_Lag",1756.22281588927,NA,NA
3,73,2006,2013,1372,"CarenR_Dist_Lag",1794.6857619796,NA,NA
3,73,2006,2014,1246,"CarenR_Dist_Lag",1833.14870806994,NA,NA
3,73,2006,2015,1440,"CarenR_Dist_Lag",1871.61165416028,NA,NA
3,73,2006,2016,1160,"CarenR_Dist_Lag",1910.0746002506,NA,NA
3,73,2006,2017,1277,"CarenR_Dist_Lag",1948.53754634094,NA,NA
3,73,2006,2018,1160,"CarenR_Dist_Lag",1987.00049243128,NA,NA
3,73,2006,2019,1571,"CarenR_Dist_Lag",2025.4634385216,NA,NA
3,73,2006,2020,1122,"CarenR_Dist_Lag",2063.92638461194,NA,NA
3,73,2006,2021,1453,"CarenR_Dist_Lag",2102.38933070228,NA,NA
3,73,2006,2022,1287,"CarenR_Dist_Lag",2140.85227679262,NA,NA
3,73,2006,2007,1245,"CarenR_Dist_Conf",1563.90808543761,NA,NA
3,73,2006,2008,1177,"CarenR_Dist_Conf",1602.37103152794,NA,NA
3,73,2006,2009,1154,"CarenR_Dist_Conf",1640.83397761827,NA,NA
3,73,2006,2010,1467,"CarenR_Dist_Conf",1847.41841900044,NA,NA
3,73,2006,2011,1187,"CarenR_Dist_Conf",1885.88136509078,NA,NA
3,73,2006,2012,1200,"CarenR_Dist_Conf",1924.3443111811,NA,NA
3,73,2006,2013,1372,"CarenR_Dist_Conf",1962.80725727144,NA,NA
3,73,2006,2014,1246,"CarenR_Dist_Conf",1833.14870806994,NA,NA
3,73,2006,2015,1440,"CarenR_Dist_Conf",2039.73314945211,NA,NA
3,73,2006,2016,1160,"CarenR_Dist_Conf",1910.0746002506,NA,NA
3,73,2006,2017,1277,"CarenR_Dist_Conf",1948.53754634094,NA,NA
3,73,2006,2018,1160,"CarenR_Dist_Conf",1987.00049243128,NA,NA
3,73,2006,2019,1571,"CarenR_Dist_Conf",2193.58493381344,NA,NA
3,73,2006,2020,1122,"CarenR_Dist_Conf",2063.92638461194,NA,NA
3,73,2006,2021,1453,"CarenR_Dist_Conf",2102.38933070228,NA,NA
3,73,2006,2022,1287,"CarenR_Dist_Conf",2308.97377208445,NA,NA
3,73,2006,2007,1245,"CarenR_Dist_Stack",1551.47706989689,NA,NA
3,73,2006,2008,1177,"CarenR_Dist_Stack",1600.14928684168,NA,NA
3,73,2006,2009,1154,"CarenR_Dist_Stack",1709.33036101811,NA,NA
3,73,2006,2010,1467,"CarenR_Dist_Stack",1915.28417705724,NA,NA
3,73,2006,2011,1187,"CarenR_Dist_Stack",1967.7023770509,NA,NA
3,73,2006,2012,1200,"CarenR_Dist_Stack",1943.83127414286,NA,NA
3,73,2006,2013,1372,"CarenR_Dist_Stack",2054.60170879643,NA,NA
3,73,2006,2014,1246,"CarenR_Dist_Stack",1955.52775621519,NA,NA
3,73,2006,2015,1440,"CarenR_Dist_Stack",2106.98921303884,NA,NA
3,73,2006,2016,1160,"CarenR_Dist_Stack",2039.47541850322,NA,NA
3,73,2006,2017,1277,"CarenR_Dist_Stack",2042.62344370622,NA,NA
3,73,2006,2018,1160,"CarenR_Dist_Stack",2153.39387835978,NA,NA
3,73,2006,2019,1571,"CarenR_Dist_Stack",2317.34316750363,NA,NA
3,73,2006,2020,1122,"CarenR_Dist_Stack",2247.78590949745,NA,NA
3,73,2006,2021,1453,"CarenR_Dist_Stack",2201.66375990977,NA,NA
3,73,2006,2022,1287,"CarenR_Dist_Stack",2494.12419620348,NA,NA
3,73,2006,2007,1245,"CarenR_Dist_Sup_FS",1563.90808543761,NA,NA
3,73,2006,2008,1177,"CarenR_Dist_Sup_FS",1602.37103152794,NA,NA
3,73,2006,2009,1154,"CarenR_Dist_Sup_FS",1640.83397761827,NA,NA
3,73,2006,2010,1467,"CarenR_Dist_Sup_FS",1847.41841900044,NA,NA
3,73,2006,2011,1187,"CarenR_Dist_Sup_FS",1885.88136509078,NA,NA
3,73,2006,2012,1200,"CarenR_Dist_Sup_FS",1924.3443111811,NA,NA
3,73,2006,2013,1372,"CarenR_Dist_Sup_FS",1962.80725727144,NA,NA
3,73,2006,2014,1246,"CarenR_Dist_Sup_FS",1833.14870806994,NA,NA
3,73,2006,2015,1440,"CarenR_Dist_Sup_FS",2039.73314945211,NA,NA
3,73,2006,2016,1160,"CarenR_Dist_Sup_FS",1910.0746002506,NA,NA
3,73,2006,2017,1277,"CarenR_Dist_Sup_FS",1948.53754634094,NA,NA
3,73,2006,2018,1160,"CarenR_Dist_Sup_FS",1987.00049243128,NA,NA
3,73,2006,2019,1571,"CarenR_Dist_Sup_FS",2193.58493381344,NA,NA
3,73,2006,2020,1122,"CarenR_Dist_Sup_FS",2063.92638461194,NA,NA
3,73,2006,2021,1453,"CarenR_Dist_Sup_FS",2102.38933070228,NA,NA
3,73,2006,2022,1287,"CarenR_Dist_Sup_FS",2308.97377208445,NA,NA
3,73,2006,2007,1245,"CarenR_Supervised",1618.36485911856,NA,NA
3,73,2006,2008,1177,"CarenR_Supervised",1656.8278052089,NA,NA
3,73,2006,2009,1154,"CarenR_Supervised",1640.83397761827,NA,NA
3,73,2006,2010,1467,"CarenR_Supervised",1861.95040826349,NA,NA
3,73,2006,2011,1187,"CarenR_Supervised",1800.75853203542,NA,NA
3,73,2006,2012,1200,"CarenR_Supervised",1933.52021819761,NA,NA
3,73,2006,2013,1372,"CarenR_Supervised",1977.33924653449,NA,NA
3,73,2006,2014,1246,"CarenR_Supervised",1720.79778574752,NA,NA
3,73,2006,2015,1440,"CarenR_Supervised",2048.80787130132,NA,NA
3,73,2006,2016,1160,"CarenR_Supervised",1809.27536774183,NA,NA
3,73,2006,2017,1277,"CarenR_Supervised",1847.73831383217,NA,NA
3,73,2006,2018,1160,"CarenR_Supervised",1860.13087389746,NA,NA
3,73,2006,2019,1571,"CarenR_Supervised",2201.11456559701,NA,NA
3,73,2006,2020,1122,"CarenR_Supervised",2083.4827300536,NA,NA
3,73,2006,2021,1453,"CarenR_Supervised",2001.59009819351,NA,NA
3,73,2006,2022,1287,"CarenR_Supervised",2280.54617350648,NA,NA
3,73,2006,2007,1245,"M5Rules",1502.07678272532,NA,NA
3,73,2006,2008,1177,"M5Rules",1566.19887528649,NA,NA
3,73,2006,2009,1154,"M5Rules",1669.06269905558,NA,NA
3,73,2006,2010,1467,"M5Rules",1738.61955948326,NA,NA
3,73,2006,2011,1187,"M5Rules",1794.69560644133,NA,NA
3,73,2006,2012,1200,"M5Rules",1870.32015486246,NA,NA
3,73,2006,2013,1372,"M5Rules",1937.14738032047,NA,NA
3,73,2006,2014,1246,"M5Rules",1825.83352984366,NA,NA
3,73,2006,2015,1440,"M5Rules",2018.7247984193,NA,NA
3,73,2006,2016,1160,"M5Rules",2052.03449782383,NA,NA
3,73,2006,2017,1277,"M5Rules",1934.68325277341,NA,NA
3,73,2006,2018,1160,"M5Rules",1811.49612096055,NA,NA
3,73,2006,2019,1571,"M5Rules",2245.73389339524,NA,NA
3,73,2006,2020,1122,"M5Rules",2169.1333027833,NA,NA
3,73,2006,2021,1453,"M5Rules",2099.49141286329,NA,NA
3,73,2006,2022,1287,"M5Rules",2332.77269179916,NA,NA
4,74,2007,2008,1177,"Naive",1509.3976099439,NA,NA
4,74,2007,2009,1154,"Naive",1532.7542327293,NA,NA
4,74,2007,2010,1467,"Naive",1556.11085551471,NA,NA
4,74,2007,2011,1187,"Naive",1579.46747830011,NA,NA
4,74,2007,2012,1200,"Naive",1602.82410108551,NA,NA
4,74,2007,2013,1372,"Naive",1626.18072387091,NA,NA
4,74,2007,2014,1246,"Naive",1649.53734665632,NA,NA
4,74,2007,2015,1440,"Naive",1672.89396944173,NA,NA
4,74,2007,2016,1160,"Naive",1696.25059222713,NA,NA
4,74,2007,2017,1277,"Naive",1719.60721501253,NA,NA
4,74,2007,2018,1160,"Naive",1742.96383779793,NA,NA
4,74,2007,2019,1571,"Naive",1766.32046058334,NA,NA
4,74,2007,2020,1122,"Naive",1789.67708336874,NA,NA
4,74,2007,2021,1453,"Naive",1813.03370615414,NA,NA
4,74,2007,2022,1287,"Naive",1836.39032893954,NA,NA
4,74,2007,2008,1177,"Naive_Median",1490.68070602559,NA,NA
4,74,2007,2009,1154,"Naive_Median",1514.03732881099,NA,NA
4,74,2007,2010,1467,"Naive_Median",1537.3939515964,NA,NA
4,74,2007,2011,1187,"Naive_Median",1560.7505743818,NA,NA
4,74,2007,2012,1200,"Naive_Median",1584.1071971672,NA,NA
4,74,2007,2013,1372,"Naive_Median",1607.4638199526,NA,NA
4,74,2007,2014,1246,"Naive_Median",1630.82044273801,NA,NA
4,74,2007,2015,1440,"Naive_Median",1654.17706552342,NA,NA
4,74,2007,2016,1160,"Naive_Median",1677.53368830882,NA,NA
4,74,2007,2017,1277,"Naive_Median",1700.89031109422,NA,NA
4,74,2007,2018,1160,"Naive_Median",1724.24693387962,NA,NA
4,74,2007,2019,1571,"Naive_Median",1747.60355666503,NA,NA
4,74,2007,2020,1122,"Naive_Median",1770.96017945043,NA,NA
4,74,2007,2021,1453,"Naive_Median",1794.31680223583,NA,NA
4,74,2007,2022,1287,"Naive_Median",1817.67342502123,NA,NA
4,74,2007,2008,1177,"Naive_MA",1510.62751007398,NA,NA
4,74,2007,2009,1154,"Naive_MA",1533.98413285938,NA,NA
4,74,2007,2010,1467,"Naive_MA",1557.34075564478,NA,NA
4,74,2007,2011,1187,"Naive_MA",1580.69737843019,NA,NA
4,74,2007,2012,1200,"Naive_MA",1604.05400121559,NA,NA
4,74,2007,2013,1372,"Naive_MA",1627.41062400099,NA,NA
4,74,2007,2014,1246,"Naive_MA",1650.7672467864,NA,NA
4,74,2007,2015,1440,"Naive_MA",1674.1238695718,NA,NA
4,74,2007,2016,1160,"Naive_MA",1697.48049235721,NA,NA
4,74,2007,2017,1277,"Naive_MA",1720.83711514261,NA,NA
4,74,2007,2018,1160,"Naive_MA",1744.19373792801,NA,NA
4,74,2007,2019,1571,"Naive_MA",1767.55036071342,NA,NA
4,74,2007,2020,1122,"Naive_MA",1790.90698349882,NA,NA
4,74,2007,2021,1453,"Naive_MA",1814.26360628422,NA,NA
4,74,2007,2022,1287,"Naive_MA",1837.62022906962,NA,NA
4,74,2007,2008,1177,"DT",1574.17163273304,NA,NA
4,74,2007,2009,1154,"DT",1875.01329979398,NA,NA
4,74,2007,2010,1467,"DT",1408.41611348831,NA,NA
4,74,2007,2011,1187,"DT",1431.77273627371,NA,NA
4,74,2007,2012,1200,"DT",1838.40606973544,NA,NA
4,74,2007,2013,1372,"DT",1799.88886182187,NA,NA
4,74,2007,2014,1246,"DT",1452.29343174636,NA,NA
4,74,2007,2015,1440,"DT",1846.60210739268,NA,NA
4,74,2007,2016,1160,"DT",1696.50393706076,NA,NA
4,74,2007,2017,1277,"DT",1719.86055984616,NA,NA
4,74,2007,2018,1160,"DT",1545.71992288798,NA,NA
4,74,2007,2019,1571,"DT",1808.53040606741,NA,NA
4,74,2007,2020,1122,"DT",1789.93042820237,NA,NA
4,74,2007,2021,1453,"DT",2155.29277321882,NA,NA
4,74,2007,2022,1287,"DT",1902.03681553031,NA,NA
4,74,2007,2008,1177,"Ripper",1230.38430467573,1171.61741814925,1289.15119120222
4,74,2007,2009,1154,"Ripper",1610.04901995458,1584.40263008439,1635.69540982477
4,74,2007,2010,1467,"Ripper",1633.40564273998,1607.75925286979,1659.05203261017
4,74,2007,2011,1187,"Ripper",1300.45417303194,1241.68728650546,1359.22105955842
4,74,2007,2012,1200,"Ripper",1323.81079581735,1265.04390929086,1382.57768234383
4,74,2007,2013,1372,"Ripper",1703.47551109619,1677.829121226,1729.12190096638
4,74,2007,2014,1246,"Ripper",1370.52404138815,1311.75715486167,1429.29092791463
4,74,2007,2015,1440,"Ripper",1969.1223186315,1896.01124556049,2042.2333917025
4,74,2007,2016,1160,"Ripper",1417.23728695896,1358.47040043248,1476.00417348544
4,74,2007,2017,1277,"Ripper",1440.59390974437,1381.82702321788,1499.36079627085
4,74,2007,2018,1160,"Ripper",1463.95053252977,1405.18364600329,1522.71741905625
4,74,2007,2019,1571,"Ripper",2062.54880977311,1989.4377367021,2135.65988284411
4,74,2007,2020,1122,"Ripper",1510.66377810057,1451.89689157409,1569.43066462705
4,74,2007,2021,1453,"Ripper",1534.02040088598,1475.25351435949,1592.78728741246
4,74,2007,2022,1287,"Ripper",1557.37702367138,1498.6101371449,1616.14391019786
4,74,2007,2008,1177,"CarenR_Dist",1409.17673900731,NA,NA
4,74,2007,2009,1154,"CarenR_Dist",1514.03732881099,NA,NA
4,74,2007,2010,1467,"CarenR_Dist",1719.67461950951,NA,NA
4,74,2007,2011,1187,"CarenR_Dist",1724.16797815151,NA,NA
4,74,2007,2012,1200,"CarenR_Dist",1768.51225057196,NA,NA
4,74,2007,2013,1372,"CarenR_Dist",1776.1210193177,NA,NA
4,74,2007,2014,1246,"CarenR_Dist",1538.1773243703,NA,NA
4,74,2007,2015,1440,"CarenR_Dist",1817.59446929313,NA,NA
4,74,2007,2016,1160,"CarenR_Dist",1861.4286698198,NA,NA
4,74,2007,2017,1277,"CarenR_Dist",1885.29536449898,NA,NA
4,74,2007,2018,1160,"CarenR_Dist",1593.8330199175,NA,NA
4,74,2007,2019,1571,"CarenR_Dist",1922.59133716994,NA,NA
4,74,2007,2020,1122,"CarenR_Dist",1770.96017945043,NA,NA
4,74,2007,2021,1453,"CarenR_Dist",1776.32452515072,NA,NA
4,74,2007,2022,1287,"CarenR_Dist",1844.14528980987,NA,NA
4,74,2007,2008,1177,"CarenR_Dist_FS",1366.96907762951,NA,NA
4,74,2007,2009,1154,"CarenR_Dist_FS",1514.03732881099,NA,NA
4,74,2007,2010,1467,"CarenR_Dist_FS",1537.3939515964,NA,NA
4,74,2007,2011,1187,"CarenR_Dist_FS",1560.7505743818,NA,NA
4,74,2007,2012,1200,"CarenR_Dist_FS",1584.1071971672,NA,NA
4,74,2007,2013,1372,"CarenR_Dist_FS",1607.4638199526,NA,NA
4,74,2007,2014,1246,"CarenR_Dist_FS",1630.82044273801,NA,NA
4,74,2007,2015,1440,"CarenR_Dist_FS",1654.17706552342,NA,NA
4,74,2007,2016,1160,"CarenR_Dist_FS",1677.53368830882,NA,NA
4,74,2007,2017,1277,"CarenR_Dist_FS",1700.89031109422,NA,NA
4,74,2007,2018,1160,"CarenR_Dist_FS",1600.53530548355,NA,NA
4,74,2007,2019,1571,"CarenR_Dist_FS",1747.60355666503,NA,NA
4,74,2007,2020,1122,"CarenR_Dist_FS",1770.96017945043,NA,NA
4,74,2007,2021,1453,"CarenR_Dist_FS",1794.31680223583,NA,NA
4,74,2007,2022,1287,"CarenR_Dist_FS",1817.67342502123,NA,NA
4,74,2007,2008,1177,"CarenR_Dist_Thresh",1366.96907762951,NA,NA
4,74,2007,2009,1154,"CarenR_Dist_Thresh",1514.03732881099,NA,NA
4,74,2007,2010,1467,"CarenR_Dist_Thresh",1537.3939515964,NA,NA
4,74,2007,2011,1187,"CarenR_Dist_Thresh",1560.7505743818,NA,NA
4,74,2007,2012,1200,"CarenR_Dist_Thresh",1584.1071971672,NA,NA
4,74,2007,2013,1372,"CarenR_Dist_Thresh",1607.4638199526,NA,NA
4,74,2007,2014,1246,"CarenR_Dist_Thresh",1630.82044273801,NA,NA
4,74,2007,2015,1440,"CarenR_Dist_Thresh",1654.17706552342,NA,NA
4,74,2007,2016,1160,"CarenR_Dist_Thresh",1677.53368830882,NA,NA
4,74,2007,2017,1277,"CarenR_Dist_Thresh",1700.89031109422,NA,NA
4,74,2007,2018,1160,"CarenR_Dist_Thresh",1600.53530548355,NA,NA
4,74,2007,2019,1571,"CarenR_Dist_Thresh",1747.60355666503,NA,NA
4,74,2007,2020,1122,"CarenR_Dist_Thresh",1770.96017945043,NA,NA
4,74,2007,2021,1453,"CarenR_Dist_Thresh",1794.31680223583,NA,NA
4,74,2007,2022,1287,"CarenR_Dist_Thresh",1817.67342502123,NA,NA
4,74,2007,2008,1177,"CarenR_Dist_Sup",1366.72716161335,NA,NA
4,74,2007,2009,1154,"CarenR_Dist_Sup",1514.03732881099,NA,NA
4,74,2007,2010,1467,"CarenR_Dist_Sup",1537.3939515964,NA,NA
4,74,2007,2011,1187,"CarenR_Dist_Sup",1560.7505743818,NA,NA
4,74,2007,2012,1200,"CarenR_Dist_Sup",1584.1071971672,NA,NA
4,74,2007,2013,1372,"CarenR_Dist_Sup",1607.4638199526,NA,NA
4,74,2007,2014,1246,"CarenR_Dist_Sup",1630.82044273801,NA,NA
4,74,2007,2015,1440,"CarenR_Dist_Sup",1654.17706552342,NA,NA
4,74,2007,2016,1160,"CarenR_Dist_Sup",1677.53368830882,NA,NA
4,74,2007,2017,1277,"CarenR_Dist_Sup",1700.89031109422,NA,NA
4,74,2007,2018,1160,"CarenR_Dist_Sup",1600.29338946739,NA,NA
4,74,2007,2019,1571,"CarenR_Dist_Sup",1747.60355666503,NA,NA
4,74,2007,2020,1122,"CarenR_Dist_Sup",1770.96017945043,NA,NA
4,74,2007,2021,1453,"CarenR_Dist_Sup",1794.31680223583,NA,NA
4,74,2007,2022,1287,"CarenR_Dist_Sup",1817.67342502123,NA,NA
4,74,2007,2008,1177,"CarenR_Dist_Sup_Thresh",1366.96907762951,NA,NA
4,74,2007,2009,1154,"CarenR_Dist_Sup_Thresh",1514.03732881099,NA,NA
4,74,2007,2010,1467,"CarenR_Dist_Sup_Thresh",1537.3939515964,NA,NA
4,74,2007,2011,1187,"CarenR_Dist_Sup_Thresh",1560.7505743818,NA,NA
4,74,2007,2012,1200,"CarenR_Dist_Sup_Thresh",1584.1071971672,NA,NA
4,74,2007,2013,1372,"CarenR_Dist_Sup_Thresh",1607.4638199526,NA,NA
4,74,2007,2014,1246,"CarenR_Dist_Sup_Thresh",1630.82044273801,NA,NA
4,74,2007,2015,1440,"CarenR_Dist_Sup_Thresh",1654.17706552342,NA,NA
4,74,2007,2016,1160,"CarenR_Dist_Sup_Thresh",1677.53368830882,NA,NA
4,74,2007,2017,1277,"CarenR_Dist_Sup_Thresh",1700.89031109422,NA,NA
4,74,2007,2018,1160,"CarenR_Dist_Sup_Thresh",1600.53530548355,NA,NA
4,74,2007,2019,1571,"CarenR_Dist_Sup_Thresh",1747.60355666503,NA,NA
4,74,2007,2020,1122,"CarenR_Dist_Sup_Thresh",1770.96017945043,NA,NA
4,74,2007,2021,1453,"CarenR_Dist_Sup_Thresh",1794.31680223583,NA,NA
4,74,2007,2022,1287,"CarenR_Dist_Sup_Thresh",1817.67342502123,NA,NA
4,74,2007,2008,1177,"CarenR_Dist_Eta2",1366.96907762951,NA,NA
4,74,2007,2009,1154,"CarenR_Dist_Eta2",1514.03732881099,NA,NA
4,74,2007,2010,1467,"CarenR_Dist_Eta2",1719.67461950951,NA,NA
4,74,2007,2011,1187,"CarenR_Dist_Eta2",1560.7505743818,NA,NA
4,74,2007,2012,1200,"CarenR_Dist_Eta2",1584.1071971672,NA,NA
4,74,2007,2013,1372,"CarenR_Dist_Eta2",1789.74448786572,NA,NA
4,74,2007,2014,1246,"CarenR_Dist_Eta2",1540.43570518328,NA,NA
4,74,2007,2015,1440,"CarenR_Dist_Eta2",1654.17706552342,NA,NA
4,74,2007,2016,1160,"CarenR_Dist_Eta2",1677.53368830882,NA,NA
4,74,2007,2017,1277,"CarenR_Dist_Eta2",1700.89031109422,NA,NA
4,74,2007,2018,1160,"CarenR_Dist_Eta2",1614.42151000078,NA,NA
4,74,2007,2019,1571,"CarenR_Dist_Eta2",1929.88422457814,NA,NA
4,74,2007,2020,1122,"CarenR_Dist_Eta2",1770.96017945043,NA,NA
4,74,2007,2021,1453,"CarenR_Dist_Eta2",1794.31680223583,NA,NA
4,74,2007,2022,1287,"CarenR_Dist_Eta2",1844.14528980987,NA,NA
4,74,2007,2008,1177,"CarenR_Dist_Lag",1366.96907762951,NA,NA
4,74,2007,2009,1154,"CarenR_Dist_Lag",1514.03732881099,NA,NA
4,74,2007,2010,1467,"CarenR_Dist_Lag",1537.3939515964,NA,NA
4,74,2007,2011,1187,"CarenR_Dist_Lag",1560.7505743818,NA,NA
4,74,2007,2012,1200,"CarenR_Dist_Lag",1584.1071971672,NA,NA
4,74,2007,2013,1372,"CarenR_Dist_Lag",1607.4638199526,NA,NA
4,74,2007,2014,1246,"CarenR_Dist_Lag",1630.82044273801,NA,NA
4,74,2007,2015,1440,"CarenR_Dist_Lag",1654.17706552342,NA,NA
4,74,2007,2016,1160,"CarenR_Dist_Lag",1677.53368830882,NA,NA
4,74,2007,2017,1277,"CarenR_Dist_Lag",1700.89031109422,NA,NA
4,74,2007,2018,1160,"CarenR_Dist_Lag",1600.53530548355,NA,NA
4,74,2007,2019,1571,"CarenR_Dist_Lag",1747.60355666503,NA,NA
4,74,2007,2020,1122,"CarenR_Dist_Lag",1770.96017945043,NA,NA
4,74,2007,2021,1453,"CarenR_Dist_Lag",1794.31680223583,NA,NA
4,74,2007,2022,1287,"CarenR_Dist_Lag",1817.67342502123,NA,NA
4,74,2007,2008,1177,"CarenR_Dist_Conf",1366.96907762951,NA,NA
4,74,2007,2009,1154,"CarenR_Dist_Conf",1514.03732881099,NA,NA
4,74,2007,2010,1467,"CarenR_Dist_Conf",1537.3939515964,NA,NA
4,74,2007,2011,1187,"CarenR_Dist_Conf",1560.7505743818,NA,NA
4,74,2007,2012,1200,"CarenR_Dist_Conf",1584.1071971672,NA,NA
4,74,2007,2013,1372,"CarenR_Dist_Conf",1607.4638199526,NA,NA
4,74,2007,2014,1246,"CarenR_Dist_Conf",1630.82044273801,NA,NA
4,74,2007,2015,1440,"CarenR_Dist_Conf",1654.17706552342,NA,NA
4,74,2007,2016,1160,"CarenR_Dist_Conf",1677.53368830882,NA,NA
4,74,2007,2017,1277,"CarenR_Dist_Conf",1700.89031109422,NA,NA
4,74,2007,2018,1160,"CarenR_Dist_Conf",1600.53530548355,NA,NA
4,74,2007,2019,1571,"CarenR_Dist_Conf",1747.60355666503,NA,NA
4,74,2007,2020,1122,"CarenR_Dist_Conf",1770.96017945043,NA,NA
4,74,2007,2021,1453,"CarenR_Dist_Conf",1794.31680223583,NA,NA
4,74,2007,2022,1287,"CarenR_Dist_Conf",1817.67342502123,NA,NA
4,74,2007,2008,1177,"CarenR_Dist_Stack",1358.45815853146,NA,NA
4,74,2007,2009,1154,"CarenR_Dist_Stack",1676.70871916283,NA,NA
4,74,2007,2010,1467,"CarenR_Dist_Stack",1721.00713553194,NA,NA
4,74,2007,2011,1187,"CarenR_Dist_Stack",1754.99014528318,NA,NA
4,74,2007,2012,1200,"CarenR_Dist_Stack",1711.95145228766,NA,NA
4,74,2007,2013,1372,"CarenR_Dist_Stack",1804.84689538984,NA,NA
4,74,2007,2014,1246,"CarenR_Dist_Stack",1830.57757984678,NA,NA
4,74,2007,2015,1440,"CarenR_Dist_Stack",1819.86049425393,NA,NA
4,74,2007,2016,1160,"CarenR_Dist_Stack",1877.45432359718,NA,NA
4,74,2007,2017,1277,"CarenR_Dist_Stack",1861.69415032447,NA,NA
4,74,2007,2018,1160,"CarenR_Dist_Stack",1728.01748333465,NA,NA
4,74,2007,2019,1571,"CarenR_Dist_Stack",1956.48022703341,NA,NA
4,74,2007,2020,1122,"CarenR_Dist_Stack",2012.01097505309,NA,NA
4,74,2007,2021,1453,"CarenR_Dist_Stack",1946.50761875643,NA,NA
4,74,2007,2022,1287,"CarenR_Dist_Stack",2078.14314449017,NA,NA
4,74,2007,2008,1177,"CarenR_Dist_Sup_FS",1366.96907762951,NA,NA
4,74,2007,2009,1154,"CarenR_Dist_Sup_FS",1514.03732881099,NA,NA
4,74,2007,2010,1467,"CarenR_Dist_Sup_FS",1537.3939515964,NA,NA
4,74,2007,2011,1187,"CarenR_Dist_Sup_FS",1560.7505743818,NA,NA
4,74,2007,2012,1200,"CarenR_Dist_Sup_FS",1584.1071971672,NA,NA
4,74,2007,2013,1372,"CarenR_Dist_Sup_FS",1607.4638199526,NA,NA
4,74,2007,2014,1246,"CarenR_Dist_Sup_FS",1630.82044273801,NA,NA
4,74,2007,2015,1440,"CarenR_Dist_Sup_FS",1654.17706552342,NA,NA
4,74,2007,2016,1160,"CarenR_Dist_Sup_FS",1677.53368830882,NA,NA
4,74,2007,2017,1277,"CarenR_Dist_Sup_FS",1700.89031109422,NA,NA
4,74,2007,2018,1160,"CarenR_Dist_Sup_FS",1600.53530548355,NA,NA
4,74,2007,2019,1571,"CarenR_Dist_Sup_FS",1747.60355666503,NA,NA
4,74,2007,2020,1122,"CarenR_Dist_Sup_FS",1770.96017945043,NA,NA
4,74,2007,2021,1453,"CarenR_Dist_Sup_FS",1794.31680223583,NA,NA
4,74,2007,2022,1287,"CarenR_Dist_Sup_FS",1817.67342502123,NA,NA
4,74,2007,2008,1177,"CarenR_Supervised",1414.24658520803,NA,NA
4,74,2007,2009,1154,"CarenR_Supervised",1674.09328107944,NA,NA
4,74,2007,2010,1467,"CarenR_Supervised",1626.81853671462,NA,NA
4,74,2007,2011,1187,"CarenR_Supervised",1581.77147455515,NA,NA
4,74,2007,2012,1200,"CarenR_Supervised",1749.48983235041,NA,NA
4,74,2007,2013,1372,"CarenR_Supervised",1774.11007294381,NA,NA
4,74,2007,2014,1246,"CarenR_Supervised",1515.09204287525,NA,NA
4,74,2007,2015,1440,"CarenR_Supervised",1774.60261910997,NA,NA
4,74,2007,2016,1160,"CarenR_Supervised",1566.4176335013,NA,NA
4,74,2007,2017,1277,"CarenR_Supervised",1594.33617307966,NA,NA
4,74,2007,2018,1160,"CarenR_Supervised",1596.0923866404,NA,NA
4,74,2007,2019,1571,"CarenR_Supervised",1868.02911025158,NA,NA
4,74,2007,2020,1122,"CarenR_Supervised",1659.84412464292,NA,NA
4,74,2007,2021,1453,"CarenR_Supervised",1687.76266422127,NA,NA
4,74,2007,2022,1287,"CarenR_Supervised",1984.83271744918,NA,NA
4,74,2007,2008,1177,"M5Rules",1408.28330117852,NA,NA
4,74,2007,2009,1154,"M5Rules",1568.48384722755,NA,NA
4,74,2007,2010,1467,"M5Rules",1639.6161263482,NA,NA
4,74,2007,2011,1187,"M5Rules",1533.65341666273,NA,NA
4,74,2007,2012,1200,"M5Rules",1566.77723801575,NA,NA
4,74,2007,2013,1372,"M5Rules",1863.37606620471,NA,NA
4,74,2007,2014,1246,"M5Rules",1467.80683629422,NA,NA
4,74,2007,2015,1440,"M5Rules",1954.78132762054,NA,NA
4,74,2007,2016,1160,"M5Rules",1871.40940083201,NA,NA
4,74,2007,2017,1277,"M5Rules",1719.96220095559,NA,NA
4,74,2007,2018,1160,"M5Rules",1626.02179101843,NA,NA
4,74,2007,2019,1571,"M5Rules",1933.24876210269,NA,NA
4,74,2007,2020,1122,"M5Rules",1879.73883559899,NA,NA
4,74,2007,2021,1453,"M5Rules",1658.6385255988,NA,NA
4,74,2007,2022,1287,"M5Rules",2068.79091187757,NA,NA
5,75,2008,2009,1154,"Naive",1404.63982105208,NA,NA
5,75,2008,2010,1467,"Naive",1411.16797791246,NA,NA
5,75,2008,2011,1187,"Naive",1417.69613477283,NA,NA
5,75,2008,2012,1200,"Naive",1424.22429163321,NA,NA
5,75,2008,2013,1372,"Naive",1430.75244849358,NA,NA
5,75,2008,2014,1246,"Naive",1437.28060535396,NA,NA
5,75,2008,2015,1440,"Naive",1443.80876221433,NA,NA
5,75,2008,2016,1160,"Naive",1450.33691907471,NA,NA
5,75,2008,2017,1277,"Naive",1456.86507593509,NA,NA
5,75,2008,2018,1160,"Naive",1463.39323279546,NA,NA
5,75,2008,2019,1571,"Naive",1469.92138965584,NA,NA
5,75,2008,2020,1122,"Naive",1476.44954651621,NA,NA
5,75,2008,2021,1453,"Naive",1482.97770337659,NA,NA
5,75,2008,2022,1287,"Naive",1489.50586023696,NA,NA
5,75,2008,2009,1154,"Naive_Median",1385.75064952136,NA,NA
5,75,2008,2010,1467,"Naive_Median",1392.27880638173,NA,NA
5,75,2008,2011,1187,"Naive_Median",1398.80696324211,NA,NA
5,75,2008,2012,1200,"Naive_Median",1405.33512010249,NA,NA
5,75,2008,2013,1372,"Naive_Median",1411.86327696286,NA,NA
5,75,2008,2014,1246,"Naive_Median",1418.39143382324,NA,NA
5,75,2008,2015,1440,"Naive_Median",1424.91959068361,NA,NA
5,75,2008,2016,1160,"Naive_Median",1431.44774754399,NA,NA
5,75,2008,2017,1277,"Naive_Median",1437.97590440436,NA,NA
5,75,2008,2018,1160,"Naive_Median",1444.50406126474,NA,NA
5,75,2008,2019,1571,"Naive_Median",1451.03221812511,NA,NA
5,75,2008,2020,1122,"Naive_Median",1457.56037498549,NA,NA
5,75,2008,2021,1453,"Naive_Median",1464.08853184586,NA,NA
5,75,2008,2022,1287,"Naive_Median",1470.61668870624,NA,NA
5,75,2008,2009,1154,"Naive_MA",1465.9008672472,NA,NA
5,75,2008,2010,1467,"Naive_MA",1472.42902410758,NA,NA
5,75,2008,2011,1187,"Naive_MA",1478.95718096795,NA,NA
5,75,2008,2012,1200,"Naive_MA",1485.48533782833,NA,NA
5,75,2008,2013,1372,"Naive_MA",1492.0134946887,NA,NA
5,75,2008,2014,1246,"Naive_MA",1498.54165154908,NA,NA
5,75,2008,2015,1440,"Naive_MA",1505.06980840945,NA,NA
5,75,2008,2016,1160,"Naive_MA",1511.59796526983,NA,NA
5,75,2008,2017,1277,"Naive_MA",1518.1261221302,NA,NA
5,75,2008,2018,1160,"Naive_MA",1524.65427899058,NA,NA
5,75,2008,2019,1571,"Naive_MA",1531.18243585095,NA,NA
5,75,2008,2020,1122,"Naive_MA",1537.71059271133,NA,NA
5,75,2008,2021,1453,"Naive_MA",1544.2387495717,NA,NA
5,75,2008,2022,1287,"Naive_MA",1550.76690643208,NA,NA
5,75,2008,2009,1154,"DT",1751.51353188718,NA,NA
5,75,2008,2010,1467,"DT",1259.67420610874,NA,NA
5,75,2008,2011,1187,"DT",1266.20236296912,NA,NA
5,75,2008,2012,1200,"DT",1624.45437891104,NA,NA
5,75,2008,2013,1372,"DT",1564.62348740905,NA,NA
5,75,2008,2014,1246,"DT",1280.86620865721,NA,NA
5,75,2008,2015,1440,"DT",1577.6798011298,NA,NA
5,75,2008,2016,1160,"DT",1584.20795799017,NA,NA
5,75,2008,2017,1277,"DT",1657.09516321292,NA,NA
5,75,2008,2018,1160,"DT",1306.97883609872,NA,NA
5,75,2008,2019,1571,"DT",1603.7924285713,NA,NA
5,75,2008,2020,1122,"DT",1676.67963379404,NA,NA
5,75,2008,2021,1453,"DT",1829.85141421168,NA,NA
5,75,2008,2022,1287,"DT",1551.0119973316,NA,NA
5,75,2008,2009,1154,"Ripper",1489.59851636858,1463.04458833075,1516.15244440642
5,75,2008,2010,1467,"Ripper",1496.12667322896,1469.57274519112,1522.68060126679
5,75,2008,2011,1187,"Ripper",1137.97459458014,1079.71022867694,1196.23896048334
5,75,2008,2012,1200,"Ripper",1721.60935216054,1648.10082141449,1795.11788290659
5,75,2008,2013,1372,"Ripper",1515.71114381009,1489.15721577225,1542.26507184792
5,75,2008,2014,1246,"Ripper",1339.12989998263,1319.82476362955,1358.43503633572
5,75,2008,2015,1440,"Ripper",1528.76745753084,1502.213529493,1555.32138556867
5,75,2008,2016,1160,"Ripper",1747.72197960204,1674.21344885599,1821.2305103481
5,75,2008,2017,1277,"Ripper",1754.25013646242,1680.74160571637,1827.75866720847
5,75,2008,2018,1160,"Ripper",1760.7782933228,1687.26976257674,1834.28682406885
5,75,2008,2019,1571,"Ripper",1767.30645018317,1693.79791943712,1840.81498092922
5,75,2008,2020,1122,"Ripper",1773.83460704355,1700.3260762975,1847.3431377896
5,75,2008,2021,1453,"Ripper",1384.82699800526,1365.52186165217,1404.13213435835
5,75,2008,2022,1287,"Ripper",1574.46455555346,1547.91062751563,1601.0184835913
5,75,2008,2009,1154,"CarenR_Dist",1544.4255255026,NA,NA
5,75,2008,2010,1467,"CarenR_Dist",1570.38089610069,NA,NA
5,75,2008,2011,1187,"CarenR_Dist",1563.05020263679,NA,NA
5,75,2008,2012,1200,"CarenR_Dist",1577.34142130138,NA,NA
5,75,2008,2013,1372,"CarenR_Dist",1577.60168598841,NA,NA
5,75,2008,2014,1246,"CarenR_Dist",1336.80378846774,NA,NA
5,75,2008,2015,1440,"CarenR_Dist",1589.16283007829,NA,NA
5,75,2008,2016,1160,"CarenR_Dist",1431.44774754399,NA,NA
5,75,2008,2017,1277,"CarenR_Dist",1609.98220560326,NA,NA
5,75,2008,2018,1160,"CarenR_Dist",1323.8482492815,NA,NA
5,75,2008,2019,1571,"CarenR_Dist",1620.93532435244,NA,NA
5,75,2008,2020,1122,"CarenR_Dist",1254.26130875886,NA,NA
5,75,2008,2021,1453,"CarenR_Dist",1450.37671308161,NA,NA
5,75,2008,2022,1287,"CarenR_Dist",1499.40105183852,NA,NA
5,75,2008,2009,1154,"CarenR_Dist_FS",1544.4255255026,NA,NA
5,75,2008,2010,1467,"CarenR_Dist_FS",1392.27880638173,NA,NA
5,75,2008,2011,1187,"CarenR_Dist_FS",1398.80696324211,NA,NA
5,75,2008,2012,1200,"CarenR_Dist_FS",1564.00999608373,NA,NA
5,75,2008,2013,1372,"CarenR_Dist_FS",1570.5381529441,NA,NA
5,75,2008,2014,1246,"CarenR_Dist_FS",1335.18750201551,NA,NA
5,75,2008,2015,1440,"CarenR_Dist_FS",1424.91959068361,NA,NA
5,75,2008,2016,1160,"CarenR_Dist_FS",1431.44774754399,NA,NA
5,75,2008,2017,1277,"CarenR_Dist_FS",1596.65078038561,NA,NA
5,75,2008,2018,1160,"CarenR_Dist_FS",1334.35634977779,NA,NA
5,75,2008,2019,1571,"CarenR_Dist_FS",1609.70709410636,NA,NA
5,75,2008,2020,1122,"CarenR_Dist_FS",1457.56037498549,NA,NA
5,75,2008,2021,1453,"CarenR_Dist_FS",1622.76340782711,NA,NA
5,75,2008,2022,1287,"CarenR_Dist_FS",1387.41275689851,NA,NA
5,75,2008,2009,1154,"CarenR_Dist_Thresh",1385.75064952136,NA,NA
5,75,2008,2010,1467,"CarenR_Dist_Thresh",1392.27880638173,NA,NA
5,75,2008,2011,1187,"CarenR_Dist_Thresh",1398.80696324211,NA,NA
5,75,2008,2012,1200,"CarenR_Dist_Thresh",1405.33512010249,NA,NA
5,75,2008,2013,1372,"CarenR_Dist_Thresh",1411.86327696286,NA,NA
5,75,2008,2014,1246,"CarenR_Dist_Thresh",1418.39143382324,NA,NA
5,75,2008,2015,1440,"CarenR_Dist_Thresh",1424.91959068361,NA,NA
5,75,2008,2016,1160,"CarenR_Dist_Thresh",1431.44774754399,NA,NA
5,75,2008,2017,1277,"CarenR_Dist_Thresh",1437.97590440436,NA,NA
5,75,2008,2018,1160,"CarenR_Dist_Thresh",1315.77443275763,NA,NA
5,75,2008,2019,1571,"CarenR_Dist_Thresh",1451.03221812511,NA,NA
5,75,2008,2020,1122,"CarenR_Dist_Thresh",1457.56037498549,NA,NA
5,75,2008,2021,1453,"CarenR_Dist_Thresh",1464.08853184586,NA,NA
5,75,2008,2022,1287,"CarenR_Dist_Thresh",1470.61668870624,NA,NA
5,75,2008,2009,1154,"CarenR_Dist_Sup",1385.75064952136,NA,NA
5,75,2008,2010,1467,"CarenR_Dist_Sup",1392.27880638173,NA,NA
5,75,2008,2011,1187,"CarenR_Dist_Sup",1398.80696324211,NA,NA
5,75,2008,2012,1200,"CarenR_Dist_Sup",1405.33512010249,NA,NA
5,75,2008,2013,1372,"CarenR_Dist_Sup",1411.86327696286,NA,NA
5,75,2008,2014,1246,"CarenR_Dist_Sup",1418.39143382324,NA,NA
5,75,2008,2015,1440,"CarenR_Dist_Sup",1424.91959068361,NA,NA
5,75,2008,2016,1160,"CarenR_Dist_Sup",1431.44774754399,NA,NA
5,75,2008,2017,1277,"CarenR_Dist_Sup",1437.97590440436,NA,NA
5,75,2008,2018,1160,"CarenR_Dist_Sup",1316.07112259185,NA,NA
5,75,2008,2019,1571,"CarenR_Dist_Sup",1451.03221812511,NA,NA
5,75,2008,2020,1122,"CarenR_Dist_Sup",1457.56037498549,NA,NA
5,75,2008,2021,1453,"CarenR_Dist_Sup",1464.08853184586,NA,NA
5,75,2008,2022,1287,"CarenR_Dist_Sup",1470.61668870624,NA,NA
5,75,2008,2009,1154,"CarenR_Dist_Sup_Thresh",1385.75064952136,NA,NA
5,75,2008,2010,1467,"CarenR_Dist_Sup_Thresh",1392.27880638173,NA,NA
5,75,2008,2011,1187,"CarenR_Dist_Sup_Thresh",1398.80696324211,NA,NA
5,75,2008,2012,1200,"CarenR_Dist_Sup_Thresh",1405.33512010249,NA,NA
5,75,2008,2013,1372,"CarenR_Dist_Sup_Thresh",1411.86327696286,NA,NA
5,75,2008,2014,1246,"CarenR_Dist_Sup_Thresh",1418.39143382324,NA,NA
5,75,2008,2015,1440,"CarenR_Dist_Sup_Thresh",1424.91959068361,NA,NA
5,75,2008,2016,1160,"CarenR_Dist_Sup_Thresh",1431.44774754399,NA,NA
5,75,2008,2017,1277,"CarenR_Dist_Sup_Thresh",1437.97590440436,NA,NA
5,75,2008,2018,1160,"CarenR_Dist_Sup_Thresh",1315.77443275763,NA,NA
5,75,2008,2019,1571,"CarenR_Dist_Sup_Thresh",1451.03221812511,NA,NA
5,75,2008,2020,1122,"CarenR_Dist_Sup_Thresh",1457.56037498549,NA,NA
5,75,2008,2021,1453,"CarenR_Dist_Sup_Thresh",1464.08853184586,NA,NA
5,75,2008,2022,1287,"CarenR_Dist_Sup_Thresh",1470.61668870624,NA,NA
5,75,2008,2009,1154,"CarenR_Dist_Eta2",1544.4255255026,NA,NA
5,75,2008,2010,1467,"CarenR_Dist_Eta2",1392.27880638173,NA,NA
5,75,2008,2011,1187,"CarenR_Dist_Eta2",1398.80696324211,NA,NA
5,75,2008,2012,1200,"CarenR_Dist_Eta2",1564.00999608373,NA,NA
5,75,2008,2013,1372,"CarenR_Dist_Eta2",1570.5381529441,NA,NA
5,75,2008,2014,1246,"CarenR_Dist_Eta2",1335.18750201551,NA,NA
5,75,2008,2015,1440,"CarenR_Dist_Eta2",1424.91959068361,NA,NA
5,75,2008,2016,1160,"CarenR_Dist_Eta2",1431.44774754399,NA,NA
5,75,2008,2017,1277,"CarenR_Dist_Eta2",1596.65078038561,NA,NA
5,75,2008,2018,1160,"CarenR_Dist_Eta2",1334.35634977779,NA,NA
5,75,2008,2019,1571,"CarenR_Dist_Eta2",1609.70709410636,NA,NA
5,75,2008,2020,1122,"CarenR_Dist_Eta2",1457.56037498549,NA,NA
5,75,2008,2021,1453,"CarenR_Dist_Eta2",1622.76340782711,NA,NA
5,75,2008,2022,1287,"CarenR_Dist_Eta2",1387.41275689851,NA,NA
5,75,2008,2009,1154,"CarenR_Dist_Lag",1385.75064952136,NA,NA
5,75,2008,2010,1467,"CarenR_Dist_Lag",1392.27880638173,NA,NA
5,75,2008,2011,1187,"CarenR_Dist_Lag",1398.80696324211,NA,NA
5,75,2008,2012,1200,"CarenR_Dist_Lag",1405.33512010249,NA,NA
5,75,2008,2013,1372,"CarenR_Dist_Lag",1411.86327696286,NA,NA
5,75,2008,2014,1246,"CarenR_Dist_Lag",1418.39143382324,NA,NA
5,75,2008,2015,1440,"CarenR_Dist_Lag",1424.91959068361,NA,NA
5,75,2008,2016,1160,"CarenR_Dist_Lag",1431.44774754399,NA,NA
5,75,2008,2017,1277,"CarenR_Dist_Lag",1437.97590440436,NA,NA
5,75,2008,2018,1160,"CarenR_Dist_Lag",1315.77443275763,NA,NA
5,75,2008,2019,1571,"CarenR_Dist_Lag",1451.03221812511,NA,NA
5,75,2008,2020,1122,"CarenR_Dist_Lag",1457.56037498549,NA,NA
5,75,2008,2021,1453,"CarenR_Dist_Lag",1464.08853184586,NA,NA
5,75,2008,2022,1287,"CarenR_Dist_Lag",1470.61668870624,NA,NA
5,75,2008,2009,1154,"CarenR_Dist_Conf",1385.75064952136,NA,NA
5,75,2008,2010,1467,"CarenR_Dist_Conf",1392.27880638173,NA,NA
5,75,2008,2011,1187,"CarenR_Dist_Conf",1398.80696324211,NA,NA
5,75,2008,2012,1200,"CarenR_Dist_Conf",1405.33512010249,NA,NA
5,75,2008,2013,1372,"CarenR_Dist_Conf",1411.86327696286,NA,NA
5,75,2008,2014,1246,"CarenR_Dist_Conf",1418.39143382324,NA,NA
5,75,2008,2015,1440,"CarenR_Dist_Conf",1424.91959068361,NA,NA
5,75,2008,2016,1160,"CarenR_Dist_Conf",1431.44774754399,NA,NA
5,75,2008,2017,1277,"CarenR_Dist_Conf",1437.97590440436,NA,NA
5,75,2008,2018,1160,"CarenR_Dist_Conf",1315.77443275763,NA,NA
5,75,2008,2019,1571,"CarenR_Dist_Conf",1451.03221812511,NA,NA
5,75,2008,2020,1122,"CarenR_Dist_Conf",1457.56037498549,NA,NA
5,75,2008,2021,1453,"CarenR_Dist_Conf",1464.08853184586,NA,NA
5,75,2008,2022,1287,"CarenR_Dist_Conf",1470.61668870624,NA,NA
5,75,2008,2009,1154,"CarenR_Dist_Stack",1529.74436624429,NA,NA
5,75,2008,2010,1467,"CarenR_Dist_Stack",1552.48537628295,NA,NA
5,75,2008,2011,1187,"CarenR_Dist_Stack",1565.52757606864,NA,NA
5,75,2008,2012,1200,"CarenR_Dist_Stack",1504.44667927045,NA,NA
5,75,2008,2013,1372,"CarenR_Dist_Stack",1574.18422376464,NA,NA
5,75,2008,2014,1246,"CarenR_Dist_Stack",1579.28466320206,NA,NA
5,75,2008,2015,1440,"CarenR_Dist_Stack",1549.30899443461,NA,NA
5,75,2008,2016,1160,"CarenR_Dist_Stack",1585.07345299452,NA,NA
5,75,2008,2017,1277,"CarenR_Dist_Stack",1550.24448623646,NA,NA
5,75,2008,2018,1160,"CarenR_Dist_Stack",1389.88460396622,NA,NA
5,75,2008,2019,1571,"CarenR_Dist_Stack",1602.13960693972,NA,NA
5,75,2008,2020,1122,"CarenR_Dist_Stack",1635.91862541256,NA,NA
5,75,2008,2021,1453,"CarenR_Dist_Stack",1553.21849211075,NA,NA
5,75,2008,2022,1287,"CarenR_Dist_Stack",1660.23818935099,NA,NA
5,75,2008,2009,1154,"CarenR_Dist_Sup_FS",1385.75064952136,NA,NA
5,75,2008,2010,1467,"CarenR_Dist_Sup_FS",1392.27880638173,NA,NA
5,75,2008,2011,1187,"CarenR_Dist_Sup_FS",1398.80696324211,NA,NA
5,75,2008,2012,1200,"CarenR_Dist_Sup_FS",1405.33512010249,NA,NA
5,75,2008,2013,1372,"CarenR_Dist_Sup_FS",1411.86327696286,NA,NA
5,75,2008,2014,1246,"CarenR_Dist_Sup_FS",1418.39143382324,NA,NA
5,75,2008,2015,1440,"CarenR_Dist_Sup_FS",1424.91959068361,NA,NA
5,75,2008,2016,1160,"CarenR_Dist_Sup_FS",1431.44774754399,NA,NA
5,75,2008,2017,1277,"CarenR_Dist_Sup_FS",1437.97590440436,NA,NA
5,75,2008,2018,1160,"CarenR_Dist_Sup_FS",1315.77443275763,NA,NA
5,75,2008,2019,1571,"CarenR_Dist_Sup_FS",1451.03221812511,NA,NA
5,75,2008,2020,1122,"CarenR_Dist_Sup_FS",1457.56037498549,NA,NA
5,75,2008,2021,1453,"CarenR_Dist_Sup_FS",1464.08853184586,NA,NA
5,75,2008,2022,1287,"CarenR_Dist_Sup_FS",1470.61668870624,NA,NA
5,75,2008,2009,1154,"CarenR_Supervised",1385.75064952136,NA,NA
5,75,2008,2010,1467,"CarenR_Supervised",1506.11084371275,NA,NA
5,75,2008,2011,1187,"CarenR_Supervised",1410.38818728943,NA,NA
5,75,2008,2012,1200,"CarenR_Supervised",1565.1270096395,NA,NA
5,75,2008,2013,1372,"CarenR_Supervised",1580.69424166323,NA,NA
5,75,2008,2014,1246,"CarenR_Supervised",1295.12255067457,NA,NA
5,75,2008,2015,1440,"CarenR_Supervised",1595.05797975476,NA,NA
5,75,2008,2016,1160,"CarenR_Supervised",1309.32067354551,NA,NA
5,75,2008,2017,1277,"CarenR_Supervised",1315.84883040589,NA,NA
5,75,2008,2018,1160,"CarenR_Supervised",1319.75235751649,NA,NA
5,75,2008,2019,1571,"CarenR_Supervised",1618.40044975223,NA,NA
5,75,2008,2020,1122,"CarenR_Supervised",1335.43330098701,NA,NA
5,75,2008,2021,1453,"CarenR_Supervised",1323.63969290199,NA,NA
5,75,2008,2022,1287,"CarenR_Supervised",1630.66200280008,NA,NA
5,75,2008,2009,1154,"M5Rules",1586.8451411772,NA,NA
5,75,2008,2010,1467,"M5Rules",1495.09733396238,NA,NA
5,75,2008,2011,1187,"M5Rules",1345.59147336269,NA,NA
5,75,2008,2012,1200,"M5Rules",1422.65342152234,NA,NA
5,75,2008,2013,1372,"M5Rules",1572.99163521502,NA,NA
5,75,2008,2014,1246,"M5Rules",1299.37904983005,NA,NA
5,75,2008,2015,1440,"M5Rules",1696.78924111062,NA,NA
5,75,2008,2016,1160,"M5Rules",1455.01199418822,NA,NA
5,75,2008,2017,1277,"M5Rules",1549.1961910202,NA,NA
5,75,2008,2018,1160,"M5Rules",1388.60687319422,NA,NA
5,75,2008,2019,1571,"M5Rules",1600.13542112087,NA,NA
5,75,2008,2020,1122,"M5Rules",1559.70469439202,NA,NA
5,75,2008,2021,1453,"M5Rules",1580.06529033511,NA,NA
5,75,2008,2022,1287,"M5Rules",1760.2753486401,NA,NA
6,76,2009,2010,1467,"Naive",1308.98872204544,NA,NA
6,76,2009,2011,1187,"Naive",1300.81939260175,NA,NA
6,76,2009,2012,1200,"Naive",1292.65006315806,NA,NA
6,76,2009,2013,1372,"Naive",1284.48073371436,NA,NA
6,76,2009,2014,1246,"Naive",1276.31140427067,NA,NA
6,76,2009,2015,1440,"Naive",1268.14207482698,NA,NA
6,76,2009,2016,1160,"Naive",1259.97274538328,NA,NA
6,76,2009,2017,1277,"Naive",1251.80341593959,NA,NA
6,76,2009,2018,1160,"Naive",1243.6340864959,NA,NA
6,76,2009,2019,1571,"Naive",1235.46475705221,NA,NA
6,76,2009,2020,1122,"Naive",1227.29542760851,NA,NA
6,76,2009,2021,1453,"Naive",1219.12609816482,NA,NA
6,76,2009,2022,1287,"Naive",1210.95676872113,NA,NA
6,76,2009,2010,1467,"Naive_Median",1283.4354566751,NA,NA
6,76,2009,2011,1187,"Naive_Median",1275.26612723141,NA,NA
6,76,2009,2012,1200,"Naive_Median",1267.09679778772,NA,NA
6,76,2009,2013,1372,"Naive_Median",1258.92746834402,NA,NA
6,76,2009,2014,1246,"Naive_Median",1250.75813890033,NA,NA
6,76,2009,2015,1440,"Naive_Median",1242.58880945664,NA,NA
6,76,2009,2016,1160,"Naive_Median",1234.41948001294,NA,NA
6,76,2009,2017,1277,"Naive_Median",1226.25015056925,NA,NA
6,76,2009,2018,1160,"Naive_Median",1218.08082112556,NA,NA
6,76,2009,2019,1571,"Naive_Median",1209.91149168187,NA,NA
6,76,2009,2020,1122,"Naive_Median",1201.74216223817,NA,NA
6,76,2009,2021,1453,"Naive_Median",1193.57283279448,NA,NA
6,76,2009,2022,1287,"Naive_Median",1185.40350335079,NA,NA
6,76,2009,2010,1467,"Naive_MA",1360.69053321693,NA,NA
6,76,2009,2011,1187,"Naive_MA",1352.52120377324,NA,NA
6,76,2009,2012,1200,"Naive_MA",1344.35187432955,NA,NA
6,76,2009,2013,1372,"Naive_MA",1336.18254488585,NA,NA
6,76,2009,2014,1246,"Naive_MA",1328.01321544216,NA,NA
6,76,2009,2015,1440,"Naive_MA",1319.84388599846,NA,NA
6,76,2009,2016,1160,"Naive_MA",1311.67455655477,NA,NA
6,76,2009,2017,1277,"Naive_MA",1303.50522711108,NA,NA
6,76,2009,2018,1160,"Naive_MA",1295.33589766739,NA,NA
6,76,2009,2019,1571,"Naive_MA",1287.16656822369,NA,NA
6,76,2009,2020,1122,"Naive_MA",1278.99723878,NA,NA
6,76,2009,2021,1453,"Naive_MA",1270.82790933631,NA,NA
6,76,2009,2022,1287,"Naive_MA",1262.65857989261,NA,NA
6,76,2009,2010,1467,"DT",1455.89855031656,NA,NA
6,76,2009,2011,1187,"DT",1396.6153294115,NA,NA
6,76,2009,2012,1200,"DT",1259.81076065555,NA,NA
6,76,2009,2013,1372,"DT",1509.70173865253,NA,NA
6,76,2009,2014,1246,"DT",1156.59156240631,NA,NA
6,76,2009,2015,1440,"DT",1106.5652126629,NA,NA
6,76,2009,2016,1160,"DT",1333.68024729281,NA,NA
6,76,2009,2017,1277,"DT",1325.51091784911,NA,NA
6,76,2009,2018,1160,"DT",1123.91424463153,NA,NA
6,76,2009,2019,1571,"DT",1202.6254545497,NA,NA
6,76,2009,2020,1122,"DT",1301.00292951803,NA,NA
6,76,2009,2021,1453,"DT",1061.08932248725,NA,NA
6,76,2009,2022,1287,"DT",1357.86659699225,NA,NA
6,76,2009,2010,1467,"Ripper",1606.62854749688,1533.14381301772,1680.11328197605
6,76,2009,2011,1187,"Ripper",1198.10083087386,1180.39255648662,1215.80910526109
6,76,2009,2012,1200,"Ripper",1189.93150143017,1172.22322704293,1207.6397758174
6,76,2009,2013,1372,"Ripper",1181.76217198647,1164.05389759924,1199.47044637371
6,76,2009,2014,1246,"Ripper",1173.59284254278,1155.88456815554,1191.30111693001
6,76,2009,2015,1440,"Ripper",1165.42351309908,1147.71523871185,1183.13178748632
6,76,2009,2016,1160,"Ripper",1157.25418365539,1139.54590926816,1174.96245804263
6,76,2009,2017,1277,"Ripper",1149.0848542117,1131.37657982447,1166.79312859893
6,76,2009,2018,1160,"Ripper",1541.27391194734,1467.78917746817,1614.7586464265
6,76,2009,2019,1571,"Ripper",1132.74619532431,1115.03792093708,1150.45446971155
6,76,2009,2020,1122,"Ripper",1124.57686588062,1106.86859149339,1142.28514026786
6,76,2009,2021,1453,"Ripper",1116.40753643693,1098.69926204969,1134.11581082416
6,76,2009,2022,1287,"Ripper",1508.59659417257,1435.1118596934,1582.08132865173
6,76,2009,2010,1467,"CarenR_Dist",1479.35338382945,NA,NA
6,76,2009,2011,1187,"CarenR_Dist",1446.03999279696,NA,NA
6,76,2009,2012,1200,"CarenR_Dist",1463.39825850225,NA,NA
6,76,2009,2013,1372,"CarenR_Dist",1443.32887059017,NA,NA
6,76,2009,2014,1246,"CarenR_Dist",1175.1596013355,NA,NA
6,76,2009,2015,1440,"CarenR_Dist",1413.36267502218,NA,NA
6,76,2009,2016,1160,"CarenR_Dist",1425.90600909781,NA,NA
6,76,2009,2017,1277,"CarenR_Dist",1421.67621750389,NA,NA
6,76,2009,2018,1160,"CarenR_Dist",1111.06928199304,NA,NA
6,76,2009,2019,1571,"CarenR_Dist",1399.58336204462,NA,NA
6,76,2009,2020,1122,"CarenR_Dist",1043.5585683346,NA,NA
6,76,2009,2021,1453,"CarenR_Dist",1316.57282461767,NA,NA
6,76,2009,2022,1287,"CarenR_Dist",1225.0289805261,NA,NA
6,76,2009,2010,1467,"CarenR_Dist_FS",1283.4354566751,NA,NA
6,76,2009,2011,1187,"CarenR_Dist_FS",1275.26612723141,NA,NA
6,76,2009,2012,1200,"CarenR_Dist_FS",1267.09679778772,NA,NA
6,76,2009,2013,1372,"CarenR_Dist_FS",1258.92746834402,NA,NA
6,76,2009,2014,1246,"CarenR_Dist_FS",1173.16427859138,NA,NA
6,76,2009,2015,1440,"CarenR_Dist_FS",1242.58880945664,NA,NA
6,76,2009,2016,1160,"CarenR_Dist_FS",1234.41948001294,NA,NA
6,76,2009,2017,1277,"CarenR_Dist_FS",1226.25015056925,NA,NA
6,76,2009,2018,1160,"CarenR_Dist_FS",1140.4869608166,NA,NA
6,76,2009,2019,1571,"CarenR_Dist_FS",1209.91149168187,NA,NA
6,76,2009,2020,1122,"CarenR_Dist_FS",1201.74216223817,NA,NA
6,76,2009,2021,1453,"CarenR_Dist_FS",1193.57283279448,NA,NA
6,76,2009,2022,1287,"CarenR_Dist_FS",1107.80964304183,NA,NA
6,76,2009,2010,1467,"CarenR_Dist_Thresh",1283.4354566751,NA,NA
6,76,2009,2011,1187,"CarenR_Dist_Thresh",1275.26612723141,NA,NA
6,76,2009,2012,1200,"CarenR_Dist_Thresh",1267.09679778772,NA,NA
6,76,2009,2013,1372,"CarenR_Dist_Thresh",1258.92746834402,NA,NA
6,76,2009,2014,1246,"CarenR_Dist_Thresh",1250.75813890033,NA,NA
6,76,2009,2015,1440,"CarenR_Dist_Thresh",1242.58880945664,NA,NA
6,76,2009,2016,1160,"CarenR_Dist_Thresh",1234.41948001294,NA,NA
6,76,2009,2017,1277,"CarenR_Dist_Thresh",1226.25015056925,NA,NA
6,76,2009,2018,1160,"CarenR_Dist_Thresh",1218.08082112556,NA,NA
6,76,2009,2019,1571,"CarenR_Dist_Thresh",1209.91149168187,NA,NA
6,76,2009,2020,1122,"CarenR_Dist_Thresh",1201.74216223817,NA,NA
6,76,2009,2021,1453,"CarenR_Dist_Thresh",1193.57283279448,NA,NA
6,76,2009,2022,1287,"CarenR_Dist_Thresh",1185.40350335079,NA,NA
6,76,2009,2010,1467,"CarenR_Dist_Sup",1283.4354566751,NA,NA
6,76,2009,2011,1187,"CarenR_Dist_Sup",1275.26612723141,NA,NA
6,76,2009,2012,1200,"CarenR_Dist_Sup",1267.09679778772,NA,NA
6,76,2009,2013,1372,"CarenR_Dist_Sup",1258.92746834402,NA,NA
6,76,2009,2014,1246,"CarenR_Dist_Sup",1250.75813890033,NA,NA
6,76,2009,2015,1440,"CarenR_Dist_Sup",1242.58880945664,NA,NA
6,76,2009,2016,1160,"CarenR_Dist_Sup",1234.41948001294,NA,NA
6,76,2009,2017,1277,"CarenR_Dist_Sup",1226.25015056925,NA,NA
6,76,2009,2018,1160,"CarenR_Dist_Sup",1102.40608788941,NA,NA
6,76,2009,2019,1571,"CarenR_Dist_Sup",1209.91149168187,NA,NA
6,76,2009,2020,1122,"CarenR_Dist_Sup",1201.74216223817,NA,NA
6,76,2009,2021,1453,"CarenR_Dist_Sup",1193.57283279448,NA,NA
6,76,2009,2022,1287,"CarenR_Dist_Sup",1185.40350335079,NA,NA
6,76,2009,2010,1467,"CarenR_Dist_Sup_Thresh",1283.4354566751,NA,NA
6,76,2009,2011,1187,"CarenR_Dist_Sup_Thresh",1275.26612723141,NA,NA
6,76,2009,2012,1200,"CarenR_Dist_Sup_Thresh",1267.09679778772,NA,NA
6,76,2009,2013,1372,"CarenR_Dist_Sup_Thresh",1258.92746834402,NA,NA
6,76,2009,2014,1246,"CarenR_Dist_Sup_Thresh",1250.75813890033,NA,NA
6,76,2009,2015,1440,"CarenR_Dist_Sup_Thresh",1242.58880945664,NA,NA
6,76,2009,2016,1160,"CarenR_Dist_Sup_Thresh",1234.41948001294,NA,NA
6,76,2009,2017,1277,"CarenR_Dist_Sup_Thresh",1226.25015056925,NA,NA
6,76,2009,2018,1160,"CarenR_Dist_Sup_Thresh",1218.08082112556,NA,NA
6,76,2009,2019,1571,"CarenR_Dist_Sup_Thresh",1209.91149168187,NA,NA
6,76,2009,2020,1122,"CarenR_Dist_Sup_Thresh",1201.74216223817,NA,NA
6,76,2009,2021,1453,"CarenR_Dist_Sup_Thresh",1193.57283279448,NA,NA
6,76,2009,2022,1287,"CarenR_Dist_Sup_Thresh",1185.40350335079,NA,NA
6,76,2009,2010,1467,"CarenR_Dist_Eta2",1283.4354566751,NA,NA
6,76,2009,2011,1187,"CarenR_Dist_Eta2",1275.26612723141,NA,NA
6,76,2009,2012,1200,"CarenR_Dist_Eta2",1267.09679778772,NA,NA
6,76,2009,2013,1372,"CarenR_Dist_Eta2",1258.92746834402,NA,NA
6,76,2009,2014,1246,"CarenR_Dist_Eta2",1173.16427859138,NA,NA
6,76,2009,2015,1440,"CarenR_Dist_Eta2",1242.58880945664,NA,NA
6,76,2009,2016,1160,"CarenR_Dist_Eta2",1234.41948001294,NA,NA
6,76,2009,2017,1277,"CarenR_Dist_Eta2",1226.25015056925,NA,NA
6,76,2009,2018,1160,"CarenR_Dist_Eta2",1140.4869608166,NA,NA
6,76,2009,2019,1571,"CarenR_Dist_Eta2",1209.91149168187,NA,NA
6,76,2009,2020,1122,"CarenR_Dist_Eta2",1201.74216223817,NA,NA
6,76,2009,2021,1453,"CarenR_Dist_Eta2",1193.57283279448,NA,NA
6,76,2009,2022,1287,"CarenR_Dist_Eta2",1107.80964304183,NA,NA
6,76,2009,2010,1467,"CarenR_Dist_Lag",1283.4354566751,NA,NA
6,76,2009,2011,1187,"CarenR_Dist_Lag",1275.26612723141,NA,NA
6,76,2009,2012,1200,"CarenR_Dist_Lag",1267.09679778772,NA,NA
6,76,2009,2013,1372,"CarenR_Dist_Lag",1258.92746834402,NA,NA
6,76,2009,2014,1246,"CarenR_Dist_Lag",1250.75813890033,NA,NA
6,76,2009,2015,1440,"CarenR_Dist_Lag",1242.58880945664,NA,NA
6,76,2009,2016,1160,"CarenR_Dist_Lag",1234.41948001294,NA,NA
6,76,2009,2017,1277,"CarenR_Dist_Lag",1226.25015056925,NA,NA
6,76,2009,2018,1160,"CarenR_Dist_Lag",1218.08082112556,NA,NA
6,76,2009,2019,1571,"CarenR_Dist_Lag",1209.91149168187,NA,NA
6,76,2009,2020,1122,"CarenR_Dist_Lag",1201.74216223817,NA,NA
6,76,2009,2021,1453,"CarenR_Dist_Lag",1193.57283279448,NA,NA
6,76,2009,2022,1287,"CarenR_Dist_Lag",1185.40350335079,NA,NA
6,76,2009,2010,1467,"CarenR_Dist_Conf",1283.4354566751,NA,NA
6,76,2009,2011,1187,"CarenR_Dist_Conf",1275.26612723141,NA,NA
6,76,2009,2012,1200,"CarenR_Dist_Conf",1267.09679778772,NA,NA
6,76,2009,2013,1372,"CarenR_Dist_Conf",1258.92746834402,NA,NA
6,76,2009,2014,1246,"CarenR_Dist_Conf",1250.75813890033,NA,NA
6,76,2009,2015,1440,"CarenR_Dist_Conf",1242.58880945664,NA,NA
6,76,2009,2016,1160,"CarenR_Dist_Conf",1234.41948001294,NA,NA
6,76,2009,2017,1277,"CarenR_Dist_Conf",1226.25015056925,NA,NA
6,76,2009,2018,1160,"CarenR_Dist_Conf",1218.08082112556,NA,NA
6,76,2009,2019,1571,"CarenR_Dist_Conf",1209.91149168187,NA,NA
6,76,2009,2020,1122,"CarenR_Dist_Conf",1201.74216223817,NA,NA
6,76,2009,2021,1453,"CarenR_Dist_Conf",1193.57283279448,NA,NA
6,76,2009,2022,1287,"CarenR_Dist_Conf",1185.40350335079,NA,NA
6,76,2009,2010,1467,"CarenR_Dist_Stack",1349.81305968062,NA,NA
6,76,2009,2011,1187,"CarenR_Dist_Stack",1344.64795683464,NA,NA
6,76,2009,2012,1200,"CarenR_Dist_Stack",1252.52231089324,NA,NA
6,76,2009,2013,1372,"CarenR_Dist_Stack",1315.41176483506,NA,NA
6,76,2009,2014,1246,"CarenR_Dist_Stack",1301.70859775532,NA,NA
6,76,2009,2015,1440,"CarenR_Dist_Stack",1246.4415168789,NA,NA
6,76,2009,2016,1160,"CarenR_Dist_Stack",1269.0740983384,NA,NA
6,76,2009,2017,1277,"CarenR_Dist_Stack",1208.05603567879,NA,NA
6,76,2009,2018,1160,"CarenR_Dist_Stack",1270.94548962061,NA,NA
6,76,2009,2019,1571,"CarenR_Dist_Stack",1230.05586320216,NA,NA
6,76,2009,2020,1122,"CarenR_Dist_Stack",1250.33577029581,NA,NA
6,76,2009,2021,1453,"CarenR_Dist_Stack",1132.59211459293,NA,NA
6,76,2009,2022,1287,"CarenR_Dist_Stack",1239.65956496016,NA,NA
6,76,2009,2010,1467,"CarenR_Dist_Sup_FS",1283.4354566751,NA,NA
6,76,2009,2011,1187,"CarenR_Dist_Sup_FS",1275.26612723141,NA,NA
6,76,2009,2012,1200,"CarenR_Dist_Sup_FS",1267.09679778772,NA,NA
6,76,2009,2013,1372,"CarenR_Dist_Sup_FS",1258.92746834402,NA,NA
6,76,2009,2014,1246,"CarenR_Dist_Sup_FS",1250.75813890033,NA,NA
6,76,2009,2015,1440,"CarenR_Dist_Sup_FS",1242.58880945664,NA,NA
6,76,2009,2016,1160,"CarenR_Dist_Sup_FS",1234.41948001294,NA,NA
6,76,2009,2017,1277,"CarenR_Dist_Sup_FS",1226.25015056925,NA,NA
6,76,2009,2018,1160,"CarenR_Dist_Sup_FS",1218.08082112556,NA,NA
6,76,2009,2019,1571,"CarenR_Dist_Sup_FS",1209.91149168187,NA,NA
6,76,2009,2020,1122,"CarenR_Dist_Sup_FS",1201.74216223817,NA,NA
6,76,2009,2021,1453,"CarenR_Dist_Sup_FS",1193.57283279448,NA,NA
6,76,2009,2022,1287,"CarenR_Dist_Sup_FS",1185.40350335079,NA,NA
6,76,2009,2010,1467,"CarenR_Supervised",1463.96832677582,NA,NA
6,76,2009,2011,1187,"CarenR_Supervised",1328.16745149795,NA,NA
6,76,2009,2012,1200,"CarenR_Supervised",1446.76024281346,NA,NA
6,76,2009,2013,1372,"CarenR_Supervised",1446.207651379,NA,NA
6,76,2009,2014,1246,"CarenR_Supervised",1139.28476358046,NA,NA
6,76,2009,2015,1440,"CarenR_Supervised",1431.92129089584,NA,NA
6,76,2009,2016,1160,"CarenR_Supervised",1117.12445565094,NA,NA
6,76,2009,2017,1277,"CarenR_Supervised",1108.95512620725,NA,NA
6,76,2009,2018,1160,"CarenR_Supervised",1106.17849409044,NA,NA
6,76,2009,2019,1571,"CarenR_Supervised",1397.19167471684,NA,NA
6,76,2009,2020,1122,"CarenR_Supervised",1084.44713787617,NA,NA
6,76,2009,2021,1453,"CarenR_Supervised",1057.95613131657,NA,NA
6,76,2009,2022,1287,"CarenR_Supervised",1365.93637345151,NA,NA
6,76,2009,2010,1467,"M5Rules",1340.13955212894,NA,NA
6,76,2009,2011,1187,"M5Rules",1369.40676542016,NA,NA
6,76,2009,2012,1200,"M5Rules",1416.07612211687,NA,NA
6,76,2009,2013,1372,"M5Rules",1363.7216476947,NA,NA
6,76,2009,2014,1246,"M5Rules",1239.54563435428,NA,NA
6,76,2009,2015,1440,"M5Rules",1428.03100300548,NA,NA
6,76,2009,2016,1160,"M5Rules",1361.61015156623,NA,NA
6,76,2009,2017,1277,"M5Rules",1255.6678421503,NA,NA
6,76,2009,2018,1160,"M5Rules",1095.81407050034,NA,NA
6,76,2009,2019,1571,"M5Rules",1368.5554641202,NA,NA
6,76,2009,2020,1122,"M5Rules",1332.42880185263,NA,NA
6,76,2009,2021,1453,"M5Rules",1184.11666074538,NA,NA
6,76,2009,2022,1287,"M5Rules",1369.00119734346,NA,NA
7,77,2010,2011,1187,"Naive",1348.44643812734,NA,NA
7,77,2010,2012,1200,"Naive",1344.71380967179,NA,NA
7,77,2010,2013,1372,"Naive",1340.98118121625,NA,NA
7,77,2010,2014,1246,"Naive",1337.2485527607,NA,NA
7,77,2010,2015,1440,"Naive",1333.51592430516,NA,NA
7,77,2010,2016,1160,"Naive",1329.78329584961,NA,NA
7,77,2010,2017,1277,"Naive",1326.05066739407,NA,NA
7,77,2010,2018,1160,"Naive",1322.31803893852,NA,NA
7,77,2010,2019,1571,"Naive",1318.58541048297,NA,NA
7,77,2010,2020,1122,"Naive",1314.85278202743,NA,NA
7,77,2010,2021,1453,"Naive",1311.12015357188,NA,NA
7,77,2010,2022,1287,"Naive",1307.38752511634,NA,NA
7,77,2010,2011,1187,"Naive_Median",1329.15146850865,NA,NA
7,77,2010,2012,1200,"Naive_Median",1325.41884005311,NA,NA
7,77,2010,2013,1372,"Naive_Median",1321.68621159756,NA,NA
7,77,2010,2014,1246,"Naive_Median",1317.95358314202,NA,NA
7,77,2010,2015,1440,"Naive_Median",1314.22095468647,NA,NA
7,77,2010,2016,1160,"Naive_Median",1310.48832623092,NA,NA
7,77,2010,2017,1277,"Naive_Median",1306.75569777538,NA,NA
7,77,2010,2018,1160,"Naive_Median",1303.02306931983,NA,NA
7,77,2010,2019,1571,"Naive_Median",1299.29044086429,NA,NA
7,77,2010,2020,1122,"Naive_Median",1295.55781240874,NA,NA
7,77,2010,2021,1453,"Naive_Median",1291.8251839532,NA,NA
7,77,2010,2022,1287,"Naive_Median",1288.09255549765,NA,NA
7,77,2010,2011,1187,"Naive_MA",1397.87015714299,NA,NA
7,77,2010,2012,1200,"Naive_MA",1394.13752868745,NA,NA
7,77,2010,2013,1372,"Naive_MA",1390.4049002319,NA,NA
7,77,2010,2014,1246,"Naive_MA",1386.67227177636,NA,NA
7,77,2010,2015,1440,"Naive_MA",1382.93964332081,NA,NA
7,77,2010,2016,1160,"Naive_MA",1379.20701486527,NA,NA
7,77,2010,2017,1277,"Naive_MA",1375.47438640972,NA,NA
7,77,2010,2018,1160,"Naive_MA",1371.74175795417,NA,NA
7,77,2010,2019,1571,"Naive_MA",1368.00912949863,NA,NA
7,77,2010,2020,1122,"Naive_MA",1364.27650104308,NA,NA
7,77,2010,2021,1453,"Naive_MA",1360.54387258754,NA,NA
7,77,2010,2022,1287,"Naive_MA",1356.81124413199,NA,NA
7,77,2010,2011,1187,"DT",1353.81222152432,NA,NA
7,77,2010,2012,1200,"DT",1473.96884813534,NA,NA
7,77,2010,2013,1372,"DT",1630.14150789156,NA,NA
7,77,2010,2014,1246,"DT",1212.67508437213,NA,NA
7,77,2010,2015,1440,"DT",1163.56025640965,NA,NA
7,77,2010,2016,1160,"DT",1459.03833431315,NA,NA
7,77,2010,2017,1277,"DT",1455.30570585761,NA,NA
7,77,2010,2018,1160,"DT",1197.74457054994,NA,NA
7,77,2010,2019,1571,"DT",1447.84044894651,NA,NA
7,77,2010,2020,1122,"DT",1444.10782049097,NA,NA
7,77,2010,2021,1453,"DT",1237.91516997759,NA,NA
7,77,2010,2022,1287,"DT",1446.96482659257,NA,NA
7,77,2010,2011,1187,"Ripper",1074.03532582401,1018.84201683903,1129.22863480899
7,77,2010,2012,1200,"Ripper",1642.86486491281,1569.16872800738,1716.56100181824
7,77,2010,2013,1372,"Ripper",1429.67587946007,1402.72544443072,1456.62631448941
7,77,2010,2014,1246,"Ripper",1239.25660170043,1220.00702318587,1258.50618021498
7,77,2010,2015,1440,"Ripper",1422.21062254898,1395.26018751963,1449.16105757832
7,77,2010,2016,1160,"Ripper",1055.37218354628,1000.1788745613,1110.56549253127
7,77,2010,2017,1277,"Ripper",1051.63955509074,996.446246105752,1106.83286407572
7,77,2010,2018,1160,"Ripper",1047.90692663519,992.713617650206,1103.10023562017
7,77,2010,2019,1571,"Ripper",1407.28010872679,1380.32967369745,1434.23054375614
7,77,2010,2020,1122,"Ripper",1040.4416697241,985.248360739114,1095.63497870908
7,77,2010,2021,1453,"Ripper",1213.12820251161,1193.87862399705,1232.37778102616
7,77,2010,2022,1287,"Ripper",1605.53858035735,1531.84244345192,1679.23471726278
7,77,2010,2011,1187,"CarenR_Dist",1498.75167458842,NA,NA
7,77,2010,2012,1200,"CarenR_Dist",1504.5175361071,NA,NA
7,77,2010,2013,1372,"CarenR_Dist",1492.58793815662,NA,NA
7,77,2010,2014,1246,"CarenR_Dist",1237.62426416534,NA,NA
7,77,2010,2015,1440,"CarenR_Dist",1483.90700496006,NA,NA
7,77,2010,2016,1160,"CarenR_Dist",1310.48832623092,NA,NA
7,77,2010,2017,1277,"CarenR_Dist",1489.09085946215,NA,NA
7,77,2010,2018,1160,"CarenR_Dist",1185.8873936863,NA,NA
7,77,2010,2019,1571,"CarenR_Dist",1473.95826726272,NA,NA
7,77,2010,2020,1122,"CarenR_Dist",1125.17173581345,NA,NA
7,77,2010,2021,1453,"CarenR_Dist",1383.3079054764,NA,NA
7,77,2010,2022,1287,"CarenR_Dist",1372.28075632881,NA,NA
7,77,2010,2011,1187,"CarenR_Dist_FS",1496.11782968696,NA,NA
7,77,2010,2012,1200,"CarenR_Dist_FS",1492.38520123141,NA,NA
7,77,2010,2013,1372,"CarenR_Dist_FS",1490.10047277839,NA,NA
7,77,2010,2014,1246,"CarenR_Dist_FS",1233.82466683141,NA,NA
7,77,2010,2015,1440,"CarenR_Dist_FS",1482.6352158673,NA,NA
7,77,2010,2016,1160,"CarenR_Dist_FS",1310.48832623092,NA,NA
7,77,2010,2017,1277,"CarenR_Dist_FS",1306.75569777538,NA,NA
7,77,2010,2018,1160,"CarenR_Dist_FS",1191.22794797325,NA,NA
7,77,2010,2019,1571,"CarenR_Dist_FS",1467.70470204511,NA,NA
7,77,2010,2020,1122,"CarenR_Dist_FS",1295.55781240874,NA,NA
7,77,2010,2021,1453,"CarenR_Dist_FS",1291.8251839532,NA,NA
7,77,2010,2022,1287,"CarenR_Dist_FS",1338.27041551832,NA,NA
7,77,2010,2011,1187,"CarenR_Dist_Thresh",1496.11782968696,NA,NA
7,77,2010,2012,1200,"CarenR_Dist_Thresh",1492.38520123141,NA,NA
7,77,2010,2013,1372,"CarenR_Dist_Thresh",1488.65257277587,NA,NA
7,77,2010,2014,1246,"CarenR_Dist_Thresh",1317.95358314202,NA,NA
7,77,2010,2015,1440,"CarenR_Dist_Thresh",1481.18731586477,NA,NA
7,77,2010,2016,1160,"CarenR_Dist_Thresh",1310.48832623092,NA,NA
7,77,2010,2017,1277,"CarenR_Dist_Thresh",1306.75569777538,NA,NA
7,77,2010,2018,1160,"CarenR_Dist_Thresh",1172.14780656913,NA,NA
7,77,2010,2019,1571,"CarenR_Dist_Thresh",1466.25680204259,NA,NA
7,77,2010,2020,1122,"CarenR_Dist_Thresh",1295.55781240874,NA,NA
7,77,2010,2021,1453,"CarenR_Dist_Thresh",1291.8251839532,NA,NA
7,77,2010,2022,1287,"CarenR_Dist_Thresh",1455.05891667595,NA,NA
7,77,2010,2011,1187,"CarenR_Dist_Sup",1496.11782968696,NA,NA
7,77,2010,2012,1200,"CarenR_Dist_Sup",1492.38520123141,NA,NA
7,77,2010,2013,1372,"CarenR_Dist_Sup",1488.65257277587,NA,NA
7,77,2010,2014,1246,"CarenR_Dist_Sup",1317.95358314202,NA,NA
7,77,2010,2015,1440,"CarenR_Dist_Sup",1481.18731586477,NA,NA
7,77,2010,2016,1160,"CarenR_Dist_Sup",1310.48832623092,NA,NA
7,77,2010,2017,1277,"CarenR_Dist_Sup",1306.75569777538,NA,NA
7,77,2010,2018,1160,"CarenR_Dist_Sup",1175.45867484134,NA,NA
7,77,2010,2019,1571,"CarenR_Dist_Sup",1466.25680204259,NA,NA
7,77,2010,2020,1122,"CarenR_Dist_Sup",1295.55781240874,NA,NA
7,77,2010,2021,1453,"CarenR_Dist_Sup",1291.8251839532,NA,NA
7,77,2010,2022,1287,"CarenR_Dist_Sup",1455.05891667595,NA,NA
7,77,2010,2011,1187,"CarenR_Dist_Sup_Thresh",1496.11782968696,NA,NA
7,77,2010,2012,1200,"CarenR_Dist_Sup_Thresh",1492.38520123141,NA,NA
7,77,2010,2013,1372,"CarenR_Dist_Sup_Thresh",1488.65257277587,NA,NA
7,77,2010,2014,1246,"CarenR_Dist_Sup_Thresh",1317.95358314202,NA,NA
7,77,2010,2015,1440,"CarenR_Dist_Sup_Thresh",1481.18731586477,NA,NA
7,77,2010,2016,1160,"CarenR_Dist_Sup_Thresh",1310.48832623092,NA,NA
7,77,2010,2017,1277,"CarenR_Dist_Sup_Thresh",1306.75569777538,NA,NA
7,77,2010,2018,1160,"CarenR_Dist_Sup_Thresh",1172.14780656913,NA,NA
7,77,2010,2019,1571,"CarenR_Dist_Sup_Thresh",1466.25680204259,NA,NA
7,77,2010,2020,1122,"CarenR_Dist_Sup_Thresh",1295.55781240874,NA,NA
7,77,2010,2021,1453,"CarenR_Dist_Sup_Thresh",1291.8251839532,NA,NA
7,77,2010,2022,1287,"CarenR_Dist_Sup_Thresh",1455.05891667595,NA,NA
7,77,2010,2011,1187,"CarenR_Dist_Eta2",1496.11782968696,NA,NA
7,77,2010,2012,1200,"CarenR_Dist_Eta2",1492.38520123141,NA,NA
7,77,2010,2013,1372,"CarenR_Dist_Eta2",1490.10047277839,NA,NA
7,77,2010,2014,1246,"CarenR_Dist_Eta2",1233.82466683141,NA,NA
7,77,2010,2015,1440,"CarenR_Dist_Eta2",1482.6352158673,NA,NA
7,77,2010,2016,1160,"CarenR_Dist_Eta2",1310.48832623092,NA,NA
7,77,2010,2017,1277,"CarenR_Dist_Eta2",1306.75569777538,NA,NA
7,77,2010,2018,1160,"CarenR_Dist_Eta2",1191.22794797325,NA,NA
7,77,2010,2019,1571,"CarenR_Dist_Eta2",1467.70470204511,NA,NA
7,77,2010,2020,1122,"CarenR_Dist_Eta2",1295.55781240874,NA,NA
7,77,2010,2021,1453,"CarenR_Dist_Eta2",1291.8251839532,NA,NA
7,77,2010,2022,1287,"CarenR_Dist_Eta2",1338.27041551832,NA,NA
7,77,2010,2011,1187,"CarenR_Dist_Lag",1496.11782968696,NA,NA
7,77,2010,2012,1200,"CarenR_Dist_Lag",1492.38520123141,NA,NA
7,77,2010,2013,1372,"CarenR_Dist_Lag",1488.65257277587,NA,NA
7,77,2010,2014,1246,"CarenR_Dist_Lag",1317.95358314202,NA,NA
7,77,2010,2015,1440,"CarenR_Dist_Lag",1481.18731586477,NA,NA
7,77,2010,2016,1160,"CarenR_Dist_Lag",1310.48832623092,NA,NA
7,77,2010,2017,1277,"CarenR_Dist_Lag",1306.75569777538,NA,NA
7,77,2010,2018,1160,"CarenR_Dist_Lag",1172.14780656913,NA,NA
7,77,2010,2019,1571,"CarenR_Dist_Lag",1466.25680204259,NA,NA
7,77,2010,2020,1122,"CarenR_Dist_Lag",1295.55781240874,NA,NA
7,77,2010,2021,1453,"CarenR_Dist_Lag",1291.8251839532,NA,NA
7,77,2010,2022,1287,"CarenR_Dist_Lag",1455.05891667595,NA,NA
7,77,2010,2011,1187,"CarenR_Dist_Conf",1496.11782968696,NA,NA
7,77,2010,2012,1200,"CarenR_Dist_Conf",1492.38520123141,NA,NA
7,77,2010,2013,1372,"CarenR_Dist_Conf",1488.65257277587,NA,NA
7,77,2010,2014,1246,"CarenR_Dist_Conf",1317.95358314202,NA,NA
7,77,2010,2015,1440,"CarenR_Dist_Conf",1481.18731586477,NA,NA
7,77,2010,2016,1160,"CarenR_Dist_Conf",1310.48832623092,NA,NA
7,77,2010,2017,1277,"CarenR_Dist_Conf",1306.75569777538,NA,NA
7,77,2010,2018,1160,"CarenR_Dist_Conf",1172.14780656913,NA,NA
7,77,2010,2019,1571,"CarenR_Dist_Conf",1466.25680204259,NA,NA
7,77,2010,2020,1122,"CarenR_Dist_Conf",1295.55781240874,NA,NA
7,77,2010,2021,1453,"CarenR_Dist_Conf",1291.8251839532,NA,NA
7,77,2010,2022,1287,"CarenR_Dist_Conf",1455.05891667595,NA,NA
7,77,2010,2011,1187,"CarenR_Dist_Stack",1523.9557106951,NA,NA
7,77,2010,2012,1200,"CarenR_Dist_Stack",1462.13654030718,NA,NA
7,77,2010,2013,1372,"CarenR_Dist_Stack",1508.65552877857,NA,NA
7,77,2010,2014,1246,"CarenR_Dist_Stack",1365.18456140352,NA,NA
7,77,2010,2015,1440,"CarenR_Dist_Stack",1466.18182947354,NA,NA
7,77,2010,2016,1160,"CarenR_Dist_Stack",1347.99424867358,NA,NA
7,77,2010,2017,1277,"CarenR_Dist_Stack",1308.29506997523,NA,NA
7,77,2010,2018,1160,"CarenR_Dist_Stack",1247.66695130415,NA,NA
7,77,2010,2019,1571,"CarenR_Dist_Stack",1465.81554422619,NA,NA
7,77,2010,2020,1122,"CarenR_Dist_Stack",1345.99090961922,NA,NA
7,77,2010,2021,1453,"CarenR_Dist_Stack",1266.82054468493,NA,NA
7,77,2010,2022,1287,"CarenR_Dist_Stack",1480.77452543935,NA,NA
7,77,2010,2011,1187,"CarenR_Dist_Sup_FS",1496.11782968696,NA,NA
7,77,2010,2012,1200,"CarenR_Dist_Sup_FS",1492.38520123141,NA,NA
7,77,2010,2013,1372,"CarenR_Dist_Sup_FS",1488.65257277587,NA,NA
7,77,2010,2014,1246,"CarenR_Dist_Sup_FS",1317.95358314202,NA,NA
7,77,2010,2015,1440,"CarenR_Dist_Sup_FS",1481.18731586477,NA,NA
7,77,2010,2016,1160,"CarenR_Dist_Sup_FS",1310.48832623092,NA,NA
7,77,2010,2017,1277,"CarenR_Dist_Sup_FS",1306.75569777538,NA,NA
7,77,2010,2018,1160,"CarenR_Dist_Sup_FS",1172.14780656913,NA,NA
7,77,2010,2019,1571,"CarenR_Dist_Sup_FS",1466.25680204259,NA,NA
7,77,2010,2020,1122,"CarenR_Dist_Sup_FS",1295.55781240874,NA,NA
7,77,2010,2021,1453,"CarenR_Dist_Sup_FS",1291.8251839532,NA,NA
7,77,2010,2022,1287,"CarenR_Dist_Sup_FS",1455.05891667595,NA,NA
7,77,2010,2011,1187,"CarenR_Supervised",1376.17974115654,NA,NA
7,77,2010,2012,1200,"CarenR_Supervised",1495.61606352992,NA,NA
7,77,2010,2013,1372,"CarenR_Supervised",1498.33691019167,NA,NA
7,77,2010,2014,1246,"CarenR_Supervised",1189.96201650198,NA,NA
7,77,2010,2015,1440,"CarenR_Supervised",1485.75087467394,NA,NA
7,77,2010,2016,1160,"CarenR_Supervised",1179.61306348022,NA,NA
7,77,2010,2017,1277,"CarenR_Supervised",1175.88043502467,NA,NA
7,77,2010,2018,1160,"CarenR_Supervised",1176.87433538036,NA,NA
7,77,2010,2019,1571,"CarenR_Supervised",1470.55093182577,NA,NA
7,77,2010,2020,1122,"CarenR_Supervised",1164.68254965803,NA,NA
7,77,2010,2021,1453,"CarenR_Supervised",1146.20458479173,NA,NA
7,77,2010,2022,1287,"CarenR_Supervised",1458.90597876093,NA,NA
7,77,2010,2011,1187,"M5Rules",1320.9875034284,NA,NA
7,77,2010,2012,1200,"M5Rules",1319.19180574632,NA,NA
7,77,2010,2013,1372,"M5Rules",1367.31234363613,NA,NA
7,77,2010,2014,1246,"M5Rules",1253.11139071399,NA,NA
7,77,2010,2015,1440,"M5Rules",1590.02975591201,NA,NA
7,77,2010,2016,1160,"M5Rules",1266.27379118826,NA,NA
7,77,2010,2017,1277,"M5Rules",1304.3915429595,NA,NA
7,77,2010,2018,1160,"M5Rules",1108.26113293427,NA,NA
7,77,2010,2019,1571,"M5Rules",1430.54811817678,NA,NA
7,77,2010,2020,1122,"M5Rules",1246.97926454116,NA,NA
7,77,2010,2021,1453,"M5Rules",1229.09774325715,NA,NA
7,77,2010,2022,1287,"M5Rules",1479.75752023901,NA,NA
8,78,2011,2012,1200,"Naive",1277.11703378758,NA,NA
8,78,2011,2013,1372,"Naive",1263.48932148315,NA,NA
8,78,2011,2014,1246,"Naive",1249.86160917873,NA,NA
8,78,2011,2015,1440,"Naive",1236.2338968743,NA,NA
8,78,2011,2016,1160,"Naive",1222.60618456988,NA,NA
8,78,2011,2017,1277,"Naive",1208.97847226545,NA,NA
8,78,2011,2018,1160,"Naive",1195.35075996102,NA,NA
8,78,2011,2019,1571,"Naive",1181.7230476566,NA,NA
8,78,2011,2020,1122,"Naive",1168.09533535217,NA,NA
8,78,2011,2021,1453,"Naive",1154.46762304775,NA,NA
8,78,2011,2022,1287,"Naive",1140.83991074332,NA,NA
8,78,2011,2012,1200,"Naive_Median",1248.63050791529,NA,NA
8,78,2011,2013,1372,"Naive_Median",1235.00279561086,NA,NA
8,78,2011,2014,1246,"Naive_Median",1221.37508330644,NA,NA
8,78,2011,2015,1440,"Naive_Median",1207.74737100201,NA,NA
8,78,2011,2016,1160,"Naive_Median",1194.11965869758,NA,NA
8,78,2011,2017,1277,"Naive_Median",1180.49194639316,NA,NA
8,78,2011,2018,1160,"Naive_Median",1166.86423408873,NA,NA
8,78,2011,2019,1571,"Naive_Median",1153.23652178431,NA,NA
8,78,2011,2020,1122,"Naive_Median",1139.60880947988,NA,NA
8,78,2011,2021,1453,"Naive_Median",1125.98109717546,NA,NA
8,78,2011,2022,1287,"Naive_Median",1112.35338487103,NA,NA
8,78,2011,2012,1200,"Naive_MA",1290.25351206777,NA,NA
8,78,2011,2013,1372,"Naive_MA",1276.62579976335,NA,NA
8,78,2011,2014,1246,"Naive_MA",1262.99808745892,NA,NA
8,78,2011,2015,1440,"Naive_MA",1249.3703751545,NA,NA
8,78,2011,2016,1160,"Naive_MA",1235.74266285007,NA,NA
8,78,2011,2017,1277,"Naive_MA",1222.11495054564,NA,NA
8,78,2011,2018,1160,"Naive_MA",1208.48723824122,NA,NA
8,78,2011,2019,1571,"Naive_MA",1194.85952593679,NA,NA
8,78,2011,2020,1122,"Naive_MA",1181.23181363237,NA,NA
8,78,2011,2021,1453,"Naive_MA",1167.60410132794,NA,NA
8,78,2011,2022,1287,"Naive_MA",1153.97638902351,NA,NA
8,78,2011,2012,1200,"DT",1427.47479585735,NA,NA
8,78,2011,2013,1372,"DT",1553.10623979278,NA,NA
8,78,2011,2014,1246,"DT",1128.1901826602,NA,NA
8,78,2011,2015,1440,"DT",1386.59165894407,NA,NA
8,78,2011,2016,1160,"DT",1185.79696731545,NA,NA
8,78,2011,2017,1277,"DT",1172.16925501103,NA,NA
8,78,2011,2018,1160,"DT",1073.67933344249,NA,NA
8,78,2011,2019,1571,"DT",1332.08080972637,NA,NA
8,78,2011,2020,1122,"DT",1131.28611809775,NA,NA
8,78,2011,2021,1453,"DT",1117.65840579333,NA,NA
8,78,2011,2022,1287,"DT",1289.76658615264,NA,NA
8,78,2011,2012,1200,"Ripper",1568.04524068125,1497.79240539042,1638.29807597209
8,78,2011,2013,1372,"Ripper",1346.36579719025,1316.50965321384,1376.22194116667
8,78,2011,2014,1246,"Ripper",1540.7898160724,1470.53698078157,1611.04265136324
8,78,2011,2015,1440,"Ripper",1319.1103725814,1289.25422860498,1348.96651655782
8,78,2011,2016,1160,"Ripper",1513.53439146355,1443.28155617271,1583.78722675438
8,78,2011,2017,1277,"Ripper",936.222957144838,879.432835915718,993.013078373958
8,78,2011,2018,1160,"Ripper",922.59524484041,865.80512361129,979.385366069531
8,78,2011,2019,1571,"Ripper",1264.5995233637,1234.74337938728,1294.45566734012
8,78,2011,2020,1122,"Ripper",1459.02354224584,1388.77070695501,1529.27637753668
8,78,2011,2021,1453,"Ripper",881.712107927136,824.921986698016,938.502229156256
8,78,2011,2022,1287,"Ripper",1431.76811763699,1361.51528234616,1502.02095292783
8,78,2011,2012,1200,"CarenR_Dist",1447.46240854045,NA,NA
8,78,2011,2013,1372,"CarenR_Dist",1425.40027668546,NA,NA
8,78,2011,2014,1246,"CarenR_Dist",1150.74882497078,NA,NA
8,78,2011,2015,1440,"CarenR_Dist",1392.47677039863,NA,NA
8,78,2011,2016,1160,"CarenR_Dist",1390.58248711905,NA,NA
8,78,2011,2017,1277,"CarenR_Dist",1378.14687419226,NA,NA
8,78,2011,2018,1160,"CarenR_Dist",1075.5418489165,NA,NA
8,78,2011,2019,1571,"CarenR_Dist",1346.17251748092,NA,NA
8,78,2011,2020,1122,"CarenR_Dist",978.9257935256,NA,NA
8,78,2011,2021,1453,"CarenR_Dist",1231.33685764414,NA,NA
8,78,2011,2022,1287,"CarenR_Dist",1225.93903995421,NA,NA
8,78,2011,2012,1200,"CarenR_Dist_FS",1248.63050791529,NA,NA
8,78,2011,2013,1372,"CarenR_Dist_FS",1419.73219500748,NA,NA
8,78,2011,2014,1246,"CarenR_Dist_FS",1146.94922763684,NA,NA
8,78,2011,2015,1440,"CarenR_Dist_FS",1392.47677039863,NA,NA
8,78,2011,2016,1160,"CarenR_Dist_FS",1194.11965869758,NA,NA
8,78,2011,2017,1277,"CarenR_Dist_FS",1180.49194639316,NA,NA
8,78,2011,2018,1160,"CarenR_Dist_FS",1064.77217338316,NA,NA
8,78,2011,2019,1571,"CarenR_Dist_FS",1337.96592118093,NA,NA
8,78,2011,2020,1122,"CarenR_Dist_FS",1139.60880947988,NA,NA
8,78,2011,2021,1453,"CarenR_Dist_FS",1125.98109717546,NA,NA
8,78,2011,2022,1287,"CarenR_Dist_FS",1037.92752920143,NA,NA
8,78,2011,2012,1200,"CarenR_Dist_Thresh",1248.63050791529,NA,NA
8,78,2011,2013,1372,"CarenR_Dist_Thresh",1235.00279561086,NA,NA
8,78,2011,2014,1246,"CarenR_Dist_Thresh",1221.37508330644,NA,NA
8,78,2011,2015,1440,"CarenR_Dist_Thresh",1207.74737100201,NA,NA
8,78,2011,2016,1160,"CarenR_Dist_Thresh",1194.11965869758,NA,NA
8,78,2011,2017,1277,"CarenR_Dist_Thresh",1180.49194639316,NA,NA
8,78,2011,2018,1160,"CarenR_Dist_Thresh",1045.69203197904,NA,NA
8,78,2011,2019,1571,"CarenR_Dist_Thresh",1153.23652178431,NA,NA
8,78,2011,2020,1122,"CarenR_Dist_Thresh",1139.60880947988,NA,NA
8,78,2011,2021,1453,"CarenR_Dist_Thresh",1125.98109717546,NA,NA
8,78,2011,2022,1287,"CarenR_Dist_Thresh",1112.35338487103,NA,NA
8,78,2011,2012,1200,"CarenR_Dist_Sup",1248.63050791529,NA,NA
8,78,2011,2013,1372,"CarenR_Dist_Sup",1235.00279561086,NA,NA
8,78,2011,2014,1246,"CarenR_Dist_Sup",1221.37508330644,NA,NA
8,78,2011,2015,1440,"CarenR_Dist_Sup",1207.74737100201,NA,NA
8,78,2011,2016,1160,"CarenR_Dist_Sup",1194.11965869758,NA,NA
8,78,2011,2017,1277,"CarenR_Dist_Sup",1180.49194639316,NA,NA
8,78,2011,2018,1160,"CarenR_Dist_Sup",1048.49423115616,NA,NA
8,78,2011,2019,1571,"CarenR_Dist_Sup",1153.23652178431,NA,NA
8,78,2011,2020,1122,"CarenR_Dist_Sup",1139.60880947988,NA,NA
8,78,2011,2021,1453,"CarenR_Dist_Sup",1125.98109717546,NA,NA
8,78,2011,2022,1287,"CarenR_Dist_Sup",1112.35338487103,NA,NA
8,78,2011,2012,1200,"CarenR_Dist_Sup_Thresh",1248.63050791529,NA,NA
8,78,2011,2013,1372,"CarenR_Dist_Sup_Thresh",1235.00279561086,NA,NA
8,78,2011,2014,1246,"CarenR_Dist_Sup_Thresh",1221.37508330644,NA,NA
8,78,2011,2015,1440,"CarenR_Dist_Sup_Thresh",1207.74737100201,NA,NA
8,78,2011,2016,1160,"CarenR_Dist_Sup_Thresh",1194.11965869758,NA,NA
8,78,2011,2017,1277,"CarenR_Dist_Sup_Thresh",1180.49194639316,NA,NA
8,78,2011,2018,1160,"CarenR_Dist_Sup_Thresh",1045.69203197904,NA,NA
8,78,2011,2019,1571,"CarenR_Dist_Sup_Thresh",1153.23652178431,NA,NA
8,78,2011,2020,1122,"CarenR_Dist_Sup_Thresh",1139.60880947988,NA,NA
8,78,2011,2021,1453,"CarenR_Dist_Sup_Thresh",1125.98109717546,NA,NA
8,78,2011,2022,1287,"CarenR_Dist_Sup_Thresh",1112.35338487103,NA,NA
8,78,2011,2012,1200,"CarenR_Dist_Eta2",1248.63050791529,NA,NA
8,78,2011,2013,1372,"CarenR_Dist_Eta2",1419.73219500748,NA,NA
8,78,2011,2014,1246,"CarenR_Dist_Eta2",1146.94922763684,NA,NA
8,78,2011,2015,1440,"CarenR_Dist_Eta2",1392.47677039863,NA,NA
8,78,2011,2016,1160,"CarenR_Dist_Eta2",1194.11965869758,NA,NA
8,78,2011,2017,1277,"CarenR_Dist_Eta2",1180.49194639316,NA,NA
8,78,2011,2018,1160,"CarenR_Dist_Eta2",1064.77217338316,NA,NA
8,78,2011,2019,1571,"CarenR_Dist_Eta2",1337.96592118093,NA,NA
8,78,2011,2020,1122,"CarenR_Dist_Eta2",1139.60880947988,NA,NA
8,78,2011,2021,1453,"CarenR_Dist_Eta2",1125.98109717546,NA,NA
8,78,2011,2022,1287,"CarenR_Dist_Eta2",1037.92752920143,NA,NA
8,78,2011,2012,1200,"CarenR_Dist_Lag",1248.63050791529,NA,NA
8,78,2011,2013,1372,"CarenR_Dist_Lag",1235.00279561086,NA,NA
8,78,2011,2014,1246,"CarenR_Dist_Lag",1221.37508330644,NA,NA
8,78,2011,2015,1440,"CarenR_Dist_Lag",1207.74737100201,NA,NA
8,78,2011,2016,1160,"CarenR_Dist_Lag",1194.11965869758,NA,NA
8,78,2011,2017,1277,"CarenR_Dist_Lag",1180.49194639316,NA,NA
8,78,2011,2018,1160,"CarenR_Dist_Lag",1045.69203197904,NA,NA
8,78,2011,2019,1571,"CarenR_Dist_Lag",1153.23652178431,NA,NA
8,78,2011,2020,1122,"CarenR_Dist_Lag",1139.60880947988,NA,NA
8,78,2011,2021,1453,"CarenR_Dist_Lag",1125.98109717546,NA,NA
8,78,2011,2022,1287,"CarenR_Dist_Lag",1112.35338487103,NA,NA
8,78,2011,2012,1200,"CarenR_Dist_Conf",1248.63050791529,NA,NA
8,78,2011,2013,1372,"CarenR_Dist_Conf",1235.00279561086,NA,NA
8,78,2011,2014,1246,"CarenR_Dist_Conf",1221.37508330644,NA,NA
8,78,2011,2015,1440,"CarenR_Dist_Conf",1207.74737100201,NA,NA
8,78,2011,2016,1160,"CarenR_Dist_Conf",1194.11965869758,NA,NA
8,78,2011,2017,1277,"CarenR_Dist_Conf",1180.49194639316,NA,NA
8,78,2011,2018,1160,"CarenR_Dist_Conf",1045.69203197904,NA,NA
8,78,2011,2019,1571,"CarenR_Dist_Conf",1153.23652178431,NA,NA
8,78,2011,2020,1122,"CarenR_Dist_Conf",1139.60880947988,NA,NA
8,78,2011,2021,1453,"CarenR_Dist_Conf",1125.98109717546,NA,NA
8,78,2011,2022,1287,"CarenR_Dist_Conf",1112.35338487103,NA,NA
8,78,2011,2012,1200,"CarenR_Dist_Stack",1328.82058830895,NA,NA
8,78,2011,2013,1372,"CarenR_Dist_Stack",1367.45828259372,NA,NA
8,78,2011,2014,1246,"CarenR_Dist_Stack",1348.53147906536,NA,NA
8,78,2011,2015,1440,"CarenR_Dist_Stack",1297.96262176337,NA,NA
8,78,2011,2016,1160,"CarenR_Dist_Stack",1306.6977394585,NA,NA
8,78,2011,2017,1277,"CarenR_Dist_Stack",1251.75073635136,NA,NA
8,78,2011,2018,1160,"CarenR_Dist_Stack",1072.4576328753,NA,NA
8,78,2011,2019,1571,"CarenR_Dist_Stack",1251.50938189348,NA,NA
8,78,2011,2020,1122,"CarenR_Dist_Stack",1258.45343994104,NA,NA
8,78,2011,2021,1453,"CarenR_Dist_Stack",1160.32199866486,NA,NA
8,78,2011,2022,1287,"CarenR_Dist_Stack",1233.33625704478,NA,NA
8,78,2011,2012,1200,"CarenR_Dist_Sup_FS",1248.63050791529,NA,NA
8,78,2011,2013,1372,"CarenR_Dist_Sup_FS",1235.00279561086,NA,NA
8,78,2011,2014,1246,"CarenR_Dist_Sup_FS",1221.37508330644,NA,NA
8,78,2011,2015,1440,"CarenR_Dist_Sup_FS",1207.74737100201,NA,NA
8,78,2011,2016,1160,"CarenR_Dist_Sup_FS",1194.11965869758,NA,NA
8,78,2011,2017,1277,"CarenR_Dist_Sup_FS",1180.49194639316,NA,NA
8,78,2011,2018,1160,"CarenR_Dist_Sup_FS",1045.69203197904,NA,NA
8,78,2011,2019,1571,"CarenR_Dist_Sup_FS",1153.23652178431,NA,NA
8,78,2011,2020,1122,"CarenR_Dist_Sup_FS",1139.60880947988,NA,NA
8,78,2011,2021,1453,"CarenR_Dist_Sup_FS",1125.98109717546,NA,NA
8,78,2011,2022,1287,"CarenR_Dist_Sup_FS",1112.35338487103,NA,NA
8,78,2011,2012,1200,"CarenR_Supervised",1430.71603950536,NA,NA
8,78,2011,2013,1372,"CarenR_Supervised",1426.50672763735,NA,NA
8,78,2011,2014,1246,"CarenR_Supervised",1103.25129291351,NA,NA
8,78,2011,2015,1440,"CarenR_Supervised",1399.82692956923,NA,NA
8,78,2011,2016,1160,"CarenR_Supervised",1082.34007659842,NA,NA
8,78,2011,2017,1277,"CarenR_Supervised",1068.71236429399,NA,NA
8,78,2011,2018,1160,"CarenR_Supervised",1053.84258473803,NA,NA
8,78,2011,2019,1571,"CarenR_Supervised",1342.73701281365,NA,NA
8,78,2011,2020,1122,"CarenR_Supervised",1027.82922738072,NA,NA
8,78,2011,2021,1453,"CarenR_Supervised",1008.7593187951,NA,NA
8,78,2011,2022,1287,"CarenR_Supervised",1299.56502409819,NA,NA
8,78,2011,2012,1200,"M5Rules",1294.99661333072,NA,NA
8,78,2011,2013,1372,"M5Rules",1191.25994626877,NA,NA
8,78,2011,2014,1246,"M5Rules",1161.32101092514,NA,NA
8,78,2011,2015,1440,"M5Rules",1500.39641842487,NA,NA
8,78,2011,2016,1160,"M5Rules",1182.82448369949,NA,NA
8,78,2011,2017,1277,"M5Rules",1248.24050182872,NA,NA
8,78,2011,2018,1160,"M5Rules",1011.83622713756,NA,NA
8,78,2011,2019,1571,"M5Rules",1315.2508139821,NA,NA
8,78,2011,2020,1122,"M5Rules",1126.1838134413,NA,NA
8,78,2011,2021,1453,"M5Rules",1139.34382306011,NA,NA
8,78,2011,2022,1287,"M5Rules",1268.69307207536,NA,NA
9,79,2012,2013,1372,"Naive",1217.7497885841,NA,NA
9,79,2012,2014,1246,"Naive",1195.71113325854,NA,NA
9,79,2012,2015,1440,"Naive",1173.67247793298,NA,NA
9,79,2012,2016,1160,"Naive",1151.63382260742,NA,NA
9,79,2012,2017,1277,"Naive",1129.59516728186,NA,NA
9,79,2012,2018,1160,"Naive",1107.5565119563,NA,NA
9,79,2012,2019,1571,"Naive",1085.51785663074,NA,NA
9,79,2012,2020,1122,"Naive",1063.47920130519,NA,NA
9,79,2012,2021,1453,"Naive",1041.44054597963,NA,NA
9,79,2012,2022,1287,"Naive",1019.40189065407,NA,NA
9,79,2012,2013,1372,"Naive_Median",1179.62115842927,NA,NA
9,79,2012,2014,1246,"Naive_Median",1157.58250310371,NA,NA
9,79,2012,2015,1440,"Naive_Median",1135.54384777815,NA,NA
9,79,2012,2016,1160,"Naive_Median",1113.5051924526,NA,NA
9,79,2012,2017,1277,"Naive_Median",1091.46653712704,NA,NA
9,79,2012,2018,1160,"Naive_Median",1069.42788180148,NA,NA
9,79,2012,2019,1571,"Naive_Median",1047.38922647592,NA,NA
9,79,2012,2020,1122,"Naive_Median",1025.35057115037,NA,NA
9,79,2012,2021,1453,"Naive_Median",1003.31191582481,NA,NA
9,79,2012,2022,1287,"Naive_Median",981.273260499246,NA,NA
9,79,2012,2013,1372,"Naive_MA",1242.69539069894,NA,NA
9,79,2012,2014,1246,"Naive_MA",1220.65673537338,NA,NA
9,79,2012,2015,1440,"Naive_MA",1198.61808004782,NA,NA
9,79,2012,2016,1160,"Naive_MA",1176.57942472226,NA,NA
9,79,2012,2017,1277,"Naive_MA",1154.5407693967,NA,NA
9,79,2012,2018,1160,"Naive_MA",1132.50211407114,NA,NA
9,79,2012,2019,1571,"Naive_MA",1110.46345874558,NA,NA
9,79,2012,2020,1122,"Naive_MA",1088.42480342003,NA,NA
9,79,2012,2021,1453,"Naive_MA",1066.38614809447,NA,NA
9,79,2012,2022,1287,"Naive_MA",1044.34749276891,NA,NA
9,79,2012,2013,1372,"DT",1506.83321713395,NA,NA
9,79,2012,2014,1246,"DT",1073.78723175057,NA,NA
9,79,2012,2015,1440,"DT",1013.15760972537,NA,NA
9,79,2012,2016,1160,"DT",1122.89897665768,NA,NA
9,79,2012,2017,1277,"DT",1100.86032133212,NA,NA
9,79,2012,2018,1160,"DT",985.632610448328,NA,NA
9,79,2012,2019,1571,"DT",1056.783010681,NA,NA
9,79,2012,2020,1122,"DT",1034.74435535545,NA,NA
9,79,2012,2021,1453,"DT",928.78672633279,NA,NA
9,79,2012,2022,1287,"DT",1169.47647131406,NA,NA
9,79,2012,2013,1372,"Ripper",1301.45634870203,1270.83772472589,1332.07497267817
9,79,2012,2014,1246,"Ripper",1279.41769337647,1248.79906940033,1310.03631735261
9,79,2012,2015,1440,"Ripper",1257.37903805091,1226.76041407477,1287.99766202705
9,79,2012,2016,1160,"Ripper",1235.34038272535,1204.72175874921,1265.95900670149
9,79,2012,2017,1277,"Ripper",1213.30172739979,1182.68310342365,1243.92035137594
9,79,2012,2018,1160,"Ripper",1398.11368087004,1328.33043191322,1467.89692982686
9,79,2012,2019,1571,"Ripper",1169.22441674867,1138.60579277253,1199.84304072482
9,79,2012,2020,1122,"Ripper",1147.18576142312,1116.56713744698,1177.80438539926
9,79,2012,2021,1453,"Ripper",1125.14710609756,1094.52848212142,1155.7657300737
9,79,2012,2022,1287,"Ripper",921.640268036566,905.16455906893,938.115977004203
9,79,2012,2013,1372,"CarenR_Dist",1384.18363402598,NA,NA
9,79,2012,2014,1246,"CarenR_Dist",1088.94354317872,NA,NA
9,79,2012,2015,1440,"CarenR_Dist",1333.73581980988,NA,NA
9,79,2012,2016,1160,"CarenR_Dist",1319.07663539682,NA,NA
9,79,2012,2017,1277,"CarenR_Dist",1298.73602258591,NA,NA
9,79,2012,2018,1160,"CarenR_Dist",987.483235911664,NA,NA
9,79,2012,2019,1571,"CarenR_Dist",1252.97536322347,NA,NA
9,79,2012,2020,1122,"CarenR_Dist",871.336854186922,NA,NA
9,79,2012,2021,1453,"CarenR_Dist",1117.52360672036,NA,NA
9,79,2012,2022,1287,"CarenR_Dist",1106.6207325627,NA,NA
9,79,2012,2013,1372,"CarenR_Dist_FS",1377.813130461,NA,NA
9,79,2012,2014,1246,"CarenR_Dist_FS",1088.94354317872,NA,NA
9,79,2012,2015,1440,"CarenR_Dist_FS",1333.73581980988,NA,NA
9,79,2012,2016,1160,"CarenR_Dist_FS",1113.5051924526,NA,NA
9,79,2012,2017,1277,"CarenR_Dist_FS",1091.46653712704,NA,NA
9,79,2012,2018,1160,"CarenR_Dist_FS",974.803637297248,NA,NA
9,79,2012,2019,1571,"CarenR_Dist_FS",1245.58119850764,NA,NA
9,79,2012,2020,1122,"CarenR_Dist_FS",1025.35057115037,NA,NA
9,79,2012,2021,1453,"CarenR_Dist_FS",1003.31191582481,NA,NA
9,79,2012,2022,1287,"CarenR_Dist_FS",912.634300574256,NA,NA
9,79,2012,2013,1372,"CarenR_Dist_Thresh",1179.62115842927,NA,NA
9,79,2012,2014,1246,"CarenR_Dist_Thresh",1157.58250310371,NA,NA
9,79,2012,2015,1440,"CarenR_Dist_Thresh",1135.54384777815,NA,NA
9,79,2012,2016,1160,"CarenR_Dist_Thresh",1113.5051924526,NA,NA
9,79,2012,2017,1277,"CarenR_Dist_Thresh",1091.46653712704,NA,NA
9,79,2012,2018,1160,"CarenR_Dist_Thresh",956.882751380532,NA,NA
9,79,2012,2019,1571,"CarenR_Dist_Thresh",1047.38922647592,NA,NA
9,79,2012,2020,1122,"CarenR_Dist_Thresh",1025.35057115037,NA,NA
9,79,2012,2021,1453,"CarenR_Dist_Thresh",1003.31191582481,NA,NA
9,79,2012,2022,1287,"CarenR_Dist_Thresh",981.273260499246,NA,NA
9,79,2012,2013,1372,"CarenR_Dist_Sup",1179.62115842927,NA,NA
9,79,2012,2014,1246,"CarenR_Dist_Sup",1157.58250310371,NA,NA
9,79,2012,2015,1440,"CarenR_Dist_Sup",1135.54384777815,NA,NA
9,79,2012,2016,1160,"CarenR_Dist_Sup",1113.5051924526,NA,NA
9,79,2012,2017,1277,"CarenR_Dist_Sup",1091.46653712704,NA,NA
9,79,2012,2018,1160,"CarenR_Dist_Sup",960.47592112968,NA,NA
9,79,2012,2019,1571,"CarenR_Dist_Sup",1047.38922647592,NA,NA
9,79,2012,2020,1122,"CarenR_Dist_Sup",1025.35057115037,NA,NA
9,79,2012,2021,1453,"CarenR_Dist_Sup",1003.31191582481,NA,NA
9,79,2012,2022,1287,"CarenR_Dist_Sup",981.273260499246,NA,NA
9,79,2012,2013,1372,"CarenR_Dist_Sup_Thresh",1179.62115842927,NA,NA
9,79,2012,2014,1246,"CarenR_Dist_Sup_Thresh",1157.58250310371,NA,NA
9,79,2012,2015,1440,"CarenR_Dist_Sup_Thresh",1135.54384777815,NA,NA
9,79,2012,2016,1160,"CarenR_Dist_Sup_Thresh",1113.5051924526,NA,NA
9,79,2012,2017,1277,"CarenR_Dist_Sup_Thresh",1091.46653712704,NA,NA
9,79,2012,2018,1160,"CarenR_Dist_Sup_Thresh",956.882751380532,NA,NA
9,79,2012,2019,1571,"CarenR_Dist_Sup_Thresh",1047.38922647592,NA,NA
9,79,2012,2020,1122,"CarenR_Dist_Sup_Thresh",1025.35057115037,NA,NA
9,79,2012,2021,1453,"CarenR_Dist_Sup_Thresh",1003.31191582481,NA,NA
9,79,2012,2022,1287,"CarenR_Dist_Sup_Thresh",981.273260499246,NA,NA
9,79,2012,2013,1372,"CarenR_Dist_Eta2",1377.813130461,NA,NA
9,79,2012,2014,1246,"CarenR_Dist_Eta2",1088.94354317872,NA,NA
9,79,2012,2015,1440,"CarenR_Dist_Eta2",1333.73581980988,NA,NA
9,79,2012,2016,1160,"CarenR_Dist_Eta2",1113.5051924526,NA,NA
9,79,2012,2017,1277,"CarenR_Dist_Eta2",1091.46653712704,NA,NA
9,79,2012,2018,1160,"CarenR_Dist_Eta2",974.803637297248,NA,NA
9,79,2012,2019,1571,"CarenR_Dist_Eta2",1245.58119850764,NA,NA
9,79,2012,2020,1122,"CarenR_Dist_Eta2",1025.35057115037,NA,NA
9,79,2012,2021,1453,"CarenR_Dist_Eta2",1003.31191582481,NA,NA
9,79,2012,2022,1287,"CarenR_Dist_Eta2",912.634300574256,NA,NA
9,79,2012,2013,1372,"CarenR_Dist_Lag",1179.62115842927,NA,NA
9,79,2012,2014,1246,"CarenR_Dist_Lag",1157.58250310371,NA,NA
9,79,2012,2015,1440,"CarenR_Dist_Lag",1135.54384777815,NA,NA
9,79,2012,2016,1160,"CarenR_Dist_Lag",1113.5051924526,NA,NA
9,79,2012,2017,1277,"CarenR_Dist_Lag",1091.46653712704,NA,NA
9,79,2012,2018,1160,"CarenR_Dist_Lag",956.882751380532,NA,NA
9,79,2012,2019,1571,"CarenR_Dist_Lag",1047.38922647592,NA,NA
9,79,2012,2020,1122,"CarenR_Dist_Lag",1025.35057115037,NA,NA
9,79,2012,2021,1453,"CarenR_Dist_Lag",1003.31191582481,NA,NA
9,79,2012,2022,1287,"CarenR_Dist_Lag",981.273260499246,NA,NA
9,79,2012,2013,1372,"CarenR_Dist_Conf",1179.62115842927,NA,NA
9,79,2012,2014,1246,"CarenR_Dist_Conf",1157.58250310371,NA,NA
9,79,2012,2015,1440,"CarenR_Dist_Conf",1135.54384777815,NA,NA
9,79,2012,2016,1160,"CarenR_Dist_Conf",1113.5051924526,NA,NA
9,79,2012,2017,1277,"CarenR_Dist_Conf",1091.46653712704,NA,NA
9,79,2012,2018,1160,"CarenR_Dist_Conf",956.882751380532,NA,NA
9,79,2012,2019,1571,"CarenR_Dist_Conf",1047.38922647592,NA,NA
9,79,2012,2020,1122,"CarenR_Dist_Conf",1025.35057115037,NA,NA
9,79,2012,2021,1453,"CarenR_Dist_Conf",1003.31191582481,NA,NA
9,79,2012,2022,1287,"CarenR_Dist_Conf",981.273260499246,NA,NA
9,79,2012,2013,1372,"CarenR_Dist_Stack",1316.2950865981,NA,NA
9,79,2012,2014,1246,"CarenR_Dist_Stack",1286.03430007281,NA,NA
9,79,2012,2015,1440,"CarenR_Dist_Stack",1223.90726001148,NA,NA
9,79,2012,2016,1160,"CarenR_Dist_Stack",1223.34701771638,NA,NA
9,79,2012,2017,1277,"CarenR_Dist_Stack",1156.67477781996,NA,NA
9,79,2012,2018,1160,"CarenR_Dist_Stack",970.887875849801,NA,NA
9,79,2012,2019,1571,"CarenR_Dist_Stack",1137.16689389689,NA,NA
9,79,2012,2020,1122,"CarenR_Dist_Stack",1134.74725166926,NA,NA
9,79,2012,2021,1453,"CarenR_Dist_Stack",1023.24281339944,NA,NA
9,79,2012,2022,1287,"CarenR_Dist_Stack",1089.41436868318,NA,NA
9,79,2012,2013,1372,"CarenR_Dist_Sup_FS",1179.62115842927,NA,NA
9,79,2012,2014,1246,"CarenR_Dist_Sup_FS",1157.58250310371,NA,NA
9,79,2012,2015,1440,"CarenR_Dist_Sup_FS",1135.54384777815,NA,NA
9,79,2012,2016,1160,"CarenR_Dist_Sup_FS",1113.5051924526,NA,NA
9,79,2012,2017,1277,"CarenR_Dist_Sup_FS",1091.46653712704,NA,NA
9,79,2012,2018,1160,"CarenR_Dist_Sup_FS",956.882751380532,NA,NA
9,79,2012,2019,1571,"CarenR_Dist_Sup_FS",1047.38922647592,NA,NA
9,79,2012,2020,1122,"CarenR_Dist_Sup_FS",1025.35057115037,NA,NA
9,79,2012,2021,1453,"CarenR_Dist_Sup_FS",1003.31191582481,NA,NA
9,79,2012,2022,1287,"CarenR_Dist_Sup_FS",981.273260499246,NA,NA
9,79,2012,2013,1372,"CarenR_Supervised",1383.30015465519,NA,NA
9,79,2012,2014,1246,"CarenR_Supervised",1050.83008358965,NA,NA
9,79,2012,2015,1440,"CarenR_Supervised",1333.70466652615,NA,NA
9,79,2012,2016,1160,"CarenR_Supervised",989.560759167792,NA,NA
9,79,2012,2017,1277,"CarenR_Supervised",967.522103842233,NA,NA
9,79,2012,2018,1160,"CarenR_Supervised",959.666183197581,NA,NA
9,79,2012,2019,1571,"CarenR_Supervised",1245.55004522392,NA,NA
9,79,2012,2020,1122,"CarenR_Supervised",901.406137865562,NA,NA
9,79,2012,2021,1453,"CarenR_Supervised",890.276323504737,NA,NA
9,79,2012,2022,1287,"CarenR_Supervised",1184.95225672516,NA,NA
9,79,2012,2013,1372,"M5Rules",1370.46356087874,NA,NA
9,79,2012,2014,1246,"M5Rules",1032.16795020996,NA,NA
9,79,2012,2015,1440,"M5Rules",1194.81148993028,NA,NA
9,79,2012,2016,1160,"M5Rules",1142.23328759797,NA,NA
9,79,2012,2017,1277,"M5Rules",1089.24131157737,NA,NA
9,79,2012,2018,1160,"M5Rules",955.223972550505,NA,NA
9,79,2012,2019,1571,"M5Rules",1122.03797915308,NA,NA
9,79,2012,2020,1122,"M5Rules",1072.04745265911,NA,NA
9,79,2012,2021,1453,"M5Rules",732.769427539121,NA,NA
9,79,2012,2022,1287,"M5Rules",1133.23154303442,NA,NA
10,80,2013,2014,1246,"Naive",1243.76797966072,NA,NA
10,80,2013,2015,1440,"Naive",1226.3474042424,NA,NA
10,80,2013,2016,1160,"Naive",1208.92682882409,NA,NA
10,80,2013,2017,1277,"Naive",1191.50625340578,NA,NA
10,80,2013,2018,1160,"Naive",1174.08567798747,NA,NA
10,80,2013,2019,1571,"Naive",1156.66510256916,NA,NA
10,80,2013,2020,1122,"Naive",1139.24452715085,NA,NA
10,80,2013,2021,1453,"Naive",1121.82395173253,NA,NA
10,80,2013,2022,1287,"Naive",1104.40337631422,NA,NA
10,80,2013,2014,1246,"Naive_Median",1214.17053692424,NA,NA
10,80,2013,2015,1440,"Naive_Median",1196.74996150593,NA,NA
10,80,2013,2016,1160,"Naive_Median",1179.32938608761,NA,NA
10,80,2013,2017,1277,"Naive_Median",1161.9088106693,NA,NA
10,80,2013,2018,1160,"Naive_Median",1144.488235251,NA,NA
10,80,2013,2019,1571,"Naive_Median",1127.06765983268,NA,NA
10,80,2013,2020,1122,"Naive_Median",1109.64708441437,NA,NA
10,80,2013,2021,1453,"Naive_Median",1092.22650899606,NA,NA
10,80,2013,2022,1287,"Naive_Median",1074.80593357774,NA,NA
10,80,2013,2014,1246,"Naive_MA",1245.35486758473,NA,NA
10,80,2013,2015,1440,"Naive_MA",1227.93429216642,NA,NA
10,80,2013,2016,1160,"Naive_MA",1210.51371674811,NA,NA
10,80,2013,2017,1277,"Naive_MA",1193.09314132979,NA,NA
10,80,2013,2018,1160,"Naive_MA",1175.67256591149,NA,NA
10,80,2013,2019,1571,"Naive_MA",1158.25199049317,NA,NA
10,80,2013,2020,1122,"Naive_MA",1140.83141507486,NA,NA
10,80,2013,2021,1453,"Naive_MA",1123.41083965655,NA,NA
10,80,2013,2022,1287,"Naive_MA",1105.99026423823,NA,NA
10,80,2013,2014,1246,"DT",1120.59258043502,NA,NA
10,80,2013,2015,1440,"DT",1064.65098064278,NA,NA
10,80,2013,2016,1160,"DT",1238.62030239039,NA,NA
10,80,2013,2017,1277,"DT",1046.03787561065,NA,NA
10,80,2013,2018,1160,"DT",1050.91027876178,NA,NA
10,80,2013,2019,1571,"DT",1282.49993232058,NA,NA
10,80,2013,2020,1122,"DT",1168.93800071715,NA,NA
10,80,2013,2021,1453,"DT",1151.51742529884,NA,NA
10,80,2013,2022,1287,"DT",1250.27685888776,NA,NA
10,80,2013,2014,1246,"Ripper",1142.75585292125,1127.45384516483,1158.05786067766
10,80,2013,2015,1440,"Ripper",1125.33527750293,1110.03326974652,1140.63728525935
10,80,2013,2016,1160,"Ripper",1107.91470208462,1092.61269432821,1123.21670984104
10,80,2013,2017,1277,"Ripper",1090.49412666631,1075.19211890989,1105.79613442272
10,80,2013,2018,1160,"Ripper",1073.073551248,1057.77154349159,1088.37555900442
10,80,2013,2019,1571,"Ripper",1055.65297582969,1040.35096807327,1070.9549835861
10,80,2013,2020,1122,"Ripper",1038.23240041138,1022.93039265496,1053.53440816779
10,80,2013,2021,1453,"Ripper",1020.81182499306,1005.50981723665,1036.11383274948
10,80,2013,2022,1287,"Ripper",1003.39124957475,988.089241818335,1018.69325733117
10,80,2013,2014,1246,"CarenR_Dist",1142.09051217956,NA,NA
10,80,2013,2015,1440,"CarenR_Dist",1377.50276746142,NA,NA
10,80,2013,2016,1160,"CarenR_Dist",1383.85179583423,NA,NA
10,80,2013,2017,1277,"CarenR_Dist",1357.80226823189,NA,NA
10,80,2013,2018,1160,"CarenR_Dist",1055.99028499517,NA,NA
10,80,2013,2019,1571,"CarenR_Dist",1314.84658206903,NA,NA
10,80,2013,2020,1122,"CarenR_Dist",946.093482661247,NA,NA
10,80,2013,2021,1453,"CarenR_Dist",1216.2305546955,NA,NA
10,80,2013,2022,1287,"CarenR_Dist",1199.25650636227,NA,NA
10,80,2013,2014,1246,"CarenR_Dist_FS",1214.17053692424,NA,NA
10,80,2013,2015,1440,"CarenR_Dist_FS",1377.70255098637,NA,NA
10,80,2013,2016,1160,"CarenR_Dist_FS",1179.32938608761,NA,NA
10,80,2013,2017,1277,"CarenR_Dist_FS",1161.9088106693,NA,NA
10,80,2013,2018,1160,"CarenR_Dist_FS",1025.72268239944,NA,NA
10,80,2013,2019,1571,"CarenR_Dist_FS",1308.02024931313,NA,NA
10,80,2013,2020,1122,"CarenR_Dist_FS",1109.64708441437,NA,NA
10,80,2013,2021,1453,"CarenR_Dist_FS",1092.22650899606,NA,NA
10,80,2013,2022,1287,"CarenR_Dist_FS",1074.80593357774,NA,NA
10,80,2013,2014,1246,"CarenR_Dist_Thresh",1214.17053692424,NA,NA
10,80,2013,2015,1440,"CarenR_Dist_Thresh",1196.74996150593,NA,NA
10,80,2013,2016,1160,"CarenR_Dist_Thresh",1179.32938608761,NA,NA
10,80,2013,2017,1277,"CarenR_Dist_Thresh",1161.9088106693,NA,NA
10,80,2013,2018,1160,"CarenR_Dist_Thresh",1025.72268239944,NA,NA
10,80,2013,2019,1571,"CarenR_Dist_Thresh",1127.06765983268,NA,NA
10,80,2013,2020,1122,"CarenR_Dist_Thresh",1109.64708441437,NA,NA
10,80,2013,2021,1453,"CarenR_Dist_Thresh",1092.22650899606,NA,NA
10,80,2013,2022,1287,"CarenR_Dist_Thresh",1074.80593357774,NA,NA
10,80,2013,2014,1246,"CarenR_Dist_Sup",1214.17053692424,NA,NA
10,80,2013,2015,1440,"CarenR_Dist_Sup",1196.74996150593,NA,NA
10,80,2013,2016,1160,"CarenR_Dist_Sup",1179.32938608761,NA,NA
10,80,2013,2017,1277,"CarenR_Dist_Sup",1161.9088106693,NA,NA
10,80,2013,2018,1160,"CarenR_Dist_Sup",1028.84946213013,NA,NA
10,80,2013,2019,1571,"CarenR_Dist_Sup",1127.06765983268,NA,NA
10,80,2013,2020,1122,"CarenR_Dist_Sup",1109.64708441437,NA,NA
10,80,2013,2021,1453,"CarenR_Dist_Sup",1092.22650899606,NA,NA
10,80,2013,2022,1287,"CarenR_Dist_Sup",1074.80593357774,NA,NA
10,80,2013,2014,1246,"CarenR_Dist_Sup_Thresh",1214.17053692424,NA,NA
10,80,2013,2015,1440,"CarenR_Dist_Sup_Thresh",1196.74996150593,NA,NA
10,80,2013,2016,1160,"CarenR_Dist_Sup_Thresh",1179.32938608761,NA,NA
10,80,2013,2017,1277,"CarenR_Dist_Sup_Thresh",1161.9088106693,NA,NA
10,80,2013,2018,1160,"CarenR_Dist_Sup_Thresh",1025.72268239944,NA,NA
10,80,2013,2019,1571,"CarenR_Dist_Sup_Thresh",1127.06765983268,NA,NA
10,80,2013,2020,1122,"CarenR_Dist_Sup_Thresh",1109.64708441437,NA,NA
10,80,2013,2021,1453,"CarenR_Dist_Sup_Thresh",1092.22650899606,NA,NA
10,80,2013,2022,1287,"CarenR_Dist_Sup_Thresh",1074.80593357774,NA,NA
10,80,2013,2014,1246,"CarenR_Dist_Eta2",1137.71724527173,NA,NA
10,80,2013,2015,1440,"CarenR_Dist_Eta2",1377.70255098637,NA,NA
10,80,2013,2016,1160,"CarenR_Dist_Eta2",1179.32938608761,NA,NA
10,80,2013,2017,1277,"CarenR_Dist_Eta2",1161.9088106693,NA,NA
10,80,2013,2018,1160,"CarenR_Dist_Eta2",1042.99299309293,NA,NA
10,80,2013,2019,1571,"CarenR_Dist_Eta2",1308.02024931313,NA,NA
10,80,2013,2020,1122,"CarenR_Dist_Eta2",1109.64708441437,NA,NA
10,80,2013,2021,1453,"CarenR_Dist_Eta2",1092.22650899606,NA,NA
10,80,2013,2022,1287,"CarenR_Dist_Eta2",998.352641925236,NA,NA
10,80,2013,2014,1246,"CarenR_Dist_Lag",1214.17053692424,NA,NA
10,80,2013,2015,1440,"CarenR_Dist_Lag",1196.74996150593,NA,NA
10,80,2013,2016,1160,"CarenR_Dist_Lag",1179.32938608761,NA,NA
10,80,2013,2017,1277,"CarenR_Dist_Lag",1161.9088106693,NA,NA
10,80,2013,2018,1160,"CarenR_Dist_Lag",1025.72268239944,NA,NA
10,80,2013,2019,1571,"CarenR_Dist_Lag",1127.06765983268,NA,NA
10,80,2013,2020,1122,"CarenR_Dist_Lag",1109.64708441437,NA,NA
10,80,2013,2021,1453,"CarenR_Dist_Lag",1092.22650899606,NA,NA
10,80,2013,2022,1287,"CarenR_Dist_Lag",1074.80593357774,NA,NA
10,80,2013,2014,1246,"CarenR_Dist_Conf",1214.17053692424,NA,NA
10,80,2013,2015,1440,"CarenR_Dist_Conf",1196.74996150593,NA,NA
10,80,2013,2016,1160,"CarenR_Dist_Conf",1179.32938608761,NA,NA
10,80,2013,2017,1277,"CarenR_Dist_Conf",1161.9088106693,NA,NA
10,80,2013,2018,1160,"CarenR_Dist_Conf",1025.72268239944,NA,NA
10,80,2013,2019,1571,"CarenR_Dist_Conf",1127.06765983268,NA,NA
10,80,2013,2020,1122,"CarenR_Dist_Conf",1109.64708441437,NA,NA
10,80,2013,2021,1453,"CarenR_Dist_Conf",1092.22650899606,NA,NA
10,80,2013,2022,1287,"CarenR_Dist_Conf",1074.80593357774,NA,NA
10,80,2013,2014,1246,"CarenR_Dist_Stack",1340.74961237747,NA,NA
10,80,2013,2015,1440,"CarenR_Dist_Stack",1284.19965325692,NA,NA
10,80,2013,2016,1160,"CarenR_Dist_Stack",1288.80026304669,NA,NA
10,80,2013,2017,1277,"CarenR_Dist_Stack",1228.50110666313,NA,NA
10,80,2013,2018,1160,"CarenR_Dist_Stack",1048.10686998283,NA,NA
10,80,2013,2019,1571,"CarenR_Dist_Stack",1219.65207877572,NA,NA
10,80,2013,2020,1122,"CarenR_Dist_Stack",1222.42738264186,NA,NA
10,80,2013,2021,1453,"CarenR_Dist_Stack",1118.11807232202,NA,NA
10,80,2013,2022,1287,"CarenR_Dist_Stack",1188.22688359298,NA,NA
10,80,2013,2014,1246,"CarenR_Dist_Sup_FS",1214.17053692424,NA,NA
10,80,2013,2015,1440,"CarenR_Dist_Sup_FS",1196.74996150593,NA,NA
10,80,2013,2016,1160,"CarenR_Dist_Sup_FS",1179.32938608761,NA,NA
10,80,2013,2017,1277,"CarenR_Dist_Sup_FS",1161.9088106693,NA,NA
10,80,2013,2018,1160,"CarenR_Dist_Sup_FS",1025.72268239944,NA,NA
10,80,2013,2019,1571,"CarenR_Dist_Sup_FS",1127.06765983268,NA,NA
10,80,2013,2020,1122,"CarenR_Dist_Sup_FS",1109.64708441437,NA,NA
10,80,2013,2021,1453,"CarenR_Dist_Sup_FS",1092.22650899606,NA,NA
10,80,2013,2022,1287,"CarenR_Dist_Sup_FS",1074.80593357774,NA,NA
10,80,2013,2014,1246,"CarenR_Supervised",1098.79064580493,NA,NA
10,80,2013,2015,1440,"CarenR_Supervised",1378.30850329879,NA,NA
10,80,2013,2016,1160,"CarenR_Supervised",1049.30407205913,NA,NA
10,80,2013,2017,1277,"CarenR_Supervised",1094.80679726389,NA,NA
10,80,2013,2018,1160,"CarenR_Supervised",1028.38330665856,NA,NA
10,80,2013,2019,1571,"CarenR_Supervised",1308.62620162554,NA,NA
10,80,2013,2020,1122,"CarenR_Supervised",1042.54507100896,NA,NA
10,80,2013,2021,1453,"CarenR_Supervised",977.993321654629,NA,NA
10,80,2013,2022,1287,"CarenR_Supervised",1154.39577917196,NA,NA
10,80,2013,2014,1246,"M5Rules",1087.0869957913,NA,NA
10,80,2013,2015,1440,"M5Rules",1282.11316404799,NA,NA
10,80,2013,2016,1160,"M5Rules",1194.13629466698,NA,NA
10,80,2013,2017,1277,"M5Rules",1181.52284596901,NA,NA
10,80,2013,2018,1160,"M5Rules",1024.50666930532,NA,NA
10,80,2013,2019,1571,"M5Rules",1187.2057483419,NA,NA
10,80,2013,2020,1122,"M5Rules",1189.47812998023,NA,NA
10,80,2013,2021,1453,"M5Rules",1246.231134532,NA,NA
10,80,2013,2022,1287,"M5Rules",1218.0698243297,NA,NA
11,81,2014,2015,1440,"Naive",1211.19198801033,NA,NA
11,81,2014,2016,1160,"Naive",1189.67175491633,NA,NA
11,81,2014,2017,1277,"Naive",1168.15152182233,NA,NA
11,81,2014,2018,1160,"Naive",1146.63128872833,NA,NA
11,81,2014,2019,1571,"Naive",1125.11105563433,NA,NA
11,81,2014,2020,1122,"Naive",1103.59082254033,NA,NA
11,81,2014,2021,1453,"Naive",1082.07058944634,NA,NA
11,81,2014,2022,1287,"Naive",1060.55035635234,NA,NA
11,81,2014,2015,1440,"Naive_Median",1188.76940554594,NA,NA
11,81,2014,2016,1160,"Naive_Median",1167.24917245194,NA,NA
11,81,2014,2017,1277,"Naive_Median",1145.72893935795,NA,NA
11,81,2014,2018,1160,"Naive_Median",1124.20870626395,NA,NA
11,81,2014,2019,1571,"Naive_Median",1102.68847316994,NA,NA
11,81,2014,2020,1122,"Naive_Median",1081.16824007594,NA,NA
11,81,2014,2021,1453,"Naive_Median",1059.64800698195,NA,NA
11,81,2014,2022,1287,"Naive_Median",1038.12777388795,NA,NA
11,81,2014,2015,1440,"Naive_MA",1206.20215578909,NA,NA
11,81,2014,2016,1160,"Naive_MA",1184.68192269509,NA,NA
11,81,2014,2017,1277,"Naive_MA",1163.1616896011,NA,NA
11,81,2014,2018,1160,"Naive_MA",1141.6414565071,NA,NA
11,81,2014,2019,1571,"Naive_MA",1120.1212234131,NA,NA
11,81,2014,2020,1122,"Naive_MA",1098.60099031909,NA,NA
11,81,2014,2021,1453,"Naive_MA",1077.0807572251,NA,NA
11,81,2014,2022,1287,"Naive_MA",1055.5605241311,NA,NA
11,81,2014,2015,1440,"DT",1048.99593789121,NA,NA
11,81,2014,2016,1160,"DT",1220.0603576106,NA,NA
11,81,2014,2017,1277,"DT",1055.60118141893,NA,NA
11,81,2014,2018,1160,"DT",1022.2971533642,NA,NA
11,81,2014,2019,1571,"DT",1254.16115052902,NA,NA
11,81,2014,2020,1122,"DT",1133.9794252346,NA,NA
11,81,2014,2021,1453,"DT",1112.45919214061,NA,NA
11,81,2014,2022,1287,"DT",1203.93901099196,NA,NA
11,81,2014,2015,1440,"Ripper",1116.48175237803,1100.06965781949,1132.89384693656
11,81,2014,2016,1160,"Ripper",1094.96151928403,1078.54942472549,1111.37361384256
11,81,2014,2017,1277,"Ripper",1073.44128619003,1057.0291916315,1089.85338074856
11,81,2014,2018,1160,"Ripper",1051.92105309603,1035.5089585375,1068.33314765456
11,81,2014,2019,1571,"Ripper",1030.40082000203,1013.9887254435,1046.81291456056
11,81,2014,2020,1122,"Ripper",1008.88058690803,992.468492349497,1025.29268146656
11,81,2014,2021,1453,"Ripper",987.360353814035,970.948259255503,1003.77244837257
11,81,2014,2022,1287,"Ripper",965.840120720034,949.428026161502,982.252215278565
11,81,2014,2015,1440,"CarenR_Dist",1363.16170674496,NA,NA
11,81,2014,2016,1160,"CarenR_Dist",1357.53175090495,NA,NA
11,81,2014,2017,1277,"CarenR_Dist",1329.57629922426,NA,NA
11,81,2014,2018,1160,"CarenR_Dist",1011.58563751344,NA,NA
11,81,2014,2019,1571,"CarenR_Dist",1282.8297964997,NA,NA
11,81,2014,2020,1122,"CarenR_Dist",919.981661257917,NA,NA
11,81,2014,2021,1453,"CarenR_Dist",1106.26595941699,NA,NA
11,81,2014,2022,1287,"CarenR_Dist",1118.85838399183,NA,NA
11,81,2014,2015,1440,"CarenR_Dist_FS",1363.18519364468,NA,NA
11,81,2014,2016,1160,"CarenR_Dist_FS",1167.24917245194,NA,NA
11,81,2014,2017,1277,"CarenR_Dist_FS",1145.72893935795,NA,NA
11,81,2014,2018,1160,"CarenR_Dist_FS",1019.21666386186,NA,NA
11,81,2014,2019,1571,"CarenR_Dist_FS",1277.10426126868,NA,NA
11,81,2014,2020,1122,"CarenR_Dist_FS",925.413656175364,NA,NA
11,81,2014,2021,1453,"CarenR_Dist_FS",903.89342308137,NA,NA
11,81,2014,2022,1287,"CarenR_Dist_FS",960.990211441574,NA,NA
11,81,2014,2015,1440,"CarenR_Dist_Thresh",1188.76940554594,NA,NA
11,81,2014,2016,1160,"CarenR_Dist_Thresh",1167.24917245194,NA,NA
11,81,2014,2017,1277,"CarenR_Dist_Thresh",1145.72893935795,NA,NA
11,81,2014,2018,1160,"CarenR_Dist_Thresh",999.046178376684,NA,NA
11,81,2014,2019,1571,"CarenR_Dist_Thresh",1102.68847316994,NA,NA
11,81,2014,2020,1122,"CarenR_Dist_Thresh",1081.16824007594,NA,NA
11,81,2014,2021,1453,"CarenR_Dist_Thresh",1059.64800698195,NA,NA
11,81,2014,2022,1287,"CarenR_Dist_Thresh",1038.12777388795,NA,NA
11,81,2014,2015,1440,"CarenR_Dist_Sup",1188.76940554594,NA,NA
11,81,2014,2016,1160,"CarenR_Dist_Sup",1167.24917245194,NA,NA
11,81,2014,2017,1277,"CarenR_Dist_Sup",1145.72893935795,NA,NA
11,81,2014,2018,1160,"CarenR_Dist_Sup",1001.78557529052,NA,NA
11,81,2014,2019,1571,"CarenR_Dist_Sup",1102.68847316994,NA,NA
11,81,2014,2020,1122,"CarenR_Dist_Sup",1081.16824007594,NA,NA
11,81,2014,2021,1453,"CarenR_Dist_Sup",1059.64800698195,NA,NA
11,81,2014,2022,1287,"CarenR_Dist_Sup",1038.12777388795,NA,NA
11,81,2014,2015,1440,"CarenR_Dist_Sup_Thresh",1188.76940554594,NA,NA
11,81,2014,2016,1160,"CarenR_Dist_Sup_Thresh",1167.24917245194,NA,NA
11,81,2014,2017,1277,"CarenR_Dist_Sup_Thresh",1145.72893935795,NA,NA
11,81,2014,2018,1160,"CarenR_Dist_Sup_Thresh",999.046178376684,NA,NA
11,81,2014,2019,1571,"CarenR_Dist_Sup_Thresh",1102.68847316994,NA,NA
11,81,2014,2020,1122,"CarenR_Dist_Sup_Thresh",1081.16824007594,NA,NA
11,81,2014,2021,1453,"CarenR_Dist_Sup_Thresh",1059.64800698195,NA,NA
11,81,2014,2022,1287,"CarenR_Dist_Sup_Thresh",1038.12777388795,NA,NA
11,81,2014,2015,1440,"CarenR_Dist_Eta2",1363.18519364468,NA,NA
11,81,2014,2016,1160,"CarenR_Dist_Eta2",1167.24917245194,NA,NA
11,81,2014,2017,1277,"CarenR_Dist_Eta2",1145.72893935795,NA,NA
11,81,2014,2018,1160,"CarenR_Dist_Eta2",1019.21666386186,NA,NA
11,81,2014,2019,1571,"CarenR_Dist_Eta2",1277.10426126868,NA,NA
11,81,2014,2020,1122,"CarenR_Dist_Eta2",925.413656175364,NA,NA
11,81,2014,2021,1453,"CarenR_Dist_Eta2",903.89342308137,NA,NA
11,81,2014,2022,1287,"CarenR_Dist_Eta2",960.990211441574,NA,NA
11,81,2014,2015,1440,"CarenR_Dist_Lag",1188.76940554594,NA,NA
11,81,2014,2016,1160,"CarenR_Dist_Lag",1167.24917245194,NA,NA
11,81,2014,2017,1277,"CarenR_Dist_Lag",1145.72893935795,NA,NA
11,81,2014,2018,1160,"CarenR_Dist_Lag",999.046178376684,NA,NA
11,81,2014,2019,1571,"CarenR_Dist_Lag",1102.68847316994,NA,NA
11,81,2014,2020,1122,"CarenR_Dist_Lag",1081.16824007594,NA,NA
11,81,2014,2021,1453,"CarenR_Dist_Lag",1059.64800698195,NA,NA
11,81,2014,2022,1287,"CarenR_Dist_Lag",1038.12777388795,NA,NA
11,81,2014,2015,1440,"CarenR_Dist_Conf",1188.76940554594,NA,NA
11,81,2014,2016,1160,"CarenR_Dist_Conf",1167.24917245194,NA,NA
11,81,2014,2017,1277,"CarenR_Dist_Conf",1145.72893935795,NA,NA
11,81,2014,2018,1160,"CarenR_Dist_Conf",999.046178376684,NA,NA
11,81,2014,2019,1571,"CarenR_Dist_Conf",1102.68847316994,NA,NA
11,81,2014,2020,1122,"CarenR_Dist_Conf",1081.16824007594,NA,NA
11,81,2014,2021,1453,"CarenR_Dist_Conf",1059.64800698195,NA,NA
11,81,2014,2022,1287,"CarenR_Dist_Conf",1038.12777388795,NA,NA
11,81,2014,2015,1440,"CarenR_Dist_Stack",1267.55656881482,NA,NA
11,81,2014,2016,1160,"CarenR_Dist_Stack",1266.08698479099,NA,NA
11,81,2014,2017,1277,"CarenR_Dist_Stack",1201.63541340871,NA,NA
11,81,2014,2018,1160,"CarenR_Dist_Stack",1015.34724705181,NA,NA
11,81,2014,2019,1571,"CarenR_Dist_Stack",1182.49072374737,NA,NA
11,81,2014,2020,1122,"CarenR_Dist_Stack",1179.9899307954,NA,NA
11,81,2014,2021,1453,"CarenR_Dist_Stack",1072.31225356303,NA,NA
11,81,2014,2022,1287,"CarenR_Dist_Stack",1135.94541057526,NA,NA
11,81,2014,2015,1440,"CarenR_Dist_Sup_FS",1188.76940554594,NA,NA
11,81,2014,2016,1160,"CarenR_Dist_Sup_FS",1167.24917245194,NA,NA
11,81,2014,2017,1277,"CarenR_Dist_Sup_FS",1145.72893935795,NA,NA
11,81,2014,2018,1160,"CarenR_Dist_Sup_FS",999.046178376684,NA,NA
11,81,2014,2019,1571,"CarenR_Dist_Sup_FS",1102.68847316994,NA,NA
11,81,2014,2020,1122,"CarenR_Dist_Sup_FS",1081.16824007594,NA,NA
11,81,2014,2021,1453,"CarenR_Dist_Sup_FS",1059.64800698195,NA,NA
11,81,2014,2022,1287,"CarenR_Dist_Sup_FS",1038.12777388795,NA,NA
11,81,2014,2015,1440,"CarenR_Supervised",1362.78524680055,NA,NA
11,81,2014,2016,1160,"CarenR_Supervised",1029.54922498896,NA,NA
11,81,2014,2017,1277,"CarenR_Supervised",1012.33288219708,NA,NA
11,81,2014,2018,1160,"CarenR_Supervised",1001.04753265829,NA,NA
11,81,2014,2019,1571,"CarenR_Supervised",1276.70431442456,NA,NA
11,81,2014,2020,1122,"CarenR_Supervised",947.772182915075,NA,NA
11,81,2014,2021,1453,"CarenR_Supervised",941.636881166841,NA,NA
11,81,2014,2022,1287,"CarenR_Supervised",1211.75785784996,NA,NA
11,81,2014,2015,1440,"M5Rules",1441.14710025243,NA,NA
11,81,2014,2016,1160,"M5Rules",1129.08731146648,NA,NA
11,81,2014,2017,1277,"M5Rules",1161.72089253857,NA,NA
11,81,2014,2018,1160,"M5Rules",934.678399257785,NA,NA
11,81,2014,2019,1571,"M5Rules",1260.98775294462,NA,NA
11,81,2014,2020,1122,"M5Rules",1053.5856112235,NA,NA
11,81,2014,2021,1453,"M5Rules",1085.9146286832,NA,NA
11,81,2014,2022,1287,"M5Rules",1230.89239249416,NA,NA
12,82,2015,2016,1160,"Naive",1257.32860063516,NA,NA
12,82,2015,2017,1277,"Naive",1242.42076805516,NA,NA
12,82,2015,2018,1160,"Naive",1227.51293547516,NA,NA
12,82,2015,2019,1571,"Naive",1212.60510289516,NA,NA
12,82,2015,2020,1122,"Naive",1197.69727031516,NA,NA
12,82,2015,2021,1453,"Naive",1182.78943773516,NA,NA
12,82,2015,2022,1287,"Naive",1167.88160515516,NA,NA
12,82,2015,2016,1160,"Naive_Median",1224.22075585639,NA,NA
12,82,2015,2017,1277,"Naive_Median",1209.31292327639,NA,NA
12,82,2015,2018,1160,"Naive_Median",1194.40509069639,NA,NA
12,82,2015,2019,1571,"Naive_Median",1179.49725811639,NA,NA
12,82,2015,2020,1122,"Naive_Median",1164.58942553639,NA,NA
12,82,2015,2021,1453,"Naive_Median",1149.68159295639,NA,NA
12,82,2015,2022,1287,"Naive_Median",1134.77376037639,NA,NA
12,82,2015,2016,1160,"Naive_MA",1229.35790421059,NA,NA
12,82,2015,2017,1277,"Naive_MA",1214.45007163059,NA,NA
12,82,2015,2018,1160,"Naive_MA",1199.54223905059,NA,NA
12,82,2015,2019,1571,"Naive_MA",1184.63440647059,NA,NA
12,82,2015,2020,1122,"Naive_MA",1169.72657389059,NA,NA
12,82,2015,2021,1453,"Naive_MA",1154.81874131059,NA,NA
12,82,2015,2022,1287,"Naive_MA",1139.91090873059,NA,NA
12,82,2015,2016,1160,"DT",1204.90890614019,NA,NA
12,82,2015,2017,1277,"DT",1379.37322828713,NA,NA
12,82,2015,2018,1160,"DT",1108.88608499151,NA,NA
12,82,2015,2019,1571,"DT",1160.18540840019,NA,NA
12,82,2015,2020,1122,"DT",1334.64973054713,NA,NA
12,82,2015,2021,1453,"DT",1064.18427656457,NA,NA
12,82,2015,2022,1287,"DT",1308.36037810703,NA,NA
12,82,2015,2016,1160,"Ripper",1543.86392596571,1475.00720310163,1612.72064882978
12,82,2015,2017,1277,"Ripper",1323.88064595118,1295.99427371362,1351.76701818873
12,82,2015,2018,1160,"Ripper",1308.97281337118,1281.08644113362,1336.85918560873
12,82,2015,2019,1571,"Ripper",1294.06498079118,1266.17860855362,1321.95135302873
12,82,2015,2020,1122,"Ripper",1279.15714821118,1251.27077597362,1307.04352044873
12,82,2015,2021,1453,"Ripper",912.632054599212,858.888418499045,966.375690699379
12,82,2015,2022,1287,"Ripper",1454.41693048571,1385.56020762163,1523.27365334978
12,82,2015,2016,1160,"CarenR_Dist",1426.56993286841,NA,NA
12,82,2015,2017,1277,"CarenR_Dist",1400.09875696428,NA,NA
12,82,2015,2018,1160,"CarenR_Dist",1101.98739662985,NA,NA
12,82,2015,2019,1571,"CarenR_Dist",1365.21705768767,NA,NA
12,82,2015,2020,1122,"CarenR_Dist",1012.97712858786,NA,NA
12,82,2015,2021,1453,"CarenR_Dist",1204.28635195934,NA,NA
12,82,2015,2022,1287,"CarenR_Dist",1277.4507612678,NA,NA
12,82,2015,2016,1160,"CarenR_Dist_FS",1224.22075585639,NA,NA
12,82,2015,2017,1277,"CarenR_Dist_FS",1209.31292327639,NA,NA
12,82,2015,2018,1160,"CarenR_Dist_FS",1102.81258048028,NA,NA
12,82,2015,2019,1571,"CarenR_Dist_FS",1357.47887588131,NA,NA
12,82,2015,2020,1122,"CarenR_Dist_FS",1015.10008277195,NA,NA
12,82,2015,2021,1453,"CarenR_Dist_FS",1000.19225019195,NA,NA
12,82,2015,2022,1287,"CarenR_Dist_FS",1229.62457967024,NA,NA
12,82,2015,2016,1160,"CarenR_Dist_Thresh",1224.22075585639,NA,NA
12,82,2015,2017,1277,"CarenR_Dist_Thresh",1209.31292327639,NA,NA
12,82,2015,2018,1160,"CarenR_Dist_Thresh",1081.30916136814,NA,NA
12,82,2015,2019,1571,"CarenR_Dist_Thresh",1179.49725811639,NA,NA
12,82,2015,2020,1122,"CarenR_Dist_Thresh",1164.58942553639,NA,NA
12,82,2015,2021,1453,"CarenR_Dist_Thresh",1149.68159295639,NA,NA
12,82,2015,2022,1287,"CarenR_Dist_Thresh",1134.77376037639,NA,NA
12,82,2015,2016,1160,"CarenR_Dist_Sup",1224.22075585639,NA,NA
12,82,2015,2017,1277,"CarenR_Dist_Sup",1209.31292327639,NA,NA
12,82,2015,2018,1160,"CarenR_Dist_Sup",1095.03410044751,NA,NA
12,82,2015,2019,1571,"CarenR_Dist_Sup",1351.79982890449,NA,NA
12,82,2015,2020,1122,"CarenR_Dist_Sup",1164.58942553639,NA,NA
12,82,2015,2021,1453,"CarenR_Dist_Sup",1149.68159295639,NA,NA
12,82,2015,2022,1287,"CarenR_Dist_Sup",1307.07633116449,NA,NA
12,82,2015,2016,1160,"CarenR_Dist_Sup_Thresh",1224.22075585639,NA,NA
12,82,2015,2017,1277,"CarenR_Dist_Sup_Thresh",1209.31292327639,NA,NA
12,82,2015,2018,1160,"CarenR_Dist_Sup_Thresh",1081.30916136814,NA,NA
12,82,2015,2019,1571,"CarenR_Dist_Sup_Thresh",1179.49725811639,NA,NA
12,82,2015,2020,1122,"CarenR_Dist_Sup_Thresh",1164.58942553639,NA,NA
12,82,2015,2021,1453,"CarenR_Dist_Sup_Thresh",1149.68159295639,NA,NA
12,82,2015,2022,1287,"CarenR_Dist_Sup_Thresh",1134.77376037639,NA,NA
12,82,2015,2016,1160,"CarenR_Dist_Eta2",1224.22075585639,NA,NA
12,82,2015,2017,1277,"CarenR_Dist_Eta2",1209.31292327639,NA,NA
12,82,2015,2018,1160,"CarenR_Dist_Eta2",1100.48925447448,NA,NA
12,82,2015,2019,1571,"CarenR_Dist_Eta2",1357.47887588131,NA,NA
12,82,2015,2020,1122,"CarenR_Dist_Eta2",1015.10008277195,NA,NA
12,82,2015,2021,1453,"CarenR_Dist_Eta2",1000.19225019195,NA,NA
12,82,2015,2022,1287,"CarenR_Dist_Eta2",1229.62457967024,NA,NA
12,82,2015,2016,1160,"CarenR_Dist_Lag",1224.22075585639,NA,NA
12,82,2015,2017,1277,"CarenR_Dist_Lag",1209.31292327639,NA,NA
12,82,2015,2018,1160,"CarenR_Dist_Lag",1081.30916136814,NA,NA
12,82,2015,2019,1571,"CarenR_Dist_Lag",1179.49725811639,NA,NA
12,82,2015,2020,1122,"CarenR_Dist_Lag",1164.58942553639,NA,NA
12,82,2015,2021,1453,"CarenR_Dist_Lag",1149.68159295639,NA,NA
12,82,2015,2022,1287,"CarenR_Dist_Lag",1134.77376037639,NA,NA
12,82,2015,2016,1160,"CarenR_Dist_Conf",1224.22075585639,NA,NA
12,82,2015,2017,1277,"CarenR_Dist_Conf",1209.31292327639,NA,NA
12,82,2015,2018,1160,"CarenR_Dist_Conf",1081.30916136814,NA,NA
12,82,2015,2019,1571,"CarenR_Dist_Conf",1179.49725811639,NA,NA
12,82,2015,2020,1122,"CarenR_Dist_Conf",1164.58942553639,NA,NA
12,82,2015,2021,1453,"CarenR_Dist_Conf",1149.68159295639,NA,NA
12,82,2015,2022,1287,"CarenR_Dist_Conf",1134.77376037639,NA,NA
12,82,2015,2016,1160,"CarenR_Dist_Stack",1342.97346593877,NA,NA
12,82,2015,2017,1277,"CarenR_Dist_Stack",1287.82054805294,NA,NA
12,82,2015,2018,1160,"CarenR_Dist_Stack",1109.14578917183,NA,NA
12,82,2015,2019,1571,"CarenR_Dist_Stack",1283.34169415182,NA,NA
12,82,2015,2020,1122,"CarenR_Dist_Stack",1287.85574012861,NA,NA
12,82,2015,2021,1453,"CarenR_Dist_Stack",1191.9237662281,NA,NA
12,82,2015,2022,1287,"CarenR_Dist_Stack",1259.59705197622,NA,NA
12,82,2015,2016,1160,"CarenR_Dist_Sup_FS",1224.22075585639,NA,NA
12,82,2015,2017,1277,"CarenR_Dist_Sup_FS",1209.31292327639,NA,NA
12,82,2015,2018,1160,"CarenR_Dist_Sup_FS",1081.30916136814,NA,NA
12,82,2015,2019,1571,"CarenR_Dist_Sup_FS",1351.79982890449,NA,NA
12,82,2015,2020,1122,"CarenR_Dist_Sup_FS",1164.58942553639,NA,NA
12,82,2015,2021,1453,"CarenR_Dist_Sup_FS",1149.68159295639,NA,NA
12,82,2015,2022,1287,"CarenR_Dist_Sup_FS",1307.07633116449,NA,NA
12,82,2015,2016,1160,"CarenR_Supervised",1092.88997303674,NA,NA
12,82,2015,2017,1277,"CarenR_Supervised",1191.91000611314,NA,NA
12,82,2015,2018,1160,"CarenR_Supervised",1083.48079662354,NA,NA
12,82,2015,2019,1571,"CarenR_Supervised",1363.79661098954,NA,NA
12,82,2015,2020,1122,"CarenR_Supervised",1102.570851186,NA,NA
12,82,2015,2021,1453,"CarenR_Supervised",1029.22952918805,NA,NA
12,82,2015,2022,1287,"CarenR_Supervised",1316.83299892378,NA,NA
12,82,2015,2016,1160,"M5Rules",1079.40253751872,NA,NA
12,82,2015,2017,1277,"M5Rules",1255.97527256008,NA,NA
12,82,2015,2018,1160,"M5Rules",1065.09774361675,NA,NA
12,82,2015,2019,1571,"M5Rules",1283.79442019622,NA,NA
12,82,2015,2020,1122,"M5Rules",1138.08103441166,NA,NA
12,82,2015,2021,1453,"M5Rules",1145.51143807314,NA,NA
12,82,2015,2022,1287,"M5Rules",1345.2228631831,NA,NA
13,83,2016,2017,1277,"Naive",1203.31201899964,NA,NA
13,83,2016,2018,1160,"Naive",1182.44934968325,NA,NA
13,83,2016,2019,1571,"Naive",1161.58668036687,NA,NA
13,83,2016,2020,1122,"Naive",1140.72401105048,NA,NA
13,83,2016,2021,1453,"Naive",1119.86134173409,NA,NA
13,83,2016,2022,1287,"Naive",1098.9986724177,NA,NA
13,83,2016,2017,1277,"Naive_Median",1174.73839886757,NA,NA
13,83,2016,2018,1160,"Naive_Median",1153.87572955119,NA,NA
13,83,2016,2019,1571,"Naive_Median",1133.0130602348,NA,NA
13,83,2016,2020,1122,"Naive_Median",1112.15039091841,NA,NA
13,83,2016,2021,1453,"Naive_Median",1091.28772160202,NA,NA
13,83,2016,2022,1287,"Naive_Median",1070.42505228563,NA,NA
13,83,2016,2017,1277,"Naive_MA",1162.65228549759,NA,NA
13,83,2016,2018,1160,"Naive_MA",1141.7896161812,NA,NA
13,83,2016,2019,1571,"Naive_MA",1120.92694686481,NA,NA
13,83,2016,2020,1122,"Naive_MA",1100.06427754843,NA,NA
13,83,2016,2021,1453,"Naive_MA",1079.20160823204,NA,NA
13,83,2016,2022,1287,"Naive_MA",1058.33893891565,NA,NA
13,83,2016,2017,1277,"DT",1089.25355243086,NA,NA
13,83,2016,2018,1160,"DT",1059.78248367896,NA,NA
13,83,2016,2019,1571,"DT",1074.96473752459,NA,NA
13,83,2016,2020,1122,"DT",1026.6655444817,NA,NA
13,83,2016,2021,1453,"DT",1005.80287516531,NA,NA
13,83,2016,2022,1287,"DT",1240.16081365587,NA,NA
13,83,2016,2017,1277,"Ripper",1490.42242630235,1421.55319128028,1559.29166132443
13,83,2016,2018,1160,"Ripper",1469.55975698596,1400.69052196389,1538.42899200804
13,83,2016,2019,1571,"Ripper",1448.69708766957,1379.8278526475,1517.56632269165
13,83,2016,2020,1122,"Ripper",1427.83441835319,1358.96518333111,1496.70365337527
13,83,2016,2021,1453,"Ripper",849.337229924513,795.478429139908,903.196030709118
13,83,2016,2022,1287,"Ripper",1386.10907972041,1317.23984469833,1454.97831474249
13,83,2016,2017,1277,"CarenR_Dist",1359.96536600279,NA,NA
13,83,2016,2018,1160,"CarenR_Dist",1060.0204192195,NA,NA
13,83,2016,2019,1571,"CarenR_Dist",1314.71517377515,NA,NA
13,83,2016,2020,1122,"CarenR_Dist",973.231798710481,NA,NA
13,83,2016,2021,1453,"CarenR_Dist",1104.40200236035,NA,NA
13,83,2016,2022,1287,"CarenR_Dist",1199.30774819486,NA,NA
13,83,2016,2017,1277,"CarenR_Dist_FS",1174.73839886757,NA,NA
13,83,2016,2018,1160,"CarenR_Dist_FS",1060.22662852934,NA,NA
13,83,2016,2019,1571,"CarenR_Dist_FS",1310.2115811443,NA,NA
13,83,2016,2020,1122,"CarenR_Dist_FS",957.491626704001,NA,NA
13,83,2016,2021,1453,"CarenR_Dist_FS",936.628957387611,NA,NA
13,83,2016,2022,1287,"CarenR_Dist_FS",1102.13613208252,NA,NA
13,83,2016,2017,1277,"CarenR_Dist_Thresh",1174.73839886757,NA,NA
13,83,2016,2018,1160,"CarenR_Dist_Thresh",1042.0867912766,NA,NA
13,83,2016,2019,1571,"CarenR_Dist_Thresh",1133.0130602348,NA,NA
13,83,2016,2020,1122,"CarenR_Dist_Thresh",1112.15039091841,NA,NA
13,83,2016,2021,1453,"CarenR_Dist_Thresh",1091.28772160202,NA,NA
13,83,2016,2022,1287,"CarenR_Dist_Thresh",1070.42505228563,NA,NA
13,83,2016,2017,1277,"CarenR_Dist_Sup",1174.73839886757,NA,NA
13,83,2016,2018,1160,"CarenR_Dist_Sup",1056.37582168536,NA,NA
13,83,2016,2019,1571,"CarenR_Dist_Sup",1133.0130602348,NA,NA
13,83,2016,2020,1122,"CarenR_Dist_Sup",1000.36145264383,NA,NA
13,83,2016,2021,1453,"CarenR_Dist_Sup",979.498783327437,NA,NA
13,83,2016,2022,1287,"CarenR_Dist_Sup",1070.42505228563,NA,NA
13,83,2016,2017,1277,"CarenR_Dist_Sup_Thresh",1174.73839886757,NA,NA
13,83,2016,2018,1160,"CarenR_Dist_Sup_Thresh",1042.0867912766,NA,NA
13,83,2016,2019,1571,"CarenR_Dist_Sup_Thresh",1133.0130602348,NA,NA
13,83,2016,2020,1122,"CarenR_Dist_Sup_Thresh",1112.15039091841,NA,NA
13,83,2016,2021,1453,"CarenR_Dist_Sup_Thresh",1091.28772160202,NA,NA
13,83,2016,2022,1287,"CarenR_Dist_Sup_Thresh",1070.42505228563,NA,NA
13,83,2016,2017,1277,"CarenR_Dist_Eta2",1174.73839886757,NA,NA
13,83,2016,2018,1160,"CarenR_Dist_Eta2",1057.8768197241,NA,NA
13,83,2016,2019,1571,"CarenR_Dist_Eta2",1310.2115811443,NA,NA
13,83,2016,2020,1122,"CarenR_Dist_Eta2",957.491626704001,NA,NA
13,83,2016,2021,1453,"CarenR_Dist_Eta2",936.628957387611,NA,NA
13,83,2016,2022,1287,"CarenR_Dist_Eta2",1102.13613208252,NA,NA
13,83,2016,2017,1277,"CarenR_Dist_Lag",1174.73839886757,NA,NA
13,83,2016,2018,1160,"CarenR_Dist_Lag",1042.0867912766,NA,NA
13,83,2016,2019,1571,"CarenR_Dist_Lag",1133.0130602348,NA,NA
13,83,2016,2020,1122,"CarenR_Dist_Lag",1112.15039091841,NA,NA
13,83,2016,2021,1453,"CarenR_Dist_Lag",1091.28772160202,NA,NA
13,83,2016,2022,1287,"CarenR_Dist_Lag",1070.42505228563,NA,NA
13,83,2016,2017,1277,"CarenR_Dist_Conf",1174.73839886757,NA,NA
13,83,2016,2018,1160,"CarenR_Dist_Conf",1042.0867912766,NA,NA
13,83,2016,2019,1571,"CarenR_Dist_Conf",1133.0130602348,NA,NA
13,83,2016,2020,1122,"CarenR_Dist_Conf",1112.15039091841,NA,NA
13,83,2016,2021,1453,"CarenR_Dist_Conf",1091.28772160202,NA,NA
13,83,2016,2022,1287,"CarenR_Dist_Conf",1070.42505228563,NA,NA
13,83,2016,2017,1277,"CarenR_Dist_Stack",1242.26447422383,NA,NA
13,83,2016,2018,1160,"CarenR_Dist_Stack",1058.17446972547,NA,NA
13,83,2016,2019,1571,"CarenR_Dist_Stack",1223.11745153569,NA,NA
13,83,2016,2020,1122,"CarenR_Dist_Stack",1220.6297582799,NA,NA
13,83,2016,2021,1453,"CarenR_Dist_Stack",1117.22406271426,NA,NA
13,83,2016,2022,1287,"CarenR_Dist_Stack",1178.19238606237,NA,NA
13,83,2016,2017,1277,"CarenR_Dist_Sup_FS",1174.73839886757,NA,NA
13,83,2016,2018,1160,"CarenR_Dist_Sup_FS",1042.0867912766,NA,NA
13,83,2016,2019,1571,"CarenR_Dist_Sup_FS",1133.0130602348,NA,NA
13,83,2016,2020,1122,"CarenR_Dist_Sup_FS",1112.15039091841,NA,NA
13,83,2016,2021,1453,"CarenR_Dist_Sup_FS",1091.28772160202,NA,NA
13,83,2016,2022,1287,"CarenR_Dist_Sup_FS",1070.42505228563,NA,NA
13,83,2016,2017,1277,"CarenR_Supervised",1146.16515426293,NA,NA
13,83,2016,2018,1160,"CarenR_Supervised",1041.68096224343,NA,NA
13,83,2016,2019,1571,"CarenR_Supervised",1309.60358920908,NA,NA
13,83,2016,2020,1122,"CarenR_Supervised",1046.67860467824,NA,NA
13,83,2016,2021,1453,"CarenR_Supervised",975.782249133019,NA,NA
13,83,2016,2022,1287,"CarenR_Supervised",1243.1532174839,NA,NA
13,83,2016,2017,1277,"M5Rules",1265.33573014016,NA,NA
13,83,2016,2018,1160,"M5Rules",1023.69092021044,NA,NA
13,83,2016,2019,1571,"M5Rules",1238.99700167063,NA,NA
13,83,2016,2020,1122,"M5Rules",1252.56668515552,NA,NA
13,83,2016,2021,1453,"M5Rules",1253.46873314036,NA,NA
13,83,2016,2022,1287,"M5Rules",1354.98788254626,NA,NA
14,84,2017,2018,1160,"Naive",1197.38521105185,NA,NA
14,84,2017,2019,1571,"Naive",1176.83431989108,NA,NA
14,84,2017,2020,1122,"Naive",1156.28342873031,NA,NA
14,84,2017,2021,1453,"Naive",1135.73253756953,NA,NA
14,84,2017,2022,1287,"Naive",1115.18164640876,NA,NA
14,84,2017,2018,1160,"Naive_Median",1165.69109589286,NA,NA
14,84,2017,2019,1571,"Naive_Median",1145.14020473209,NA,NA
14,84,2017,2020,1122,"Naive_Median",1124.58931357132,NA,NA
14,84,2017,2021,1453,"Naive_Median",1104.03842241054,NA,NA
14,84,2017,2022,1287,"Naive_Median",1083.48753124977,NA,NA
14,84,2017,2018,1160,"Naive_MA",1165.52489165264,NA,NA
14,84,2017,2019,1571,"Naive_MA",1144.97400049187,NA,NA
14,84,2017,2020,1122,"Naive_MA",1124.4231093311,NA,NA
14,84,2017,2021,1453,"Naive_MA",1103.87221817032,NA,NA
14,84,2017,2022,1287,"Naive_MA",1083.32132700955,NA,NA
14,84,2017,2018,1160,"DT",1080.39668295724,NA,NA
14,84,2017,2019,1571,"DT",1227.62978870878,NA,NA
14,84,2017,2020,1122,"DT",1256.65915467319,NA,NA
14,84,2017,2021,1453,"DT",1236.10826351242,NA,NA
14,84,2017,2022,1287,"DT",1254.4035359926,NA,NA
14,84,2017,2018,1160,"Ripper",1100.49660521373,1084.47042982409,1116.52278060338
14,84,2017,2019,1571,"Ripper",1079.94571405296,1063.91953866332,1095.97188944261
14,84,2017,2020,1122,"Ripper",886.074441374183,832.475608948172,939.673273800195
14,84,2017,2021,1453,"Ripper",1038.84393173141,1022.81775634177,1054.87010712106
14,84,2017,2022,1287,"Ripper",1018.29304057064,1002.266865181,1034.31921596029
14,84,2017,2018,1160,"CarenR_Dist",1071.82442510637,NA,NA
14,84,2017,2019,1571,"CarenR_Dist",1327.95616846524,NA,NA
14,84,2017,2020,1122,"CarenR_Dist",987.508173987039,NA,NA
14,84,2017,2021,1453,"CarenR_Dist",1160.39797728894,NA,NA
14,84,2017,2022,1287,"CarenR_Dist",1209.21528019885,NA,NA
14,84,2017,2018,1160,"CarenR_Dist_FS",1071.02637366206,NA,NA
14,84,2017,2019,1571,"CarenR_Dist_FS",1321.34966750261,NA,NA
14,84,2017,2020,1122,"CarenR_Dist_FS",971.037867820589,NA,NA
14,84,2017,2021,1453,"CarenR_Dist_FS",950.486976659813,NA,NA
14,84,2017,2022,1287,"CarenR_Dist_FS",1148.11646798945,NA,NA
14,84,2017,2018,1160,"CarenR_Dist_Thresh",1057.76402507891,NA,NA
14,84,2017,2019,1571,"CarenR_Dist_Thresh",1145.14020473209,NA,NA
14,84,2017,2020,1122,"CarenR_Dist_Thresh",1124.58931357132,NA,NA
14,84,2017,2021,1453,"CarenR_Dist_Thresh",1104.03842241054,NA,NA
14,84,2017,2022,1287,"CarenR_Dist_Thresh",1083.48753124977,NA,NA
14,84,2017,2018,1160,"CarenR_Dist_Sup",1068.14230254778,NA,NA
14,84,2017,2019,1571,"CarenR_Dist_Sup",1315.50338180994,NA,NA
14,84,2017,2020,1122,"CarenR_Dist_Sup",1124.58931357132,NA,NA
14,84,2017,2021,1453,"CarenR_Dist_Sup",1104.03842241054,NA,NA
14,84,2017,2022,1287,"CarenR_Dist_Sup",1253.85070832762,NA,NA
14,84,2017,2018,1160,"CarenR_Dist_Sup_Thresh",1057.76402507891,NA,NA
14,84,2017,2019,1571,"CarenR_Dist_Sup_Thresh",1145.14020473209,NA,NA
14,84,2017,2020,1122,"CarenR_Dist_Sup_Thresh",1124.58931357132,NA,NA
14,84,2017,2021,1453,"CarenR_Dist_Sup_Thresh",1104.03842241054,NA,NA
14,84,2017,2022,1287,"CarenR_Dist_Sup_Thresh",1083.48753124977,NA,NA
14,84,2017,2018,1160,"CarenR_Dist_Eta2",1071.02637366206,NA,NA
14,84,2017,2019,1571,"CarenR_Dist_Eta2",1321.34966750261,NA,NA
14,84,2017,2020,1122,"CarenR_Dist_Eta2",971.037867820589,NA,NA
14,84,2017,2021,1453,"CarenR_Dist_Eta2",950.486976659813,NA,NA
14,84,2017,2022,1287,"CarenR_Dist_Eta2",1148.11646798945,NA,NA
14,84,2017,2018,1160,"CarenR_Dist_Lag",1057.76402507891,NA,NA
14,84,2017,2019,1571,"CarenR_Dist_Lag",1145.14020473209,NA,NA
14,84,2017,2020,1122,"CarenR_Dist_Lag",1124.58931357132,NA,NA
14,84,2017,2021,1453,"CarenR_Dist_Lag",1104.03842241054,NA,NA
14,84,2017,2022,1287,"CarenR_Dist_Lag",1083.48753124977,NA,NA
14,84,2017,2018,1160,"CarenR_Dist_Conf",1057.76402507891,NA,NA
14,84,2017,2019,1571,"CarenR_Dist_Conf",1145.14020473209,NA,NA
14,84,2017,2020,1122,"CarenR_Dist_Conf",1124.58931357132,NA,NA
14,84,2017,2021,1453,"CarenR_Dist_Conf",1104.03842241054,NA,NA
14,84,2017,2022,1287,"CarenR_Dist_Conf",1083.48753124977,NA,NA
14,84,2017,2018,1160,"CarenR_Dist_Stack",1076.63843999772,NA,NA
14,84,2017,2019,1571,"CarenR_Dist_Stack",1240.12710323539,NA,NA
14,84,2017,2020,1122,"CarenR_Dist_Stack",1237.8934877059,NA,NA
14,84,2017,2021,1453,"CarenR_Dist_Stack",1135.38396864846,NA,NA
14,84,2017,2022,1287,"CarenR_Dist_Stack",1196.20262579185,NA,NA
14,84,2017,2018,1160,"CarenR_Dist_Sup_FS",1057.76402507891,NA,NA
14,84,2017,2019,1571,"CarenR_Dist_Sup_FS",1315.50338180994,NA,NA
14,84,2017,2020,1122,"CarenR_Dist_Sup_FS",1124.58931357132,NA,NA
14,84,2017,2021,1453,"CarenR_Dist_Sup_FS",1104.03842241054,NA,NA
14,84,2017,2022,1287,"CarenR_Dist_Sup_FS",1253.85070832762,NA,NA
14,84,2017,2018,1160,"CarenR_Supervised",1056.06011769911,NA,NA
14,84,2017,2019,1571,"CarenR_Supervised",1320.93073105217,NA,NA
14,84,2017,2020,1122,"CarenR_Supervised",1093.29584950175,NA,NA
14,84,2017,2021,1453,"CarenR_Supervised",992.643926609566,NA,NA
14,84,2017,2022,1287,"CarenR_Supervised",1261.34348738083,NA,NA
14,84,2017,2018,1160,"M5Rules",1037.77344106568,NA,NA
14,84,2017,2019,1571,"M5Rules",1230.23369843301,NA,NA
14,84,2017,2020,1122,"M5Rules",1153.80825858144,NA,NA
14,84,2017,2021,1453,"M5Rules",1120.48854393603,NA,NA
14,84,2017,2022,1287,"M5Rules",1268.8836770163,NA,NA
15,85,2018,2019,1571,"Naive",1159.84359320735,NA,NA
15,85,2018,2020,1122,"Naive",1136.09956961516,NA,NA
15,85,2018,2021,1453,"Naive",1112.35554602298,NA,NA
15,85,2018,2022,1287,"Naive",1088.61152243079,NA,NA
15,85,2018,2019,1571,"Naive_Median",1135.63122761394,NA,NA
15,85,2018,2020,1122,"Naive_Median",1111.88720402175,NA,NA
15,85,2018,2021,1453,"Naive_Median",1088.14318042957,NA,NA
15,85,2018,2022,1287,"Naive_Median",1064.39915683738,NA,NA
15,85,2018,2019,1571,"Naive_MA",1146.54869231434,NA,NA
15,85,2018,2020,1122,"Naive_MA",1122.80466872215,NA,NA
15,85,2018,2021,1453,"Naive_MA",1099.06064512997,NA,NA
15,85,2018,2022,1287,"Naive_MA",1075.31662153778,NA,NA
15,85,2018,2019,1571,"DT",1208.82683665124,NA,NA
15,85,2018,2020,1122,"DT",1236.56866816115,NA,NA
15,85,2018,2021,1453,"DT",1212.82464456897,NA,NA
15,85,2018,2022,1287,"DT",1227.12411688517,NA,NA
15,85,2018,2019,1571,"Ripper",1446.69367079126,1378.05691410054,1515.33042748198
15,85,2018,2020,1122,"Ripper",871.703657268491,818.936773282501,924.470541254482
15,85,2018,2021,1453,"Ripper",847.959633676309,795.192749690319,900.7265176623
15,85,2018,2022,1287,"Ripper",998.823242655718,982.51530171069,1015.13118360075
15,85,2018,2019,1571,"CarenR_Dist",1309.18346290026,NA,NA
15,85,2018,2020,1122,"CarenR_Dist",942.100607562154,NA,NA
15,85,2018,2021,1453,"CarenR_Dist",1165.83201992848,NA,NA
15,85,2018,2022,1287,"CarenR_Dist",1134.09687365244,NA,NA
15,85,2018,2019,1571,"CarenR_Dist_FS",1305.73263232537,NA,NA
15,85,2018,2020,1122,"CarenR_Dist_FS",946.10816478547,NA,NA
15,85,2018,2021,1453,"CarenR_Dist_FS",922.364141193288,NA,NA
15,85,2018,2022,1287,"CarenR_Dist_FS",1052.80630757095,NA,NA
15,85,2018,2019,1571,"CarenR_Dist_Thresh",1135.63122761394,NA,NA
15,85,2018,2020,1122,"CarenR_Dist_Thresh",1111.88720402175,NA,NA
15,85,2018,2021,1453,"CarenR_Dist_Thresh",1088.14318042957,NA,NA
15,85,2018,2022,1287,"CarenR_Dist_Thresh",1064.39915683738,NA,NA
15,85,2018,2019,1571,"CarenR_Dist_Sup",1135.63122761394,NA,NA
15,85,2018,2020,1122,"CarenR_Dist_Sup",1111.88720402175,NA,NA
15,85,2018,2021,1453,"CarenR_Dist_Sup",1088.14318042957,NA,NA
15,85,2018,2022,1287,"CarenR_Dist_Sup",1002.33895915741,NA,NA
15,85,2018,2019,1571,"CarenR_Dist_Sup_Thresh",1135.63122761394,NA,NA
15,85,2018,2020,1122,"CarenR_Dist_Sup_Thresh",1111.88720402175,NA,NA
15,85,2018,2021,1453,"CarenR_Dist_Sup_Thresh",1088.14318042957,NA,NA
15,85,2018,2022,1287,"CarenR_Dist_Sup_Thresh",1064.39915683738,NA,NA
15,85,2018,2019,1571,"CarenR_Dist_Eta2",1305.73263232537,NA,NA
15,85,2018,2020,1122,"CarenR_Dist_Eta2",946.10816478547,NA,NA
15,85,2018,2021,1453,"CarenR_Dist_Eta2",922.364141193288,NA,NA
15,85,2018,2022,1287,"CarenR_Dist_Eta2",1052.80630757095,NA,NA
15,85,2018,2019,1571,"CarenR_Dist_Lag",1135.63122761394,NA,NA
15,85,2018,2020,1122,"CarenR_Dist_Lag",1111.88720402175,NA,NA
15,85,2018,2021,1453,"CarenR_Dist_Lag",1088.14318042957,NA,NA
15,85,2018,2022,1287,"CarenR_Dist_Lag",1064.39915683738,NA,NA
15,85,2018,2019,1571,"CarenR_Dist_Conf",1135.63122761394,NA,NA
15,85,2018,2020,1122,"CarenR_Dist_Conf",1111.88720402175,NA,NA
15,85,2018,2021,1453,"CarenR_Dist_Conf",1088.14318042957,NA,NA
15,85,2018,2022,1287,"CarenR_Dist_Conf",1064.39915683738,NA,NA
15,85,2018,2019,1571,"CarenR_Dist_Stack",1222.17361435131,NA,NA
15,85,2018,2020,1122,"CarenR_Dist_Stack",1215.72250606967,NA,NA
15,85,2018,2021,1453,"CarenR_Dist_Stack",1108.67837035198,NA,NA
15,85,2018,2022,1287,"CarenR_Dist_Stack",1166.41648014052,NA,NA
15,85,2018,2019,1571,"CarenR_Dist_Sup_FS",1135.63122761394,NA,NA
15,85,2018,2020,1122,"CarenR_Dist_Sup_FS",1111.88720402175,NA,NA
15,85,2018,2021,1453,"CarenR_Dist_Sup_FS",1088.14318042957,NA,NA
15,85,2018,2022,1287,"CarenR_Dist_Sup_FS",1002.33895915741,NA,NA
15,85,2018,2019,1571,"CarenR_Supervised",1300.36807046022,NA,NA
15,85,2018,2020,1122,"CarenR_Supervised",1129.17743890111,NA,NA
15,85,2018,2021,1453,"CarenR_Supervised",1011.0513224505,NA,NA
15,85,2018,2022,1287,"CarenR_Supervised",1149.93756738357,NA,NA
15,85,2018,2019,1571,"M5Rules",1231.57896696285,NA,NA
15,85,2018,2020,1122,"M5Rules",1127.48126061306,NA,NA
15,85,2018,2021,1453,"M5Rules",976.238912556953,NA,NA
15,85,2018,2022,1287,"M5Rules",1193.72019228455,NA,NA
16,86,2019,2020,1122,"Naive",1270.52002752774,NA,NA
16,86,2019,2021,1453,"Naive",1262.2316124563,NA,NA
16,86,2019,2022,1287,"Naive",1253.94319738487,NA,NA
16,86,2019,2020,1122,"Naive_Median",1242.82318981852,NA,NA
16,86,2019,2021,1453,"Naive_Median",1234.53477474708,NA,NA
16,86,2019,2022,1287,"Naive_Median",1226.24635967564,NA,NA
16,86,2019,2020,1122,"Naive_MA",1263.70541847563,NA,NA
16,86,2019,2021,1453,"Naive_MA",1255.41700340419,NA,NA
16,86,2019,2022,1287,"Naive_MA",1247.12858833276,NA,NA
16,86,2019,2020,1122,"DT",1151.91338482957,NA,NA
16,86,2019,2021,1453,"DT",1143.62496975813,NA,NA
16,86,2019,2022,1287,"DT",1392.63982469478,NA,NA
16,86,2019,2020,1122,"Ripper",1557.93954612617,1492.35267843976,1623.52641381259
16,86,2019,2021,1453,"Ripper",998.866430893917,946.348377982515,1051.38448380532
16,86,2019,2022,1287,"Ripper",1541.3627159833,1475.77584829688,1606.94958366971
16,86,2019,2020,1122,"CarenR_Dist",1083.09269915806,NA,NA
16,86,2019,2021,1453,"CarenR_Dist",1353.09769245914,NA,NA
16,86,2019,2022,1287,"CarenR_Dist",1366.78988118959,NA,NA
16,86,2019,2020,1122,"CarenR_Dist_FS",1083.09269915806,NA,NA
16,86,2019,2021,1453,"CarenR_Dist_FS",1074.80428408662,NA,NA
16,86,2019,2022,1287,"CarenR_Dist_FS",1329.23336138365,NA,NA
16,86,2019,2020,1122,"CarenR_Dist_Thresh",1242.82318981852,NA,NA
16,86,2019,2021,1453,"CarenR_Dist_Thresh",1234.53477474708,NA,NA
16,86,2019,2022,1287,"CarenR_Dist_Thresh",1385.06122784617,NA,NA
16,86,2019,2020,1122,"CarenR_Dist_Sup",1242.82318981852,NA,NA
16,86,2019,2021,1453,"CarenR_Dist_Sup",1234.53477474708,NA,NA
16,86,2019,2022,1287,"CarenR_Dist_Sup",1383.45710753974,NA,NA
16,86,2019,2020,1122,"CarenR_Dist_Sup_Thresh",1242.82318981852,NA,NA
16,86,2019,2021,1453,"CarenR_Dist_Sup_Thresh",1234.53477474708,NA,NA
16,86,2019,2022,1287,"CarenR_Dist_Sup_Thresh",1385.06122784617,NA,NA
16,86,2019,2020,1122,"CarenR_Dist_Eta2",1083.09269915806,NA,NA
16,86,2019,2021,1453,"CarenR_Dist_Eta2",1074.80428408662,NA,NA
16,86,2019,2022,1287,"CarenR_Dist_Eta2",1329.23336138365,NA,NA
16,86,2019,2020,1122,"CarenR_Dist_Lag",1242.82318981852,NA,NA
16,86,2019,2021,1453,"CarenR_Dist_Lag",1234.53477474708,NA,NA
16,86,2019,2022,1287,"CarenR_Dist_Lag",1385.06122784617,NA,NA
16,86,2019,2020,1122,"CarenR_Dist_Conf",1242.82318981852,NA,NA
16,86,2019,2021,1453,"CarenR_Dist_Conf",1234.53477474708,NA,NA
16,86,2019,2022,1287,"CarenR_Dist_Conf",1385.06122784617,NA,NA
16,86,2019,2020,1122,"CarenR_Dist_Stack",1279.54541115769,NA,NA
16,86,2019,2021,1453,"CarenR_Dist_Stack",1202.02076786967,NA,NA
16,86,2019,2022,1287,"CarenR_Dist_Stack",1401.62514307969,NA,NA
16,86,2019,2020,1122,"CarenR_Dist_Sup_FS",1242.82318981852,NA,NA
16,86,2019,2021,1453,"CarenR_Dist_Sup_FS",1234.53477474708,NA,NA
16,86,2019,2022,1287,"CarenR_Dist_Sup_FS",1383.45710753974,NA,NA
16,86,2019,2020,1122,"CarenR_Supervised",1124.09388670523,NA,NA
16,86,2019,2021,1453,"CarenR_Supervised",1166.19748142177,NA,NA
16,86,2019,2022,1287,"CarenR_Supervised",1408.59023476362,NA,NA
16,86,2019,2020,1122,"M5Rules",1323.7341447565,NA,NA
16,86,2019,2021,1453,"M5Rules",1390.63987956715,NA,NA
16,86,2019,2022,1287,"M5Rules",1466.36551558373,NA,NA
17,87,2020,2021,1453,"Naive",1213.20378918883,NA,NA
17,87,2020,2022,1287,"Naive",1198.88608670511,NA,NA
17,87,2020,2021,1453,"Naive_Median",1177.3175371367,NA,NA
17,87,2020,2022,1287,"Naive_Median",1162.99983465297,NA,NA
17,87,2020,2021,1453,"Naive_MA",1198.04251470238,NA,NA
17,87,2020,2022,1287,"Naive_MA",1183.72481221866,NA,NA
17,87,2020,2021,1453,"DT",1098.65991851612,NA,NA
17,87,2020,2022,1287,"DT",1335.14220883814,NA,NA
17,87,2020,2021,1453,"Ripper",949.861986775781,897.019026335254,1002.70494721631
17,87,2020,2022,1287,"Ripper",1101.68664947119,1088.28266655891,1115.09063238348
17,87,2020,2021,1453,"CarenR_Dist",1310.09206400208,NA,NA
17,87,2020,2022,1287,"CarenR_Dist",1315.82079435584,NA,NA
17,87,2020,2021,1453,"CarenR_Dist_FS",1177.3175371367,NA,NA
17,87,2020,2022,1287,"CarenR_Dist_FS",1284.37043758562,NA,NA
17,87,2020,2021,1453,"CarenR_Dist_Thresh",1177.3175371367,NA,NA
17,87,2020,2022,1287,"CarenR_Dist_Thresh",1335.54921021313,NA,NA
17,87,2020,2021,1453,"CarenR_Dist_Sup",1177.3175371367,NA,NA
17,87,2020,2022,1287,"CarenR_Dist_Sup",1338.55208665022,NA,NA
17,87,2020,2021,1453,"CarenR_Dist_Sup_Thresh",1177.3175371367,NA,NA
17,87,2020,2022,1287,"CarenR_Dist_Sup_Thresh",1335.54921021313,NA,NA
17,87,2020,2021,1453,"CarenR_Dist_Eta2",1177.3175371367,NA,NA
17,87,2020,2022,1287,"CarenR_Dist_Eta2",1284.37043758562,NA,NA
17,87,2020,2021,1453,"CarenR_Dist_Lag",1177.3175371367,NA,NA
17,87,2020,2022,1287,"CarenR_Dist_Lag",1335.54921021313,NA,NA
17,87,2020,2021,1453,"CarenR_Dist_Conf",1177.3175371367,NA,NA
17,87,2020,2022,1287,"CarenR_Dist_Conf",1335.54921021313,NA,NA
17,87,2020,2021,1453,"CarenR_Dist_Stack",1140.78093176082,NA,NA
17,87,2020,2022,1287,"CarenR_Dist_Stack",1340.3777732439,NA,NA
17,87,2020,2021,1453,"CarenR_Dist_Sup_FS",1177.3175371367,NA,NA
17,87,2020,2022,1287,"CarenR_Dist_Sup_FS",1338.55208665022,NA,NA
17,87,2020,2021,1453,"CarenR_Supervised",1070.88419304554,NA,NA
17,87,2020,2022,1287,"CarenR_Supervised",1314.20562921214,NA,NA
17,87,2020,2021,1453,"M5Rules",1201.02130075712,NA,NA
17,87,2020,2022,1287,"M5Rules",1367.79985267522,NA,NA
18,88,2021,2022,1287,"Naive",1278.44719898777,NA,NA
18,88,2021,2022,1287,"Naive_Median",1247.70620048689,NA,NA
18,88,2021,2022,1287,"Naive_MA",1270.41930424994,NA,NA
18,88,2021,2022,1287,"DT",1416.67438513494,NA,NA
18,88,2021,2022,1287,"Ripper",1566.37914284054,1501.33152185643,1631.42676382465
18,88,2021,2022,1287,"CarenR_Dist",1385.6231259365,NA,NA
18,88,2021,2022,1287,"CarenR_Dist_FS",1351.9860561969,NA,NA
18,88,2021,2022,1287,"CarenR_Dist_Thresh",1406.71547143222,NA,NA
18,88,2021,2022,1287,"CarenR_Dist_Sup",1404.62642314951,NA,NA
18,88,2021,2022,1287,"CarenR_Dist_Sup_Thresh",1406.71547143222,NA,NA
18,88,2021,2022,1287,"CarenR_Dist_Eta2",1351.9860561969,NA,NA
18,88,2021,2022,1287,"CarenR_Dist_Lag",1406.71547143222,NA,NA
18,88,2021,2022,1287,"CarenR_Dist_Conf",1406.71547143222,NA,NA
18,88,2021,2022,1287,"CarenR_Dist_Stack",1427.80320417429,NA,NA
18,88,2021,2022,1287,"CarenR_Dist_Sup_FS",1404.62642314951,NA,NA
18,88,2021,2022,1287,"CarenR_Supervised",1423.95508092788,NA,NA
18,88,2021,2022,1287,"M5Rules",1395.35636423414,NA,NA
