"scenario","n_train","train_end_year","year","actual","model","predicted","pred_lower","pred_upper"
1,64,2005,2006,937.5,"Naive",1174.40952380952,NA,NA
1,64,2005,2007,708.7,"Naive",1154.44298992674,NA,NA
1,64,2005,2008,780.6,"Naive",1134.47645604396,NA,NA
1,64,2005,2009,862.9,"Naive",1114.50992216117,NA,NA
1,64,2005,2010,905.8,"Naive",1094.54338827839,NA,NA
1,64,2005,2011,807.1,"Naive",1074.5768543956,NA,NA
1,64,2005,2012,649.5,"Naive",1054.61032051282,NA,NA
1,64,2005,2013,787.3,"Naive",1034.64378663004,NA,NA
1,64,2005,2014,688.2,"Naive",1014.67725274725,NA,NA
1,64,2005,2015,868.9,"Naive",994.710718864469,NA,NA
1,64,2005,2016,729.5,"Naive",974.744184981685,NA,NA
1,64,2005,2017,967.1,"Naive",954.777651098901,NA,NA
1,64,2005,2018,759.6,"Naive",934.811117216117,NA,NA
1,64,2005,2019,816.4,"Naive",914.844583333334,NA,NA
1,64,2005,2020,848.3,"Naive",894.87804945055,NA,NA
1,64,2005,2021,893.7,"Naive",874.911515567766,NA,NA
1,64,2005,2006,937.5,"Naive_Median",1065.8699198718,NA,NA
1,64,2005,2007,708.7,"Naive_Median",1045.90338598901,NA,NA
1,64,2005,2008,780.6,"Naive_Median",1025.93685210623,NA,NA
1,64,2005,2009,862.9,"Naive_Median",1005.97031822344,NA,NA
1,64,2005,2010,905.8,"Naive_Median",986.00378434066,NA,NA
1,64,2005,2011,807.1,"Naive_Median",966.037250457876,NA,NA
1,64,2005,2012,649.5,"Naive_Median",946.070716575092,NA,NA
1,64,2005,2013,787.3,"Naive_Median",926.104182692308,NA,NA
1,64,2005,2014,688.2,"Naive_Median",906.137648809524,NA,NA
1,64,2005,2015,868.9,"Naive_Median",886.17111492674,NA,NA
1,64,2005,2016,729.5,"Naive_Median",866.204581043956,NA,NA
1,64,2005,2017,967.1,"Naive_Median",846.238047161172,NA,NA
1,64,2005,2018,759.6,"Naive_Median",826.271513278389,NA,NA
1,64,2005,2019,816.4,"Naive_Median",806.304979395605,NA,NA
1,64,2005,2020,848.3,"Naive_Median",786.338445512821,NA,NA
1,64,2005,2021,893.7,"Naive_Median",766.371911630037,NA,NA
1,64,2005,2006,937.5,"Naive_MA",873.234063644689,NA,NA
1,64,2005,2007,708.7,"Naive_MA",853.267529761905,NA,NA
1,64,2005,2008,780.6,"Naive_MA",833.300995879121,NA,NA
1,64,2005,2009,862.9,"Naive_MA",813.334461996337,NA,NA
1,64,2005,2010,905.8,"Naive_MA",793.367928113553,NA,NA
1,64,2005,2011,807.1,"Naive_MA",773.401394230769,NA,NA
1,64,2005,2012,649.5,"Naive_MA",753.434860347985,NA,NA
1,64,2005,2013,787.3,"Naive_MA",733.468326465201,NA,NA
1,64,2005,2014,688.2,"Naive_MA",713.501792582418,NA,NA
1,64,2005,2015,868.9,"Naive_MA",693.535258699634,NA,NA
1,64,2005,2016,729.5,"Naive_MA",673.56872481685,NA,NA
1,64,2005,2017,967.1,"Naive_MA",653.602190934066,NA,NA
1,64,2005,2018,759.6,"Naive_MA",633.635657051282,NA,NA
1,64,2005,2019,816.4,"Naive_MA",613.669123168498,NA,NA
1,64,2005,2020,848.3,"Naive_MA",593.702589285714,NA,NA
1,64,2005,2021,893.7,"Naive_MA",573.73605540293,NA,NA
1,64,2005,2006,937.5,"DT",1106.75768864469,NA,NA
1,64,2005,2007,708.7,"DT",1450.41912291412,NA,NA
1,64,2005,2008,780.6,"DT",1233.45348557692,NA,NA
1,64,2005,2009,862.9,"DT",1410.48605514856,NA,NA
1,64,2005,2010,905.8,"DT",1390.51952126577,NA,NA
1,64,2005,2011,807.1,"DT",1331.22817242282,NA,NA
1,64,2005,2012,649.5,"DT",1770.81294757326,NA,NA
1,64,2005,2013,787.3,"DT",1330.61991961742,NA,NA
1,64,2005,2014,688.2,"DT",1730.87987980769,NA,NA
1,64,2005,2015,868.9,"DT",1710.91334592491,NA,NA
1,64,2005,2016,729.5,"DT",14.5291491147741,NA,NA
1,64,2005,2017,967.1,"DT",875.75983974359,NA,NA
1,64,2005,2018,759.6,"DT",1230.7872502035,NA,NA
1,64,2005,2019,816.4,"DT",835.826771978022,NA,NA
1,64,2005,2020,848.3,"DT",1190.85418243793,NA,NA
1,64,2005,2021,893.7,"DT",795.893704212455,NA,NA
1,64,2005,2006,937.5,"Ripper",455.677389823718,304.236661458526,607.11811818891
1,64,2005,2007,708.7,"Ripper",435.710855940934,284.270127575742,587.151584306126
1,64,2005,2008,780.6,"Ripper",415.74432205815,264.303593692958,567.185050423343
1,64,2005,2009,862.9,"Ripper",395.777788175366,244.337059810174,547.218516540559
1,64,2005,2010,905.8,"Ripper",375.811254292583,224.370525927391,527.251982657775
1,64,2005,2011,807.1,"Ripper",1862.4721854968,1684.02861712001,2040.91575387358
1,64,2005,2012,649.5,"Ripper",335.878186527015,184.437458161823,487.318914892207
1,64,2005,2013,787.3,"Ripper",315.911652644231,164.470924279039,467.352381009423
1,64,2005,2014,688.2,"Ripper",295.945118761447,144.504390396255,447.385847126639
1,64,2005,2015,868.9,"Ripper",1782.60604996566,1604.16248158887,1961.04961834245
1,64,2005,2016,729.5,"Ripper",256.012050995879,104.571322630687,407.452779361071
1,64,2005,2017,967.1,"Ripper",236.045517113095,84.6047887479034,387.486245478288
1,64,2005,2018,759.6,"Ripper",216.078983230312,64.6382548651195,367.519711595504
1,64,2005,2019,816.4,"Ripper",1702.73991443452,1524.29634605774,1881.18348281131
1,64,2005,2020,848.3,"Ripper",176.145915464744,24.7051870995517,327.586643829936
1,64,2005,2021,893.7,"Ripper",1662.80684666896,1484.36327829217,1841.25041504574
1,64,2005,2006,937.5,"CarenR_Dist",1065.8699198718,NA,NA
1,64,2005,2007,708.7,"CarenR_Dist",654.373305860806,NA,NA
1,64,2005,2008,780.6,"CarenR_Dist",617.989588273569,NA,NA
1,64,2005,2009,862.9,"CarenR_Dist",590.251413461539,NA,NA
1,64,2005,2010,905.8,"CarenR_Dist",570.284879578755,NA,NA
1,64,2005,2011,807.1,"CarenR_Dist",619.404537769141,NA,NA
1,64,2005,2012,649.5,"CarenR_Dist",530.351811813187,NA,NA
1,64,2005,2013,787.3,"CarenR_Dist",569.508365384616,NA,NA
1,64,2005,2014,688.2,"CarenR_Dist",491.404080647503,NA,NA
1,64,2005,2015,868.9,"CarenR_Dist",536.869713500785,NA,NA
1,64,2005,2016,729.5,"CarenR_Dist",436.358943640747,NA,NA
1,64,2005,2017,967.1,"CarenR_Dist",425.651685288984,NA,NA
1,64,2005,2018,759.6,"CarenR_Dist",418.957491596639,NA,NA
1,64,2005,2019,816.4,"CarenR_Dist",459.67226670687,NA,NA
1,64,2005,2020,848.3,"CarenR_Dist",786.338445512821,NA,NA
1,64,2005,2021,893.7,"CarenR_Dist",419.739198941303,NA,NA
1,64,2005,2006,937.5,"CarenR_Dist_FS",1065.8699198718,NA,NA
1,64,2005,2007,708.7,"CarenR_Dist_FS",1045.90338598901,NA,NA
1,64,2005,2008,780.6,"CarenR_Dist_FS",538.751195054945,NA,NA
1,64,2005,2009,862.9,"CarenR_Dist_FS",493.054182692308,NA,NA
1,64,2005,2010,905.8,"CarenR_Dist_FS",473.087648809524,NA,NA
1,64,2005,2011,807.1,"CarenR_Dist_FS",966.037250457876,NA,NA
1,64,2005,2012,649.5,"CarenR_Dist_FS",433.154581043956,NA,NA
1,64,2005,2013,787.3,"CarenR_Dist_FS",926.104182692308,NA,NA
1,64,2005,2014,688.2,"CarenR_Dist_FS",386.333059505854,NA,NA
1,64,2005,2015,868.9,"CarenR_Dist_FS",886.17111492674,NA,NA
1,64,2005,2016,729.5,"CarenR_Dist_FS",344.280467502583,NA,NA
1,64,2005,2017,967.1,"CarenR_Dist_FS",326.433457857502,NA,NA
1,64,2005,2018,759.6,"CarenR_Dist_FS",318.285640842491,NA,NA
1,64,2005,2019,816.4,"CarenR_Dist_FS",806.304979395605,NA,NA
1,64,2005,2020,848.3,"CarenR_Dist_FS",786.338445512821,NA,NA
1,64,2005,2021,893.7,"CarenR_Dist_FS",766.371911630037,NA,NA
1,64,2005,2006,937.5,"CarenR_Dist_Thresh",1065.8699198718,NA,NA
1,64,2005,2007,708.7,"CarenR_Dist_Thresh",1045.90338598901,NA,NA
1,64,2005,2008,780.6,"CarenR_Dist_Thresh",1025.93685210623,NA,NA
1,64,2005,2009,862.9,"CarenR_Dist_Thresh",1005.97031822344,NA,NA
1,64,2005,2010,905.8,"CarenR_Dist_Thresh",986.00378434066,NA,NA
1,64,2005,2011,807.1,"CarenR_Dist_Thresh",966.037250457876,NA,NA
1,64,2005,2012,649.5,"CarenR_Dist_Thresh",946.070716575092,NA,NA
1,64,2005,2013,787.3,"CarenR_Dist_Thresh",926.104182692308,NA,NA
1,64,2005,2014,688.2,"CarenR_Dist_Thresh",368.774221272555,NA,NA
1,64,2005,2015,868.9,"CarenR_Dist_Thresh",886.17111492674,NA,NA
1,64,2005,2016,729.5,"CarenR_Dist_Thresh",328.841153506987,NA,NA
1,64,2005,2017,967.1,"CarenR_Dist_Thresh",308.874619624203,NA,NA
1,64,2005,2018,759.6,"CarenR_Dist_Thresh",322.836652930403,NA,NA
1,64,2005,2019,816.4,"CarenR_Dist_Thresh",806.304979395605,NA,NA
1,64,2005,2020,848.3,"CarenR_Dist_Thresh",786.338445512821,NA,NA
1,64,2005,2021,893.7,"CarenR_Dist_Thresh",766.371911630037,NA,NA
1,64,2005,2006,937.5,"CarenR_Dist_Sup",1065.8699198718,NA,NA
1,64,2005,2007,708.7,"CarenR_Dist_Sup",1045.90338598901,NA,NA
1,64,2005,2008,780.6,"CarenR_Dist_Sup",1025.93685210623,NA,NA
1,64,2005,2009,862.9,"CarenR_Dist_Sup",1005.97031822344,NA,NA
1,64,2005,2010,905.8,"CarenR_Dist_Sup",986.00378434066,NA,NA
1,64,2005,2011,807.1,"CarenR_Dist_Sup",966.037250457876,NA,NA
1,64,2005,2012,649.5,"CarenR_Dist_Sup",946.070716575092,NA,NA
1,64,2005,2013,787.3,"CarenR_Dist_Sup",926.104182692308,NA,NA
1,64,2005,2014,688.2,"CarenR_Dist_Sup",566.068525641026,NA,NA
1,64,2005,2015,868.9,"CarenR_Dist_Sup",886.17111492674,NA,NA
1,64,2005,2016,729.5,"CarenR_Dist_Sup",526.135457875458,NA,NA
1,64,2005,2017,967.1,"CarenR_Dist_Sup",506.168923992674,NA,NA
1,64,2005,2018,759.6,"CarenR_Dist_Sup",486.20239010989,NA,NA
1,64,2005,2019,816.4,"CarenR_Dist_Sup",806.304979395605,NA,NA
1,64,2005,2020,848.3,"CarenR_Dist_Sup",786.338445512821,NA,NA
1,64,2005,2021,893.7,"CarenR_Dist_Sup",766.371911630037,NA,NA
1,64,2005,2006,937.5,"CarenR_Dist_Sup_Thresh",1065.8699198718,NA,NA
1,64,2005,2007,708.7,"CarenR_Dist_Sup_Thresh",1045.90338598901,NA,NA
1,64,2005,2008,780.6,"CarenR_Dist_Sup_Thresh",1025.93685210623,NA,NA
1,64,2005,2009,862.9,"CarenR_Dist_Sup_Thresh",1005.97031822344,NA,NA
1,64,2005,2010,905.8,"CarenR_Dist_Sup_Thresh",986.00378434066,NA,NA
1,64,2005,2011,807.1,"CarenR_Dist_Sup_Thresh",966.037250457876,NA,NA
1,64,2005,2012,649.5,"CarenR_Dist_Sup_Thresh",946.070716575092,NA,NA
1,64,2005,2013,787.3,"CarenR_Dist_Sup_Thresh",926.104182692308,NA,NA
1,64,2005,2014,688.2,"CarenR_Dist_Sup_Thresh",906.137648809524,NA,NA
1,64,2005,2015,868.9,"CarenR_Dist_Sup_Thresh",886.17111492674,NA,NA
1,64,2005,2016,729.5,"CarenR_Dist_Sup_Thresh",866.204581043956,NA,NA
1,64,2005,2017,967.1,"CarenR_Dist_Sup_Thresh",846.238047161172,NA,NA
1,64,2005,2018,759.6,"CarenR_Dist_Sup_Thresh",826.271513278389,NA,NA
1,64,2005,2019,816.4,"CarenR_Dist_Sup_Thresh",806.304979395605,NA,NA
1,64,2005,2020,848.3,"CarenR_Dist_Sup_Thresh",786.338445512821,NA,NA
1,64,2005,2021,893.7,"CarenR_Dist_Sup_Thresh",766.371911630037,NA,NA
1,64,2005,2006,937.5,"CarenR_Dist_Eta2",1065.8699198718,NA,NA
1,64,2005,2007,708.7,"CarenR_Dist_Eta2",1045.90338598901,NA,NA
1,64,2005,2008,780.6,"CarenR_Dist_Eta2",538.751195054945,NA,NA
1,64,2005,2009,862.9,"CarenR_Dist_Eta2",493.054182692308,NA,NA
1,64,2005,2010,905.8,"CarenR_Dist_Eta2",473.087648809524,NA,NA
1,64,2005,2011,807.1,"CarenR_Dist_Eta2",966.037250457876,NA,NA
1,64,2005,2012,649.5,"CarenR_Dist_Eta2",433.154581043956,NA,NA
1,64,2005,2013,787.3,"CarenR_Dist_Eta2",926.104182692308,NA,NA
1,64,2005,2014,688.2,"CarenR_Dist_Eta2",386.333059505854,NA,NA
1,64,2005,2015,868.9,"CarenR_Dist_Eta2",886.17111492674,NA,NA
1,64,2005,2016,729.5,"CarenR_Dist_Eta2",344.280467502583,NA,NA
1,64,2005,2017,967.1,"CarenR_Dist_Eta2",326.433457857502,NA,NA
1,64,2005,2018,759.6,"CarenR_Dist_Eta2",318.285640842491,NA,NA
1,64,2005,2019,816.4,"CarenR_Dist_Eta2",806.304979395605,NA,NA
1,64,2005,2020,848.3,"CarenR_Dist_Eta2",786.338445512821,NA,NA
1,64,2005,2021,893.7,"CarenR_Dist_Eta2",766.371911630037,NA,NA
1,64,2005,2006,937.5,"CarenR_Dist_Lag",1065.8699198718,NA,NA
1,64,2005,2007,708.7,"CarenR_Dist_Lag",1045.90338598901,NA,NA
1,64,2005,2008,780.6,"CarenR_Dist_Lag",1025.93685210623,NA,NA
1,64,2005,2009,862.9,"CarenR_Dist_Lag",1005.97031822344,NA,NA
1,64,2005,2010,905.8,"CarenR_Dist_Lag",986.00378434066,NA,NA
1,64,2005,2011,807.1,"CarenR_Dist_Lag",966.037250457876,NA,NA
1,64,2005,2012,649.5,"CarenR_Dist_Lag",946.070716575092,NA,NA
1,64,2005,2013,787.3,"CarenR_Dist_Lag",926.104182692308,NA,NA
1,64,2005,2014,688.2,"CarenR_Dist_Lag",337.269123168498,NA,NA
1,64,2005,2015,868.9,"CarenR_Dist_Lag",886.17111492674,NA,NA
1,64,2005,2016,729.5,"CarenR_Dist_Lag",297.33605540293,NA,NA
1,64,2005,2017,967.1,"CarenR_Dist_Lag",277.369521520146,NA,NA
1,64,2005,2018,759.6,"CarenR_Dist_Lag",826.271513278389,NA,NA
1,64,2005,2019,816.4,"CarenR_Dist_Lag",806.304979395605,NA,NA
1,64,2005,2020,848.3,"CarenR_Dist_Lag",786.338445512821,NA,NA
1,64,2005,2021,893.7,"CarenR_Dist_Lag",766.371911630037,NA,NA
1,64,2005,2006,937.5,"CarenR_Dist_Conf",1065.8699198718,NA,NA
1,64,2005,2007,708.7,"CarenR_Dist_Conf",1045.90338598901,NA,NA
1,64,2005,2008,780.6,"CarenR_Dist_Conf",1025.93685210623,NA,NA
1,64,2005,2009,862.9,"CarenR_Dist_Conf",1005.97031822344,NA,NA
1,64,2005,2010,905.8,"CarenR_Dist_Conf",986.00378434066,NA,NA
1,64,2005,2011,807.1,"CarenR_Dist_Conf",966.037250457876,NA,NA
1,64,2005,2012,649.5,"CarenR_Dist_Conf",946.070716575092,NA,NA
1,64,2005,2013,787.3,"CarenR_Dist_Conf",926.104182692308,NA,NA
1,64,2005,2014,688.2,"CarenR_Dist_Conf",906.137648809524,NA,NA
1,64,2005,2015,868.9,"CarenR_Dist_Conf",886.17111492674,NA,NA
1,64,2005,2016,729.5,"CarenR_Dist_Conf",866.204581043956,NA,NA
1,64,2005,2017,967.1,"CarenR_Dist_Conf",846.238047161172,NA,NA
1,64,2005,2018,759.6,"CarenR_Dist_Conf",826.271513278389,NA,NA
1,64,2005,2019,816.4,"CarenR_Dist_Conf",806.304979395605,NA,NA
1,64,2005,2020,848.3,"CarenR_Dist_Conf",786.338445512821,NA,NA
1,64,2005,2021,893.7,"CarenR_Dist_Conf",766.371911630037,NA,NA
1,64,2005,2006,937.5,"CarenR_Dist_Stack",1216.30450556342,NA,NA
1,64,2005,2007,708.7,"CarenR_Dist_Stack",1195.15744222115,NA,NA
1,64,2005,2008,780.6,"CarenR_Dist_Stack",1191.33956793392,NA,NA
1,64,2005,2009,862.9,"CarenR_Dist_Stack",1164.26918517347,NA,NA
1,64,2005,2010,905.8,"CarenR_Dist_Stack",1136.39459194371,NA,NA
1,64,2005,2011,807.1,"CarenR_Dist_Stack",1111.56671914575,NA,NA
1,64,2005,2012,649.5,"CarenR_Dist_Stack",1097.68848119917,NA,NA
1,64,2005,2013,787.3,"CarenR_Dist_Stack",1088.36485831436,NA,NA
1,64,2005,2014,688.2,"CarenR_Dist_Stack",1056.19856498395,NA,NA
1,64,2005,2015,868.9,"CarenR_Dist_Stack",1042.35125820927,NA,NA
1,64,2005,2016,729.5,"CarenR_Dist_Stack",1006.86759669296,NA,NA
1,64,2005,2017,967.1,"CarenR_Dist_Stack",996.136605486852,NA,NA
1,64,2005,2018,759.6,"CarenR_Dist_Stack",956.252984768257,NA,NA
1,64,2005,2019,816.4,"CarenR_Dist_Stack",950.788025577537,NA,NA
1,64,2005,2020,848.3,"CarenR_Dist_Stack",924.885294556178,NA,NA
1,64,2005,2021,893.7,"CarenR_Dist_Stack",900.908028985379,NA,NA
1,64,2005,2006,937.5,"CarenR_Dist_Sup_FS",1065.8699198718,NA,NA
1,64,2005,2007,708.7,"CarenR_Dist_Sup_FS",1045.90338598901,NA,NA
1,64,2005,2008,780.6,"CarenR_Dist_Sup_FS",1025.93685210623,NA,NA
1,64,2005,2009,862.9,"CarenR_Dist_Sup_FS",1005.97031822344,NA,NA
1,64,2005,2010,905.8,"CarenR_Dist_Sup_FS",986.00378434066,NA,NA
1,64,2005,2011,807.1,"CarenR_Dist_Sup_FS",966.037250457876,NA,NA
1,64,2005,2012,649.5,"CarenR_Dist_Sup_FS",946.070716575092,NA,NA
1,64,2005,2013,787.3,"CarenR_Dist_Sup_FS",926.104182692308,NA,NA
1,64,2005,2014,688.2,"CarenR_Dist_Sup_FS",906.137648809524,NA,NA
1,64,2005,2015,868.9,"CarenR_Dist_Sup_FS",886.17111492674,NA,NA
1,64,2005,2016,729.5,"CarenR_Dist_Sup_FS",866.204581043956,NA,NA
1,64,2005,2017,967.1,"CarenR_Dist_Sup_FS",846.238047161172,NA,NA
1,64,2005,2018,759.6,"CarenR_Dist_Sup_FS",826.271513278389,NA,NA
1,64,2005,2019,816.4,"CarenR_Dist_Sup_FS",806.304979395605,NA,NA
1,64,2005,2020,848.3,"CarenR_Dist_Sup_FS",786.338445512821,NA,NA
1,64,2005,2021,893.7,"CarenR_Dist_Sup_FS",766.371911630037,NA,NA
1,64,2005,2006,937.5,"CarenR_Supervised",1640.09483694814,NA,NA
1,64,2005,2007,708.7,"CarenR_Supervised",1577.20388392857,NA,NA
1,64,2005,2008,780.6,"CarenR_Supervised",1556.97011904762,NA,NA
1,64,2005,2009,862.9,"CarenR_Supervised",688.647949751861,NA,NA
1,64,2005,2010,905.8,"CarenR_Supervised",1517.57151327839,NA,NA
1,64,2005,2011,807.1,"CarenR_Supervised",966.037250457876,NA,NA
1,64,2005,2012,649.5,"CarenR_Supervised",946.070716575092,NA,NA
1,64,2005,2013,787.3,"CarenR_Supervised",1459.38288179359,NA,NA
1,64,2005,2014,688.2,"CarenR_Supervised",588.815280337942,NA,NA
1,64,2005,2015,868.9,"CarenR_Supervised",1484.13760885989,NA,NA
1,64,2005,2016,729.5,"CarenR_Supervised",1397.77230998169,NA,NA
1,64,2005,2017,967.1,"CarenR_Supervised",846.238047161172,NA,NA
1,64,2005,2018,759.6,"CarenR_Supervised",809.408432348901,NA,NA
1,64,2005,2019,816.4,"CarenR_Supervised",806.304979395605,NA,NA
1,64,2005,2020,848.3,"CarenR_Supervised",1306.69317885488,NA,NA
1,64,2005,2021,893.7,"CarenR_Supervised",766.371911630037,NA,NA
1,64,2005,2006,937.5,"M5Rules",1231.24989444174,NA,NA
1,64,2005,2007,708.7,"M5Rules",1184.60944326742,NA,NA
1,64,2005,2008,780.6,"M5Rules",1233.72083071875,NA,NA
1,64,2005,2009,862.9,"M5Rules",1035.15850393909,NA,NA
1,64,2005,2010,905.8,"M5Rules",1029.79441847392,NA,NA
1,64,2005,2011,807.1,"M5Rules",1118.28606064262,NA,NA
1,64,2005,2012,649.5,"M5Rules",829.830035247623,NA,NA
1,64,2005,2013,787.3,"M5Rules",1193.46905247766,NA,NA
1,64,2005,2014,688.2,"M5Rules",1016.1385500751,NA,NA
1,64,2005,2015,868.9,"M5Rules",989.015274601562,NA,NA
1,64,2005,2016,729.5,"M5Rules",-10.0716435987792,NA,NA
1,64,2005,2017,967.1,"M5Rules",744.970266407875,NA,NA
1,64,2005,2018,759.6,"M5Rules",1071.50855153323,NA,NA
1,64,2005,2019,816.4,"M5Rules",1086.31385441619,NA,NA
1,64,2005,2020,848.3,"M5Rules",802.220583203367,NA,NA
1,64,2005,2021,893.7,"M5Rules",1021.31936446861,NA,NA
2,65,2006,2007,708.7,"Naive",1139.86394230768,NA,NA
2,65,2006,2008,780.6,"Naive",1119.56606643355,NA,NA
2,65,2006,2009,862.9,"Naive",1099.26819055942,NA,NA
2,65,2006,2010,905.8,"Naive",1078.9703146853,NA,NA
2,65,2006,2011,807.1,"Naive",1058.67243881117,NA,NA
2,65,2006,2012,649.5,"Naive",1038.37456293705,NA,NA
2,65,2006,2013,787.3,"Naive",1018.07668706292,NA,NA
2,65,2006,2014,688.2,"Naive",997.778811188792,NA,NA
2,65,2006,2015,868.9,"Naive",977.480935314666,NA,NA
2,65,2006,2016,729.5,"Naive",957.18305944054,NA,NA
2,65,2006,2017,967.1,"Naive",936.885183566413,NA,NA
2,65,2006,2018,759.6,"Naive",916.587307692287,NA,NA
2,65,2006,2019,816.4,"Naive",896.28943181816,NA,NA
2,65,2006,2020,848.3,"Naive",875.991555944034,NA,NA
2,65,2006,2021,893.7,"Naive",855.693680069908,NA,NA
2,65,2006,2007,708.7,"Naive_Median",1031.96372377621,NA,NA
2,65,2006,2008,780.6,"Naive_Median",1011.66584790208,NA,NA
2,65,2006,2009,862.9,"Naive_Median",991.367972027957,NA,NA
2,65,2006,2010,905.8,"Naive_Median",971.070096153831,NA,NA
2,65,2006,2011,807.1,"Naive_Median",950.772220279704,NA,NA
2,65,2006,2012,649.5,"Naive_Median",930.474344405578,NA,NA
2,65,2006,2013,787.3,"Naive_Median",910.176468531452,NA,NA
2,65,2006,2014,688.2,"Naive_Median",889.878592657325,NA,NA
2,65,2006,2015,868.9,"Naive_Median",869.580716783199,NA,NA
2,65,2006,2016,729.5,"Naive_Median",849.282840909073,NA,NA
2,65,2006,2017,967.1,"Naive_Median",828.984965034946,NA,NA
2,65,2006,2018,759.6,"Naive_Median",808.68708916082,NA,NA
2,65,2006,2019,816.4,"Naive_Median",788.389213286693,NA,NA
2,65,2006,2020,848.3,"Naive_Median",768.091337412567,NA,NA
2,65,2006,2021,893.7,"Naive_Median",747.793461538441,NA,NA
2,65,2006,2007,708.7,"Naive_MA",794.621682692305,NA,NA
2,65,2006,2008,780.6,"Naive_MA",774.323806818179,NA,NA
2,65,2006,2009,862.9,"Naive_MA",754.025930944052,NA,NA
2,65,2006,2010,905.8,"Naive_MA",733.728055069926,NA,NA
2,65,2006,2011,807.1,"Naive_MA",713.4301791958,NA,NA
2,65,2006,2012,649.5,"Naive_MA",693.132303321673,NA,NA
2,65,2006,2013,787.3,"Naive_MA",672.834427447547,NA,NA
2,65,2006,2014,688.2,"Naive_MA",652.536551573421,NA,NA
2,65,2006,2015,868.9,"Naive_MA",632.238675699294,NA,NA
2,65,2006,2016,729.5,"Naive_MA",611.940799825168,NA,NA
2,65,2006,2017,967.1,"Naive_MA",591.642923951042,NA,NA
2,65,2006,2018,759.6,"Naive_MA",571.345048076915,NA,NA
2,65,2006,2019,816.4,"Naive_MA",551.047172202789,NA,NA
2,65,2006,2020,848.3,"Naive_MA",530.749296328662,NA,NA
2,65,2006,2021,893.7,"Naive_MA",510.451420454536,NA,NA
2,65,2006,2007,708.7,"DT",1702.27774300698,NA,NA
2,65,2006,2008,780.6,"DT",1224.75575830418,NA,NA
2,65,2006,2009,862.9,"DT",1661.68199125872,NA,NA
2,65,2006,2010,905.8,"DT",1641.3841153846,NA,NA
2,65,2006,2011,807.1,"DT",1320.34122127871,NA,NA
2,65,2006,2012,649.5,"DT",1759.29881337411,NA,NA
2,65,2006,2013,787.3,"DT",1580.49048776222,NA,NA
2,65,2006,2014,688.2,"DT",1718.70306162586,NA,NA
2,65,2006,2015,868.9,"DT",1698.40518575173,NA,NA
2,65,2006,2016,729.5,"DT",-2.7558581002578,NA,NA
2,65,2006,2017,967.1,"DT",859.524082167809,NA,NA
2,65,2006,2018,759.6,"DT",1479.00110839159,NA,NA
2,65,2006,2019,816.4,"DT",818.928330419556,NA,NA
2,65,2006,2020,848.3,"DT",1438.40535664333,NA,NA
2,65,2006,2021,893.7,"DT",778.332578671304,NA,NA
2,65,2006,2007,708.7,"Ripper",1309.55534965034,1203.73730870367,1415.373390597
2,65,2006,2008,780.6,"Ripper",423.359946009855,274.627464084658,572.092427935052
2,65,2006,2009,862.9,"Ripper",403.062070135729,254.329588210532,551.794552060926
2,65,2006,2010,905.8,"Ripper",382.764194261603,234.031712336406,531.4966761868
2,65,2006,2011,807.1,"Ripper",838.671689248236,802.541564795268,874.801813701204
2,65,2006,2012,649.5,"Ripper",342.16844251335,193.435960588153,490.900924438547
2,65,2006,2013,787.3,"Ripper",321.870566639224,173.138084714027,470.60304856442
2,65,2006,2014,688.2,"Ripper",301.572690765097,152.8402088399,450.305172690294
2,65,2006,2015,868.9,"Ripper",281.274814890971,132.542332965774,430.007296816168
2,65,2006,2016,729.5,"Ripper",260.976939016844,112.244457091648,409.709420942041
2,65,2006,2017,967.1,"Ripper",1106.57659090907,1000.75854996241,1212.39463185574
2,65,2006,2018,759.6,"Ripper",220.381187268592,71.6487053433948,369.113669193789
2,65,2006,2019,816.4,"Ripper",1065.98083916082,960.162798214153,1171.79888010749
2,65,2006,2020,848.3,"Ripper",179.785435520339,31.0529535951421,328.517917445536
2,65,2006,2021,893.7,"Ripper",635.692930506972,599.562806054004,671.82305495994
2,65,2006,2007,708.7,"CarenR_Dist",637.806206293683,NA,NA
2,65,2006,2008,780.6,"CarenR_Dist",660.65209124681,NA,NA
2,65,2006,2009,862.9,"CarenR_Dist",589.405157501565,NA,NA
2,65,2006,2010,905.8,"CarenR_Dist",569.107281627439,NA,NA
2,65,2006,2011,807.1,"CarenR_Dist",615.524107046795,NA,NA
2,65,2006,2012,649.5,"CarenR_Dist",528.511529879186,NA,NA
2,65,2006,2013,787.3,"CarenR_Dist",548.731695804166,NA,NA
2,65,2006,2014,688.2,"CarenR_Dist",507.712945361586,NA,NA
2,65,2006,2015,868.9,"CarenR_Dist",526.418013034746,NA,NA
2,65,2006,2016,729.5,"CarenR_Dist",475.973035768967,NA,NA
2,65,2006,2017,967.1,"CarenR_Dist",451.592346013972,NA,NA
2,65,2006,2018,759.6,"CarenR_Dist",437.036974694994,NA,NA
2,65,2006,2019,816.4,"CarenR_Dist",450.400680003947,NA,NA
2,65,2006,2020,848.3,"CarenR_Dist",768.091337412567,NA,NA
2,65,2006,2021,893.7,"CarenR_Dist",409.845392810303,NA,NA
2,65,2006,2007,708.7,"CarenR_Dist_FS",1031.96372377621,NA,NA
2,65,2006,2008,780.6,"CarenR_Dist_FS",667.543986905946,NA,NA
2,65,2006,2009,862.9,"CarenR_Dist_FS",564.39936188809,NA,NA
2,65,2006,2010,905.8,"CarenR_Dist_FS",544.101486013964,NA,NA
2,65,2006,2011,807.1,"CarenR_Dist_FS",950.772220279704,NA,NA
2,65,2006,2012,649.5,"CarenR_Dist_FS",503.505734265711,NA,NA
2,65,2006,2013,787.3,"CarenR_Dist_FS",910.176468531452,NA,NA
2,65,2006,2014,688.2,"CarenR_Dist_FS",461.361742589783,NA,NA
2,65,2006,2015,868.9,"CarenR_Dist_FS",869.580716783199,NA,NA
2,65,2006,2016,729.5,"CarenR_Dist_FS",439.966220440734,NA,NA
2,65,2006,2017,967.1,"CarenR_Dist_FS",415.0411239731,NA,NA
2,65,2006,2018,759.6,"CarenR_Dist_FS",430.724690309674,NA,NA
2,65,2006,2019,816.4,"CarenR_Dist_FS",788.389213286693,NA,NA
2,65,2006,2020,848.3,"CarenR_Dist_FS",768.091337412567,NA,NA
2,65,2006,2021,893.7,"CarenR_Dist_FS",747.793461538441,NA,NA
2,65,2006,2007,708.7,"CarenR_Dist_Thresh",1031.96372377621,NA,NA
2,65,2006,2008,780.6,"CarenR_Dist_Thresh",728.735048076915,NA,NA
2,65,2006,2009,862.9,"CarenR_Dist_Thresh",991.367972027957,NA,NA
2,65,2006,2010,905.8,"CarenR_Dist_Thresh",971.070096153831,NA,NA
2,65,2006,2011,807.1,"CarenR_Dist_Thresh",950.772220279704,NA,NA
2,65,2006,2012,649.5,"CarenR_Dist_Thresh",930.474344405578,NA,NA
2,65,2006,2013,787.3,"CarenR_Dist_Thresh",910.176468531452,NA,NA
2,65,2006,2014,688.2,"CarenR_Dist_Thresh",472.111866883107,NA,NA
2,65,2006,2015,868.9,"CarenR_Dist_Thresh",869.580716783199,NA,NA
2,65,2006,2016,729.5,"CarenR_Dist_Thresh",431.516115134854,NA,NA
2,65,2006,2017,967.1,"CarenR_Dist_Thresh",411.218239260728,NA,NA
2,65,2006,2018,759.6,"CarenR_Dist_Thresh",447.309391608379,NA,NA
2,65,2006,2019,816.4,"CarenR_Dist_Thresh",788.389213286693,NA,NA
2,65,2006,2020,848.3,"CarenR_Dist_Thresh",768.091337412567,NA,NA
2,65,2006,2021,893.7,"CarenR_Dist_Thresh",747.793461538441,NA,NA
2,65,2006,2007,708.7,"CarenR_Dist_Sup",1031.96372377621,NA,NA
2,65,2006,2008,780.6,"CarenR_Dist_Sup",728.735048076915,NA,NA
2,65,2006,2009,862.9,"CarenR_Dist_Sup",991.367972027957,NA,NA
2,65,2006,2010,905.8,"CarenR_Dist_Sup",971.070096153831,NA,NA
2,65,2006,2011,807.1,"CarenR_Dist_Sup",950.772220279704,NA,NA
2,65,2006,2012,649.5,"CarenR_Dist_Sup",930.474344405578,NA,NA
2,65,2006,2013,787.3,"CarenR_Dist_Sup",910.176468531452,NA,NA
2,65,2006,2014,688.2,"CarenR_Dist_Sup",573.494764407272,NA,NA
2,65,2006,2015,868.9,"CarenR_Dist_Sup",869.580716783199,NA,NA
2,65,2006,2016,729.5,"CarenR_Dist_Sup",532.899012659019,NA,NA
2,65,2006,2017,967.1,"CarenR_Dist_Sup",512.601136784893,NA,NA
2,65,2006,2018,759.6,"CarenR_Dist_Sup",503.526541510804,NA,NA
2,65,2006,2019,816.4,"CarenR_Dist_Sup",788.389213286693,NA,NA
2,65,2006,2020,848.3,"CarenR_Dist_Sup",768.091337412567,NA,NA
2,65,2006,2021,893.7,"CarenR_Dist_Sup",747.793461538441,NA,NA
2,65,2006,2007,708.7,"CarenR_Dist_Sup_Thresh",1031.96372377621,NA,NA
2,65,2006,2008,780.6,"CarenR_Dist_Sup_Thresh",728.735048076915,NA,NA
2,65,2006,2009,862.9,"CarenR_Dist_Sup_Thresh",991.367972027957,NA,NA
2,65,2006,2010,905.8,"CarenR_Dist_Sup_Thresh",971.070096153831,NA,NA
2,65,2006,2011,807.1,"CarenR_Dist_Sup_Thresh",950.772220279704,NA,NA
2,65,2006,2012,649.5,"CarenR_Dist_Sup_Thresh",930.474344405578,NA,NA
2,65,2006,2013,787.3,"CarenR_Dist_Sup_Thresh",910.176468531452,NA,NA
2,65,2006,2014,688.2,"CarenR_Dist_Sup_Thresh",606.947792832157,NA,NA
2,65,2006,2015,868.9,"CarenR_Dist_Sup_Thresh",869.580716783199,NA,NA
2,65,2006,2016,729.5,"CarenR_Dist_Sup_Thresh",566.352041083905,NA,NA
2,65,2006,2017,967.1,"CarenR_Dist_Sup_Thresh",546.054165209778,NA,NA
2,65,2006,2018,759.6,"CarenR_Dist_Sup_Thresh",525.756289335652,NA,NA
2,65,2006,2019,816.4,"CarenR_Dist_Sup_Thresh",788.389213286693,NA,NA
2,65,2006,2020,848.3,"CarenR_Dist_Sup_Thresh",768.091337412567,NA,NA
2,65,2006,2021,893.7,"CarenR_Dist_Sup_Thresh",747.793461538441,NA,NA
2,65,2006,2007,708.7,"CarenR_Dist_Eta2",1031.96372377621,NA,NA
2,65,2006,2008,780.6,"CarenR_Dist_Eta2",660.629425390779,NA,NA
2,65,2006,2009,862.9,"CarenR_Dist_Eta2",564.39936188809,NA,NA
2,65,2006,2010,905.8,"CarenR_Dist_Eta2",544.101486013964,NA,NA
2,65,2006,2011,807.1,"CarenR_Dist_Eta2",950.772220279704,NA,NA
2,65,2006,2012,649.5,"CarenR_Dist_Eta2",503.505734265711,NA,NA
2,65,2006,2013,787.3,"CarenR_Dist_Eta2",910.176468531452,NA,NA
2,65,2006,2014,688.2,"CarenR_Dist_Eta2",461.361742589783,NA,NA
2,65,2006,2015,868.9,"CarenR_Dist_Eta2",869.580716783199,NA,NA
2,65,2006,2016,729.5,"CarenR_Dist_Eta2",420.080704316165,NA,NA
2,65,2006,2017,967.1,"CarenR_Dist_Eta2",400.468114967403,NA,NA
2,65,2006,2018,759.6,"CarenR_Dist_Eta2",418.7456070945,NA,NA
2,65,2006,2019,816.4,"CarenR_Dist_Eta2",788.389213286693,NA,NA
2,65,2006,2020,848.3,"CarenR_Dist_Eta2",768.091337412567,NA,NA
2,65,2006,2021,893.7,"CarenR_Dist_Eta2",747.793461538441,NA,NA
2,65,2006,2007,708.7,"CarenR_Dist_Lag",1031.96372377621,NA,NA
2,65,2006,2008,780.6,"CarenR_Dist_Lag",1011.66584790208,NA,NA
2,65,2006,2009,862.9,"CarenR_Dist_Lag",991.367972027957,NA,NA
2,65,2006,2010,905.8,"CarenR_Dist_Lag",971.070096153831,NA,NA
2,65,2006,2011,807.1,"CarenR_Dist_Lag",950.772220279704,NA,NA
2,65,2006,2012,649.5,"CarenR_Dist_Lag",930.474344405578,NA,NA
2,65,2006,2013,787.3,"CarenR_Dist_Lag",910.176468531452,NA,NA
2,65,2006,2014,688.2,"CarenR_Dist_Lag",331.139296328663,NA,NA
2,65,2006,2015,868.9,"CarenR_Dist_Lag",869.580716783199,NA,NA
2,65,2006,2016,729.5,"CarenR_Dist_Lag",290.54354458041,NA,NA
2,65,2006,2017,967.1,"CarenR_Dist_Lag",270.245668706283,NA,NA
2,65,2006,2018,759.6,"CarenR_Dist_Lag",808.68708916082,NA,NA
2,65,2006,2019,816.4,"CarenR_Dist_Lag",788.389213286693,NA,NA
2,65,2006,2020,848.3,"CarenR_Dist_Lag",768.091337412567,NA,NA
2,65,2006,2021,893.7,"CarenR_Dist_Lag",747.793461538441,NA,NA
2,65,2006,2007,708.7,"CarenR_Dist_Conf",1031.96372377621,NA,NA
2,65,2006,2008,780.6,"CarenR_Dist_Conf",728.735048076916,NA,NA
2,65,2006,2009,862.9,"CarenR_Dist_Conf",991.367972027957,NA,NA
2,65,2006,2010,905.8,"CarenR_Dist_Conf",971.070096153831,NA,NA
2,65,2006,2011,807.1,"CarenR_Dist_Conf",950.772220279704,NA,NA
2,65,2006,2012,649.5,"CarenR_Dist_Conf",930.474344405578,NA,NA
2,65,2006,2013,787.3,"CarenR_Dist_Conf",910.176468531452,NA,NA
2,65,2006,2014,688.2,"CarenR_Dist_Conf",606.947792832157,NA,NA
2,65,2006,2015,868.9,"CarenR_Dist_Conf",869.580716783199,NA,NA
2,65,2006,2016,729.5,"CarenR_Dist_Conf",566.352041083905,NA,NA
2,65,2006,2017,967.1,"CarenR_Dist_Conf",546.054165209778,NA,NA
2,65,2006,2018,759.6,"CarenR_Dist_Conf",525.756289335652,NA,NA
2,65,2006,2019,816.4,"CarenR_Dist_Conf",788.389213286693,NA,NA
2,65,2006,2020,848.3,"CarenR_Dist_Conf",768.091337412567,NA,NA
2,65,2006,2021,893.7,"CarenR_Dist_Conf",747.793461538441,NA,NA
2,65,2006,2007,708.7,"CarenR_Dist_Stack",1349.37334380244,NA,NA
2,65,2006,2008,780.6,"CarenR_Dist_Stack",810.542072971273,NA,NA
2,65,2006,2009,862.9,"CarenR_Dist_Stack",1315.69403349787,NA,NA
2,65,2006,2010,905.8,"CarenR_Dist_Stack",1289.29481385173,NA,NA
2,65,2006,2011,807.1,"CarenR_Dist_Stack",1265.23865387003,NA,NA
2,65,2006,2012,649.5,"CarenR_Dist_Stack",1249.60323623563,NA,NA
2,65,2006,2013,787.3,"CarenR_Dist_Stack",1237.470514394,NA,NA
2,65,2006,2014,688.2,"CarenR_Dist_Stack",676.838084350104,NA,NA
2,65,2006,2015,868.9,"CarenR_Dist_Stack",1192.15916169442,NA,NA
2,65,2006,2016,729.5,"CarenR_Dist_Stack",628.975532168183,NA,NA
2,65,2006,2017,967.1,"CarenR_Dist_Stack",615.760483273441,NA,NA
2,65,2006,2018,759.6,"CarenR_Dist_Stack",580.125802564191,NA,NA
2,65,2006,2019,816.4,"CarenR_Dist_Stack",1101.89326741167,NA,NA
2,65,2006,2020,848.3,"CarenR_Dist_Stack",1077.01049501028,NA,NA
2,65,2006,2021,893.7,"CarenR_Dist_Stack",1053.608488742,NA,NA
2,65,2006,2007,708.7,"CarenR_Dist_Sup_FS",1031.96372377621,NA,NA
2,65,2006,2008,780.6,"CarenR_Dist_Sup_FS",728.735048076915,NA,NA
2,65,2006,2009,862.9,"CarenR_Dist_Sup_FS",991.367972027957,NA,NA
2,65,2006,2010,905.8,"CarenR_Dist_Sup_FS",971.070096153831,NA,NA
2,65,2006,2011,807.1,"CarenR_Dist_Sup_FS",950.772220279704,NA,NA
2,65,2006,2012,649.5,"CarenR_Dist_Sup_FS",930.474344405578,NA,NA
2,65,2006,2013,787.3,"CarenR_Dist_Sup_FS",910.176468531452,NA,NA
2,65,2006,2014,688.2,"CarenR_Dist_Sup_FS",606.947792832157,NA,NA
2,65,2006,2015,868.9,"CarenR_Dist_Sup_FS",869.580716783199,NA,NA
2,65,2006,2016,729.5,"CarenR_Dist_Sup_FS",566.352041083905,NA,NA
2,65,2006,2017,967.1,"CarenR_Dist_Sup_FS",546.054165209778,NA,NA
2,65,2006,2018,759.6,"CarenR_Dist_Sup_FS",525.756289335652,NA,NA
2,65,2006,2019,816.4,"CarenR_Dist_Sup_FS",788.389213286693,NA,NA
2,65,2006,2020,848.3,"CarenR_Dist_Sup_FS",768.091337412567,NA,NA
2,65,2006,2021,893.7,"CarenR_Dist_Sup_FS",747.793461538441,NA,NA
2,65,2006,2007,708.7,"CarenR_Supervised",1568.65310314684,NA,NA
2,65,2006,2008,780.6,"CarenR_Supervised",1548.35522727271,NA,NA
2,65,2006,2009,862.9,"CarenR_Supervised",653.614868881116,NA,NA
2,65,2006,2010,905.8,"CarenR_Supervised",1505.47753059439,NA,NA
2,65,2006,2011,807.1,"CarenR_Supervised",950.772220279704,NA,NA
2,65,2006,2012,649.5,"CarenR_Supervised",930.474344405578,NA,NA
2,65,2006,2013,787.3,"CarenR_Supervised",1439.25452485013,NA,NA
2,65,2006,2014,688.2,"CarenR_Supervised",552.125489510484,NA,NA
2,65,2006,2015,868.9,"CarenR_Supervised",1460.16923258344,NA,NA
2,65,2006,2016,729.5,"CarenR_Supervised",1383.69027534963,NA,NA
2,65,2006,2017,967.1,"CarenR_Supervised",828.984965034946,NA,NA
2,65,2006,2018,759.6,"CarenR_Supervised",908.155227272715,NA,NA
2,65,2006,2019,816.4,"CarenR_Supervised",788.389213286693,NA,NA
2,65,2006,2020,848.3,"CarenR_Supervised",1274.14243863634,NA,NA
2,65,2006,2021,893.7,"CarenR_Supervised",747.793461538441,NA,NA
2,65,2006,2007,708.7,"M5Rules",1074.51805979395,NA,NA
2,65,2006,2008,780.6,"M5Rules",854.32773487072,NA,NA
2,65,2006,2009,862.9,"M5Rules",1250.66057888803,NA,NA
2,65,2006,2010,905.8,"M5Rules",781.420560632621,NA,NA
2,65,2006,2011,807.1,"M5Rules",972.582938740567,NA,NA
2,65,2006,2012,649.5,"M5Rules",1011.22758077447,NA,NA
2,65,2006,2013,787.3,"M5Rules",989.605649275593,NA,NA
2,65,2006,2014,688.2,"M5Rules",920.086596473591,NA,NA
2,65,2006,2015,868.9,"M5Rules",1089.88004063489,NA,NA
2,65,2006,2016,729.5,"M5Rules",208.83097755687,NA,NA
2,65,2006,2017,967.1,"M5Rules",781.752383656888,NA,NA
2,65,2006,2018,759.6,"M5Rules",771.455320258307,NA,NA
2,65,2006,2019,816.4,"M5Rules",1180.07255907258,NA,NA
2,65,2006,2020,848.3,"M5Rules",749.031226110201,NA,NA
2,65,2006,2021,893.7,"M5Rules",1108.22925476102,NA,NA
3,66,2007,2008,780.6,"Naive",1093.4349184149,NA,NA
3,66,2007,2009,862.9,"Naive",1072.55201683887,NA,NA
3,66,2007,2010,905.8,"Naive",1051.66911526283,NA,NA
3,66,2007,2011,807.1,"Naive",1030.7862136868,NA,NA
3,66,2007,2012,649.5,"Naive",1009.90331211076,NA,NA
3,66,2007,2013,787.3,"Naive",989.020410534723,NA,NA
3,66,2007,2014,688.2,"Naive",968.137508958686,NA,NA
3,66,2007,2015,868.9,"Naive",947.25460738265,NA,NA
3,66,2007,2016,729.5,"Naive",926.371705806614,NA,NA
3,66,2007,2017,967.1,"Naive",905.488804230577,NA,NA
3,66,2007,2018,759.6,"Naive",884.605902654541,NA,NA
3,66,2007,2019,816.4,"Naive",863.723001078505,NA,NA
3,66,2007,2020,848.3,"Naive",842.840099502468,NA,NA
3,66,2007,2021,893.7,"Naive",821.957197926432,NA,NA
3,66,2007,2008,780.6,"Naive_Median",981.274092474674,NA,NA
3,66,2007,2009,862.9,"Naive_Median",960.391190898638,NA,NA
3,66,2007,2010,905.8,"Naive_Median",939.508289322601,NA,NA
3,66,2007,2011,807.1,"Naive_Median",918.625387746565,NA,NA
3,66,2007,2012,649.5,"Naive_Median",897.742486170529,NA,NA
3,66,2007,2013,787.3,"Naive_Median",876.859584594492,NA,NA
3,66,2007,2014,688.2,"Naive_Median",855.976683018456,NA,NA
3,66,2007,2015,868.9,"Naive_Median",835.09378144242,NA,NA
3,66,2007,2016,729.5,"Naive_Median",814.210879866383,NA,NA
3,66,2007,2017,967.1,"Naive_Median",793.327978290347,NA,NA
3,66,2007,2018,759.6,"Naive_Median",772.445076714311,NA,NA
3,66,2007,2019,816.4,"Naive_Median",751.562175138274,NA,NA
3,66,2007,2020,848.3,"Naive_Median",730.679273562238,NA,NA
3,66,2007,2021,893.7,"Naive_Median",709.796371986202,NA,NA
3,66,2007,2008,780.6,"Naive_MA",812.8540413318,NA,NA
3,66,2007,2009,862.9,"Naive_MA",791.971139755764,NA,NA
3,66,2007,2010,905.8,"Naive_MA",771.088238179728,NA,NA
3,66,2007,2011,807.1,"Naive_MA",750.205336603691,NA,NA
3,66,2007,2012,649.5,"Naive_MA",729.322435027655,NA,NA
3,66,2007,2013,787.3,"Naive_MA",708.439533451619,NA,NA
3,66,2007,2014,688.2,"Naive_MA",687.556631875582,NA,NA
3,66,2007,2015,868.9,"Naive_MA",666.673730299546,NA,NA
3,66,2007,2016,729.5,"Naive_MA",645.79082872351,NA,NA
3,66,2007,2017,967.1,"Naive_MA",624.907927147473,NA,NA
3,66,2007,2018,759.6,"Naive_MA",604.025025571437,NA,NA
3,66,2007,2019,816.4,"Naive_MA",583.142123995401,NA,NA
3,66,2007,2020,848.3,"Naive_MA",562.259222419364,NA,NA
3,66,2007,2021,893.7,"Naive_MA",541.376320843328,NA,NA
3,66,2007,2008,780.6,"DT",1209.39883362905,NA,NA
3,66,2007,2009,862.9,"DT",1448.50110035486,NA,NA
3,66,2007,2010,905.8,"DT",1427.61819877882,NA,NA
3,66,2007,2011,807.1,"DT",1301.11894821595,NA,NA
3,66,2007,2012,649.5,"DT",1738.96917023274,NA,NA
3,66,2007,2013,787.3,"DT",1364.96949405071,NA,NA
3,66,2007,2014,688.2,"DT",1697.20336708066,NA,NA
3,66,2007,2015,868.9,"DT",1676.32046550463,NA,NA
3,66,2007,2016,729.5,"DT",-33.2746988832287,NA,NA
3,66,2007,2017,967.1,"DT",830.85782277422,NA,NA
3,66,2007,2018,759.6,"DT",661.208419267292,NA,NA
3,66,2007,2019,816.4,"DT",789.092019622147,NA,NA
3,66,2007,2020,848.3,"DT",1218.78918301846,NA,NA
3,66,2007,2021,893.7,"DT",747.326216470075,NA,NA
3,66,2007,2008,780.6,"Ripper",1235.78202653688,1132.7746206109,1338.78943246287
3,66,2007,2009,862.9,"Ripper",378.361200046645,228.86755083926,527.85484925403
3,66,2007,2010,905.8,"Ripper",357.478298470609,207.984649263224,506.971947677993
3,66,2007,2011,807.1,"Ripper",336.595396894572,187.101747687188,486.089046101957
3,66,2007,2012,649.5,"Ripper",315.712495318536,166.218846111151,465.206144525921
3,66,2007,2013,787.3,"Ripper",294.8295937425,145.335944535115,444.323242949884
3,66,2007,2014,688.2,"Ripper",273.946692166463,124.453042959079,423.440341373848
3,66,2007,2015,868.9,"Ripper",253.063790590427,103.570141383043,402.557439797812
3,66,2007,2016,729.5,"Ripper",232.180889014391,82.6872398070062,381.674538221775
3,66,2007,2017,967.1,"Ripper",1047.83591235256,944.828506426568,1150.84331827854
3,66,2007,2018,759.6,"Ripper",190.415085862318,40.9214366549336,339.908735069703
3,66,2007,2019,816.4,"Ripper",169.532184286282,20.0385350788972,319.025833493666
3,66,2007,2020,848.3,"Ripper",148.649282710246,-0.844366497139049,298.14293191763
3,66,2007,2021,893.7,"Ripper",127.766381134209,-21.7272680731754,277.260030341594
3,66,2007,2008,780.6,"CarenR_Dist",637.920012263842,NA,NA
3,66,2007,2009,862.9,"CarenR_Dist",581.048962529984,NA,NA
3,66,2007,2010,905.8,"CarenR_Dist",560.166060953948,NA,NA
3,66,2007,2011,807.1,"CarenR_Dist",610.531416446673,NA,NA
3,66,2007,2012,649.5,"CarenR_Dist",518.400257801875,NA,NA
3,66,2007,2013,787.3,"CarenR_Dist",512.460102285748,NA,NA
3,66,2007,2014,688.2,"CarenR_Dist",504.535227928449,NA,NA
3,66,2007,2015,868.9,"CarenR_Dist",511.917976836585,NA,NA
3,66,2007,2016,729.5,"CarenR_Dist",451.086115537302,NA,NA
3,66,2007,2017,967.1,"CarenR_Dist",443.830227283151,NA,NA
3,66,2007,2018,759.6,"CarenR_Dist",431.266201378275,NA,NA
3,66,2007,2019,816.4,"CarenR_Dist",443.468203838382,NA,NA
3,66,2007,2020,848.3,"CarenR_Dist",730.679273562238,NA,NA
3,66,2007,2021,893.7,"CarenR_Dist",401.702400686309,NA,NA
3,66,2007,2008,780.6,"CarenR_Dist_FS",981.274092474674,NA,NA
3,66,2007,2009,862.9,"CarenR_Dist_FS",960.391190898638,NA,NA
3,66,2007,2010,905.8,"CarenR_Dist_FS",939.508289322601,NA,NA
3,66,2007,2011,807.1,"CarenR_Dist_FS",918.625387746565,NA,NA
3,66,2007,2012,649.5,"CarenR_Dist_FS",897.742486170529,NA,NA
3,66,2007,2013,787.3,"CarenR_Dist_FS",876.859584594492,NA,NA
3,66,2007,2014,688.2,"CarenR_Dist_FS",320.316320843328,NA,NA
3,66,2007,2015,868.9,"CarenR_Dist_FS",835.09378144242,NA,NA
3,66,2007,2016,729.5,"CarenR_Dist_FS",278.550517691255,NA,NA
3,66,2007,2017,967.1,"CarenR_Dist_FS",257.667616115219,NA,NA
3,66,2007,2018,759.6,"CarenR_Dist_FS",772.445076714311,NA,NA
3,66,2007,2019,816.4,"CarenR_Dist_FS",751.562175138274,NA,NA
3,66,2007,2020,848.3,"CarenR_Dist_FS",730.679273562238,NA,NA
3,66,2007,2021,893.7,"CarenR_Dist_FS",709.796371986202,NA,NA
3,66,2007,2008,780.6,"CarenR_Dist_Thresh",981.274092474674,NA,NA
3,66,2007,2009,862.9,"CarenR_Dist_Thresh",960.391190898638,NA,NA
3,66,2007,2010,905.8,"CarenR_Dist_Thresh",939.508289322601,NA,NA
3,66,2007,2011,807.1,"CarenR_Dist_Thresh",918.625387746565,NA,NA
3,66,2007,2012,649.5,"CarenR_Dist_Thresh",897.742486170529,NA,NA
3,66,2007,2013,787.3,"CarenR_Dist_Thresh",876.859584594492,NA,NA
3,66,2007,2014,688.2,"CarenR_Dist_Thresh",320.316320843328,NA,NA
3,66,2007,2015,868.9,"CarenR_Dist_Thresh",835.09378144242,NA,NA
3,66,2007,2016,729.5,"CarenR_Dist_Thresh",278.550517691255,NA,NA
3,66,2007,2017,967.1,"CarenR_Dist_Thresh",257.667616115219,NA,NA
3,66,2007,2018,759.6,"CarenR_Dist_Thresh",772.445076714311,NA,NA
3,66,2007,2019,816.4,"CarenR_Dist_Thresh",751.562175138274,NA,NA
3,66,2007,2020,848.3,"CarenR_Dist_Thresh",730.679273562238,NA,NA
3,66,2007,2021,893.7,"CarenR_Dist_Thresh",709.796371986202,NA,NA
3,66,2007,2008,780.6,"CarenR_Dist_Sup",981.274092474674,NA,NA
3,66,2007,2009,862.9,"CarenR_Dist_Sup",960.391190898638,NA,NA
3,66,2007,2010,905.8,"CarenR_Dist_Sup",939.508289322601,NA,NA
3,66,2007,2011,807.1,"CarenR_Dist_Sup",918.625387746565,NA,NA
3,66,2007,2012,649.5,"CarenR_Dist_Sup",897.742486170529,NA,NA
3,66,2007,2013,787.3,"CarenR_Dist_Sup",876.859584594492,NA,NA
3,66,2007,2014,688.2,"CarenR_Dist_Sup",553.239377935491,NA,NA
3,66,2007,2015,868.9,"CarenR_Dist_Sup",835.09378144242,NA,NA
3,66,2007,2016,729.5,"CarenR_Dist_Sup",511.473574783419,NA,NA
3,66,2007,2017,967.1,"CarenR_Dist_Sup",490.590673207382,NA,NA
3,66,2007,2018,759.6,"CarenR_Dist_Sup",469.707771631346,NA,NA
3,66,2007,2019,816.4,"CarenR_Dist_Sup",751.562175138274,NA,NA
3,66,2007,2020,848.3,"CarenR_Dist_Sup",730.679273562238,NA,NA
3,66,2007,2021,893.7,"CarenR_Dist_Sup",709.796371986202,NA,NA
3,66,2007,2008,780.6,"CarenR_Dist_Sup_Thresh",981.274092474674,NA,NA
3,66,2007,2009,862.9,"CarenR_Dist_Sup_Thresh",960.391190898638,NA,NA
3,66,2007,2010,905.8,"CarenR_Dist_Sup_Thresh",939.508289322601,NA,NA
3,66,2007,2011,807.1,"CarenR_Dist_Sup_Thresh",918.625387746565,NA,NA
3,66,2007,2012,649.5,"CarenR_Dist_Sup_Thresh",897.742486170529,NA,NA
3,66,2007,2013,787.3,"CarenR_Dist_Sup_Thresh",876.859584594492,NA,NA
3,66,2007,2014,688.2,"CarenR_Dist_Sup_Thresh",855.976683018456,NA,NA
3,66,2007,2015,868.9,"CarenR_Dist_Sup_Thresh",835.09378144242,NA,NA
3,66,2007,2016,729.5,"CarenR_Dist_Sup_Thresh",814.210879866383,NA,NA
3,66,2007,2017,967.1,"CarenR_Dist_Sup_Thresh",793.327978290347,NA,NA
3,66,2007,2018,759.6,"CarenR_Dist_Sup_Thresh",772.445076714311,NA,NA
3,66,2007,2019,816.4,"CarenR_Dist_Sup_Thresh",751.562175138274,NA,NA
3,66,2007,2020,848.3,"CarenR_Dist_Sup_Thresh",730.679273562238,NA,NA
3,66,2007,2021,893.7,"CarenR_Dist_Sup_Thresh",709.796371986202,NA,NA
3,66,2007,2008,780.6,"CarenR_Dist_Eta2",981.274092474674,NA,NA
3,66,2007,2009,862.9,"CarenR_Dist_Eta2",960.391190898638,NA,NA
3,66,2007,2010,905.8,"CarenR_Dist_Eta2",939.508289322601,NA,NA
3,66,2007,2011,807.1,"CarenR_Dist_Eta2",918.625387746565,NA,NA
3,66,2007,2012,649.5,"CarenR_Dist_Eta2",897.742486170529,NA,NA
3,66,2007,2013,787.3,"CarenR_Dist_Eta2",876.859584594492,NA,NA
3,66,2007,2014,688.2,"CarenR_Dist_Eta2",320.316320843328,NA,NA
3,66,2007,2015,868.9,"CarenR_Dist_Eta2",835.09378144242,NA,NA
3,66,2007,2016,729.5,"CarenR_Dist_Eta2",278.550517691255,NA,NA
3,66,2007,2017,967.1,"CarenR_Dist_Eta2",257.667616115219,NA,NA
3,66,2007,2018,759.6,"CarenR_Dist_Eta2",772.445076714311,NA,NA
3,66,2007,2019,816.4,"CarenR_Dist_Eta2",751.562175138274,NA,NA
3,66,2007,2020,848.3,"CarenR_Dist_Eta2",730.679273562238,NA,NA
3,66,2007,2021,893.7,"CarenR_Dist_Eta2",709.796371986202,NA,NA
3,66,2007,2008,780.6,"CarenR_Dist_Lag",981.274092474674,NA,NA
3,66,2007,2009,862.9,"CarenR_Dist_Lag",960.391190898638,NA,NA
3,66,2007,2010,905.8,"CarenR_Dist_Lag",939.508289322601,NA,NA
3,66,2007,2011,807.1,"CarenR_Dist_Lag",918.625387746565,NA,NA
3,66,2007,2012,649.5,"CarenR_Dist_Lag",897.742486170529,NA,NA
3,66,2007,2013,787.3,"CarenR_Dist_Lag",876.859584594492,NA,NA
3,66,2007,2014,688.2,"CarenR_Dist_Lag",320.316320843328,NA,NA
3,66,2007,2015,868.9,"CarenR_Dist_Lag",835.09378144242,NA,NA
3,66,2007,2016,729.5,"CarenR_Dist_Lag",278.550517691255,NA,NA
3,66,2007,2017,967.1,"CarenR_Dist_Lag",257.667616115219,NA,NA
3,66,2007,2018,759.6,"CarenR_Dist_Lag",772.445076714311,NA,NA
3,66,2007,2019,816.4,"CarenR_Dist_Lag",751.562175138274,NA,NA
3,66,2007,2020,848.3,"CarenR_Dist_Lag",730.679273562238,NA,NA
3,66,2007,2021,893.7,"CarenR_Dist_Lag",709.796371986202,NA,NA
3,66,2007,2008,780.6,"CarenR_Dist_Conf",981.274092474674,NA,NA
3,66,2007,2009,862.9,"CarenR_Dist_Conf",960.391190898638,NA,NA
3,66,2007,2010,905.8,"CarenR_Dist_Conf",939.508289322601,NA,NA
3,66,2007,2011,807.1,"CarenR_Dist_Conf",918.625387746565,NA,NA
3,66,2007,2012,649.5,"CarenR_Dist_Conf",897.742486170529,NA,NA
3,66,2007,2013,787.3,"CarenR_Dist_Conf",876.859584594492,NA,NA
3,66,2007,2014,688.2,"CarenR_Dist_Conf",855.976683018456,NA,NA
3,66,2007,2015,868.9,"CarenR_Dist_Conf",835.09378144242,NA,NA
3,66,2007,2016,729.5,"CarenR_Dist_Conf",814.210879866383,NA,NA
3,66,2007,2017,967.1,"CarenR_Dist_Conf",793.327978290347,NA,NA
3,66,2007,2018,759.6,"CarenR_Dist_Conf",772.445076714311,NA,NA
3,66,2007,2019,816.4,"CarenR_Dist_Conf",751.562175138274,NA,NA
3,66,2007,2020,848.3,"CarenR_Dist_Conf",730.679273562238,NA,NA
3,66,2007,2021,893.7,"CarenR_Dist_Conf",709.796371986202,NA,NA
3,66,2007,2008,780.6,"CarenR_Dist_Stack",963.356863937943,NA,NA
3,66,2007,2009,862.9,"CarenR_Dist_Stack",985.350661063539,NA,NA
3,66,2007,2010,905.8,"CarenR_Dist_Stack",905.714349574097,NA,NA
3,66,2007,2011,807.1,"CarenR_Dist_Stack",912.356778210868,NA,NA
3,66,2007,2012,649.5,"CarenR_Dist_Stack",870.191167519395,NA,NA
3,66,2007,2013,787.3,"CarenR_Dist_Stack",886.987537989849,NA,NA
3,66,2007,2014,688.2,"CarenR_Dist_Stack",869.838331746932,NA,NA
3,66,2007,2015,868.9,"CarenR_Dist_Stack",828.525071919086,NA,NA
3,66,2007,2016,729.5,"CarenR_Dist_Stack",830.485232494708,NA,NA
3,66,2007,2017,967.1,"CarenR_Dist_Stack",758.127387804544,NA,NA
3,66,2007,2018,759.6,"CarenR_Dist_Stack",825.420674702238,NA,NA
3,66,2007,2019,816.4,"CarenR_Dist_Stack",756.159553656712,NA,NA
3,66,2007,2020,848.3,"CarenR_Dist_Stack",847.907659136694,NA,NA
3,66,2007,2021,893.7,"CarenR_Dist_Stack",751.91503485488,NA,NA
3,66,2007,2008,780.6,"CarenR_Dist_Sup_FS",981.274092474674,NA,NA
3,66,2007,2009,862.9,"CarenR_Dist_Sup_FS",960.391190898638,NA,NA
3,66,2007,2010,905.8,"CarenR_Dist_Sup_FS",939.508289322601,NA,NA
3,66,2007,2011,807.1,"CarenR_Dist_Sup_FS",918.625387746565,NA,NA
3,66,2007,2012,649.5,"CarenR_Dist_Sup_FS",897.742486170529,NA,NA
3,66,2007,2013,787.3,"CarenR_Dist_Sup_FS",876.859584594492,NA,NA
3,66,2007,2014,688.2,"CarenR_Dist_Sup_FS",855.976683018456,NA,NA
3,66,2007,2015,868.9,"CarenR_Dist_Sup_FS",835.09378144242,NA,NA
3,66,2007,2016,729.5,"CarenR_Dist_Sup_FS",814.210879866383,NA,NA
3,66,2007,2017,967.1,"CarenR_Dist_Sup_FS",793.327978290347,NA,NA
3,66,2007,2018,759.6,"CarenR_Dist_Sup_FS",772.445076714311,NA,NA
3,66,2007,2019,816.4,"CarenR_Dist_Sup_FS",751.562175138274,NA,NA
3,66,2007,2020,848.3,"CarenR_Dist_Sup_FS",730.679273562238,NA,NA
3,66,2007,2021,893.7,"CarenR_Dist_Sup_FS",709.796371986202,NA,NA
3,66,2007,2008,780.6,"CarenR_Supervised",1533.14455902306,NA,NA
3,66,2007,2009,862.9,"CarenR_Supervised",649.519688967746,NA,NA
3,66,2007,2010,905.8,"CarenR_Supervised",1484.12409247467,NA,NA
3,66,2007,2011,807.1,"CarenR_Supervised",918.625387746565,NA,NA
3,66,2007,2012,649.5,"CarenR_Supervised",897.742486170529,NA,NA
3,66,2007,2013,787.3,"CarenR_Supervised",1418.54410636028,NA,NA
3,66,2007,2014,688.2,"CarenR_Supervised",545.105181087564,NA,NA
3,66,2007,2015,868.9,"CarenR_Supervised",1437.10837723244,NA,NA
3,66,2007,2016,729.5,"CarenR_Supervised",1358.82668301846,NA,NA
3,66,2007,2017,967.1,"CarenR_Supervised",793.327978290347,NA,NA
3,66,2007,2018,759.6,"CarenR_Supervised",892.944559023055,NA,NA
3,66,2007,2019,816.4,"CarenR_Supervised",751.562175138274,NA,NA
3,66,2007,2020,848.3,"CarenR_Supervised",1261.21841725436,NA,NA
3,66,2007,2021,893.7,"CarenR_Supervised",709.796371986202,NA,NA
3,66,2007,2008,780.6,"M5Rules",1233.36405684349,NA,NA
3,66,2007,2009,862.9,"M5Rules",678.427004638618,NA,NA
3,66,2007,2010,905.8,"M5Rules",911.913068916864,NA,NA
3,66,2007,2011,807.1,"M5Rules",1053.05347228359,NA,NA
3,66,2007,2012,649.5,"M5Rules",201.269541414783,NA,NA
3,66,2007,2013,787.3,"M5Rules",748.756083579966,NA,NA
3,66,2007,2014,688.2,"M5Rules",590.573472387486,NA,NA
3,66,2007,2015,868.9,"M5Rules",1523.6618559034,NA,NA
3,66,2007,2016,729.5,"M5Rules",586.277953740408,NA,NA
3,66,2007,2017,967.1,"M5Rules",703.060176326628,NA,NA
3,66,2007,2018,759.6,"M5Rules",659.646598986236,NA,NA
3,66,2007,2019,816.4,"M5Rules",1110.9993452147,NA,NA
3,66,2007,2020,848.3,"M5Rules",685.900522634394,NA,NA
3,66,2007,2021,893.7,"M5Rules",616.41941425939,NA,NA
4,67,2008,2009,862.9,"Naive",1053.87530529172,NA,NA
4,67,2008,2010,905.8,"Naive",1032.58041743155,NA,NA
4,67,2008,2011,807.1,"Naive",1011.28552957139,NA,NA
4,67,2008,2012,649.5,"Naive",989.990641711225,NA,NA
4,67,2008,2013,787.3,"Naive",968.695753851061,NA,NA
4,67,2008,2014,688.2,"Naive",947.400865990896,NA,NA
4,67,2008,2015,868.9,"Naive",926.105978130732,NA,NA
4,67,2008,2016,729.5,"Naive",904.811090270567,NA,NA
4,67,2008,2017,967.1,"Naive",883.516202410402,NA,NA
4,67,2008,2018,759.6,"Naive",862.221314550238,NA,NA
4,67,2008,2019,816.4,"Naive",840.926426690073,NA,NA
4,67,2008,2020,848.3,"Naive",819.631538829909,NA,NA
4,67,2008,2021,893.7,"Naive",798.336650969744,NA,NA
4,67,2008,2009,862.9,"Naive_Median",930.419822012924,NA,NA
4,67,2008,2010,905.8,"Naive_Median",909.12493415276,NA,NA
4,67,2008,2011,807.1,"Naive_Median",887.830046292595,NA,NA
4,67,2008,2012,649.5,"Naive_Median",866.535158432431,NA,NA
4,67,2008,2013,787.3,"Naive_Median",845.240270572266,NA,NA
4,67,2008,2014,688.2,"Naive_Median",823.945382712102,NA,NA
4,67,2008,2015,868.9,"Naive_Median",802.650494851937,NA,NA
4,67,2008,2016,729.5,"Naive_Median",781.355606991773,NA,NA
4,67,2008,2017,967.1,"Naive_Median",760.060719131608,NA,NA
4,67,2008,2018,759.6,"Naive_Median",738.765831271444,NA,NA
4,67,2008,2019,816.4,"Naive_Median",717.470943411279,NA,NA
4,67,2008,2020,848.3,"Naive_Median",696.176055551114,NA,NA
4,67,2008,2021,893.7,"Naive_Median",674.88116769095,NA,NA
4,67,2008,2009,862.9,"Naive_MA",829.518116769095,NA,NA
4,67,2008,2010,905.8,"Naive_MA",808.22322890893,NA,NA
4,67,2008,2011,807.1,"Naive_MA",786.928341048766,NA,NA
4,67,2008,2012,649.5,"Naive_MA",765.633453188601,NA,NA
4,67,2008,2013,787.3,"Naive_MA",744.338565328437,NA,NA
4,67,2008,2014,688.2,"Naive_MA",723.043677468272,NA,NA
4,67,2008,2015,868.9,"Naive_MA",701.748789608108,NA,NA
4,67,2008,2016,729.5,"Naive_MA",680.453901747943,NA,NA
4,67,2008,2017,967.1,"Naive_MA",659.159013887779,NA,NA
4,67,2008,2018,759.6,"Naive_MA",637.864126027614,NA,NA
4,67,2008,2019,816.4,"Naive_MA",616.56923816745,NA,NA
4,67,2008,2020,848.3,"Naive_MA",595.274350307285,NA,NA
4,67,2008,2021,893.7,"Naive_MA",573.97946244712,NA,NA
4,67,2008,2009,862.9,"DT",1435.52353240482,NA,NA
4,67,2008,2010,905.8,"DT",1414.22864454465,NA,NA
4,67,2008,2011,807.1,"DT",1287.58225602316,NA,NA
4,67,2008,2012,649.5,"DT",1724.65264685928,NA,NA
4,67,2008,2013,787.3,"DT",1350.34398096416,NA,NA
4,67,2008,2014,688.2,"DT",1682.06287113895,NA,NA
4,67,2008,2015,868.9,"DT",1660.76798327879,NA,NA
4,67,2008,2016,729.5,"DT",-54.7666500385837,NA,NA
4,67,2008,2017,967.1,"DT",680.966059106504,NA,NA
4,67,2008,2018,759.6,"DT",653.174686726791,NA,NA
4,67,2008,2019,816.4,"DT",384.098874040791,NA,NA
4,67,2008,2020,848.3,"DT",1201.27976594301,NA,NA
4,67,2008,2021,893.7,"DT",595.786507665846,NA,NA
4,67,2008,2009,862.9,"Ripper",827.809950796501,791.781945074803,863.8379565182
4,67,2008,2010,905.8,"Ripper",806.515062936337,770.487057214639,842.543068658035
4,67,2008,2011,807.1,"Ripper",785.220175076172,749.192169354474,821.24818079787
4,67,2008,2012,649.5,"Ripper",1137.93389685928,1034.99362958893,1240.87416412963
4,67,2008,2013,787.3,"Ripper",1746.39916781302,1575.48309145704,1917.315244169
4,67,2008,2014,688.2,"Ripper",721.335511495679,685.30750577398,757.363517217377
4,67,2008,2015,868.9,"Ripper",1703.80939209269,1532.89331573671,1874.72546844867
4,67,2008,2016,729.5,"Ripper",678.74573577535,642.717730053651,714.773741497048
4,67,2008,2017,967.1,"Ripper",192.637432216076,41.3076888654032,343.96717556675
4,67,2008,2018,759.6,"Ripper",636.15596005502,600.127954333322,672.183965776719
4,67,2008,2019,816.4,"Ripper",614.861072194856,578.833066473158,650.889077916554
4,67,2008,2020,848.3,"Ripper",593.566184334691,557.538178612993,629.59419005639
4,67,2008,2021,893.7,"Ripper",572.271296474527,536.243290752829,608.299302196225
4,67,2008,2009,862.9,"CarenR_Dist",558.183723760868,NA,NA
4,67,2008,2010,905.8,"CarenR_Dist",536.888835900703,NA,NA
4,67,2008,2011,807.1,"CarenR_Dist",606.542183402797,NA,NA
4,67,2008,2012,649.5,"CarenR_Dist",494.299060180374,NA,NA
4,67,2008,2013,787.3,"CarenR_Dist",567.626525770553,NA,NA
4,67,2008,2014,688.2,"CarenR_Dist",526.684646360166,NA,NA
4,67,2008,2015,868.9,"CarenR_Dist",518.118840150985,NA,NA
4,67,2008,2016,729.5,"CarenR_Dist",482.587722568146,NA,NA
4,67,2008,2017,967.1,"CarenR_Dist",460.084367595419,NA,NA
4,67,2008,2018,759.6,"CarenR_Dist",455.003383989141,NA,NA
4,67,2008,2019,816.4,"CarenR_Dist",436.183080521481,NA,NA
4,67,2008,2020,848.3,"CarenR_Dist",696.176055551114,NA,NA
4,67,2008,2021,893.7,"CarenR_Dist",393.593304801152,NA,NA
4,67,2008,2009,862.9,"CarenR_Dist_FS",930.419822012924,NA,NA
4,67,2008,2010,905.8,"CarenR_Dist_FS",909.12493415276,NA,NA
4,67,2008,2011,807.1,"CarenR_Dist_FS",887.830046292595,NA,NA
4,67,2008,2012,649.5,"CarenR_Dist_FS",866.535158432431,NA,NA
4,67,2008,2013,787.3,"CarenR_Dist_FS",845.240270572266,NA,NA
4,67,2008,2014,688.2,"CarenR_Dist_FS",515.813988187402,NA,NA
4,67,2008,2015,868.9,"CarenR_Dist_FS",802.650494851937,NA,NA
4,67,2008,2016,729.5,"CarenR_Dist_FS",473.224212467073,NA,NA
4,67,2008,2017,967.1,"CarenR_Dist_FS",451.929324606909,NA,NA
4,67,2008,2018,759.6,"CarenR_Dist_FS",509.264363972877,NA,NA
4,67,2008,2019,816.4,"CarenR_Dist_FS",717.470943411279,NA,NA
4,67,2008,2020,848.3,"CarenR_Dist_FS",696.176055551114,NA,NA
4,67,2008,2021,893.7,"CarenR_Dist_FS",674.88116769095,NA,NA
4,67,2008,2009,862.9,"CarenR_Dist_Thresh",930.419822012924,NA,NA
4,67,2008,2010,905.8,"CarenR_Dist_Thresh",909.12493415276,NA,NA
4,67,2008,2011,807.1,"CarenR_Dist_Thresh",887.830046292595,NA,NA
4,67,2008,2012,649.5,"CarenR_Dist_Thresh",866.535158432431,NA,NA
4,67,2008,2013,787.3,"CarenR_Dist_Thresh",845.240270572266,NA,NA
4,67,2008,2014,688.2,"CarenR_Dist_Thresh",504.691054051894,NA,NA
4,67,2008,2015,868.9,"CarenR_Dist_Thresh",802.650494851937,NA,NA
4,67,2008,2016,729.5,"CarenR_Dist_Thresh",462.101278331564,NA,NA
4,67,2008,2017,967.1,"CarenR_Dist_Thresh",440.8063904714,NA,NA
4,67,2008,2018,759.6,"CarenR_Dist_Thresh",536.378924894241,NA,NA
4,67,2008,2019,816.4,"CarenR_Dist_Thresh",717.470943411279,NA,NA
4,67,2008,2020,848.3,"CarenR_Dist_Thresh",696.176055551114,NA,NA
4,67,2008,2021,893.7,"CarenR_Dist_Thresh",674.88116769095,NA,NA
4,67,2008,2009,862.9,"CarenR_Dist_Sup",930.419822012924,NA,NA
4,67,2008,2010,905.8,"CarenR_Dist_Sup",909.12493415276,NA,NA
4,67,2008,2011,807.1,"CarenR_Dist_Sup",887.830046292595,NA,NA
4,67,2008,2012,649.5,"CarenR_Dist_Sup",866.535158432431,NA,NA
4,67,2008,2013,787.3,"CarenR_Dist_Sup",845.240270572266,NA,NA
4,67,2008,2014,688.2,"CarenR_Dist_Sup",586.198816473052,NA,NA
4,67,2008,2015,868.9,"CarenR_Dist_Sup",802.650494851937,NA,NA
4,67,2008,2016,729.5,"CarenR_Dist_Sup",543.609040752723,NA,NA
4,67,2008,2017,967.1,"CarenR_Dist_Sup",522.314152892559,NA,NA
4,67,2008,2018,759.6,"CarenR_Dist_Sup",501.019265032394,NA,NA
4,67,2008,2019,816.4,"CarenR_Dist_Sup",717.470943411279,NA,NA
4,67,2008,2020,848.3,"CarenR_Dist_Sup",696.176055551114,NA,NA
4,67,2008,2021,893.7,"CarenR_Dist_Sup",674.88116769095,NA,NA
4,67,2008,2009,862.9,"CarenR_Dist_Sup_Thresh",930.419822012924,NA,NA
4,67,2008,2010,905.8,"CarenR_Dist_Sup_Thresh",909.12493415276,NA,NA
4,67,2008,2011,807.1,"CarenR_Dist_Sup_Thresh",887.830046292595,NA,NA
4,67,2008,2012,649.5,"CarenR_Dist_Sup_Thresh",866.535158432431,NA,NA
4,67,2008,2013,787.3,"CarenR_Dist_Sup_Thresh",845.240270572266,NA,NA
4,67,2008,2014,688.2,"CarenR_Dist_Sup_Thresh",621.558476334899,NA,NA
4,67,2008,2015,868.9,"CarenR_Dist_Sup_Thresh",802.650494851937,NA,NA
4,67,2008,2016,729.5,"CarenR_Dist_Sup_Thresh",578.96870061457,NA,NA
4,67,2008,2017,967.1,"CarenR_Dist_Sup_Thresh",557.673812754405,NA,NA
4,67,2008,2018,759.6,"CarenR_Dist_Sup_Thresh",536.378924894241,NA,NA
4,67,2008,2019,816.4,"CarenR_Dist_Sup_Thresh",717.470943411279,NA,NA
4,67,2008,2020,848.3,"CarenR_Dist_Sup_Thresh",696.176055551114,NA,NA
4,67,2008,2021,893.7,"CarenR_Dist_Sup_Thresh",674.88116769095,NA,NA
4,67,2008,2009,862.9,"CarenR_Dist_Eta2",930.419822012924,NA,NA
4,67,2008,2010,905.8,"CarenR_Dist_Eta2",909.12493415276,NA,NA
4,67,2008,2011,807.1,"CarenR_Dist_Eta2",887.830046292595,NA,NA
4,67,2008,2012,649.5,"CarenR_Dist_Eta2",866.535158432431,NA,NA
4,67,2008,2013,787.3,"CarenR_Dist_Eta2",845.240270572266,NA,NA
4,67,2008,2014,688.2,"CarenR_Dist_Eta2",515.813988187402,NA,NA
4,67,2008,2015,868.9,"CarenR_Dist_Eta2",802.650494851937,NA,NA
4,67,2008,2016,729.5,"CarenR_Dist_Eta2",473.224212467073,NA,NA
4,67,2008,2017,967.1,"CarenR_Dist_Eta2",451.929324606909,NA,NA
4,67,2008,2018,759.6,"CarenR_Dist_Eta2",536.378924894241,NA,NA
4,67,2008,2019,816.4,"CarenR_Dist_Eta2",717.470943411279,NA,NA
4,67,2008,2020,848.3,"CarenR_Dist_Eta2",696.176055551114,NA,NA
4,67,2008,2021,893.7,"CarenR_Dist_Eta2",674.88116769095,NA,NA
4,67,2008,2009,862.9,"CarenR_Dist_Lag",930.419822012924,NA,NA
4,67,2008,2010,905.8,"CarenR_Dist_Lag",909.12493415276,NA,NA
4,67,2008,2011,807.1,"CarenR_Dist_Lag",887.830046292595,NA,NA
4,67,2008,2012,649.5,"CarenR_Dist_Lag",866.535158432431,NA,NA
4,67,2008,2013,787.3,"CarenR_Dist_Lag",845.240270572266,NA,NA
4,67,2008,2014,688.2,"CarenR_Dist_Lag",456.422847992655,NA,NA
4,67,2008,2015,868.9,"CarenR_Dist_Lag",802.650494851937,NA,NA
4,67,2008,2016,729.5,"CarenR_Dist_Lag",270.104798866627,NA,NA
4,67,2008,2017,967.1,"CarenR_Dist_Lag",248.809911006462,NA,NA
4,67,2008,2018,759.6,"CarenR_Dist_Lag",738.765831271444,NA,NA
4,67,2008,2019,816.4,"CarenR_Dist_Lag",717.470943411279,NA,NA
4,67,2008,2020,848.3,"CarenR_Dist_Lag",696.176055551114,NA,NA
4,67,2008,2021,893.7,"CarenR_Dist_Lag",674.88116769095,NA,NA
4,67,2008,2009,862.9,"CarenR_Dist_Conf",930.419822012924,NA,NA
4,67,2008,2010,905.8,"CarenR_Dist_Conf",909.12493415276,NA,NA
4,67,2008,2011,807.1,"CarenR_Dist_Conf",887.830046292595,NA,NA
4,67,2008,2012,649.5,"CarenR_Dist_Conf",866.535158432431,NA,NA
4,67,2008,2013,787.3,"CarenR_Dist_Conf",845.240270572266,NA,NA
4,67,2008,2014,688.2,"CarenR_Dist_Conf",621.558476334899,NA,NA
4,67,2008,2015,868.9,"CarenR_Dist_Conf",802.650494851937,NA,NA
4,67,2008,2016,729.5,"CarenR_Dist_Conf",578.96870061457,NA,NA
4,67,2008,2017,967.1,"CarenR_Dist_Conf",557.673812754405,NA,NA
4,67,2008,2018,759.6,"CarenR_Dist_Conf",536.378924894241,NA,NA
4,67,2008,2019,816.4,"CarenR_Dist_Conf",717.470943411279,NA,NA
4,67,2008,2020,848.3,"CarenR_Dist_Conf",696.176055551114,NA,NA
4,67,2008,2021,893.7,"CarenR_Dist_Conf",674.88116769095,NA,NA
4,67,2008,2009,862.9,"CarenR_Dist_Stack",1138.01351532946,NA,NA
4,67,2008,2010,905.8,"CarenR_Dist_Stack",1059.71751809373,NA,NA
4,67,2008,2011,807.1,"CarenR_Dist_Stack",1065.14039376104,NA,NA
4,67,2008,2012,649.5,"CarenR_Dist_Stack",1032.94067047885,NA,NA
4,67,2008,2013,787.3,"CarenR_Dist_Stack",1044.74281399871,NA,NA
4,67,2008,2014,688.2,"CarenR_Dist_Stack",573.007230855761,NA,NA
4,67,2008,2015,868.9,"CarenR_Dist_Stack",977.875870226998,NA,NA
4,67,2008,2016,729.5,"CarenR_Dist_Stack",533.847825636791,NA,NA
4,67,2008,2017,967.1,"CarenR_Dist_Stack",468.242526031614,NA,NA
4,67,2008,2018,759.6,"CarenR_Dist_Stack",526.983076714129,NA,NA
4,67,2008,2019,816.4,"CarenR_Dist_Stack",910.969267457859,NA,NA
4,67,2008,2020,848.3,"CarenR_Dist_Stack",991.910806741006,NA,NA
4,67,2008,2021,893.7,"CarenR_Dist_Stack",901.967916152094,NA,NA
4,67,2008,2009,862.9,"CarenR_Dist_Sup_FS",930.419822012924,NA,NA
4,67,2008,2010,905.8,"CarenR_Dist_Sup_FS",909.12493415276,NA,NA
4,67,2008,2011,807.1,"CarenR_Dist_Sup_FS",887.830046292595,NA,NA
4,67,2008,2012,649.5,"CarenR_Dist_Sup_FS",866.535158432431,NA,NA
4,67,2008,2013,787.3,"CarenR_Dist_Sup_FS",845.240270572266,NA,NA
4,67,2008,2014,688.2,"CarenR_Dist_Sup_FS",621.558476334899,NA,NA
4,67,2008,2015,868.9,"CarenR_Dist_Sup_FS",802.650494851937,NA,NA
4,67,2008,2016,729.5,"CarenR_Dist_Sup_FS",578.96870061457,NA,NA
4,67,2008,2017,967.1,"CarenR_Dist_Sup_FS",557.673812754405,NA,NA
4,67,2008,2018,759.6,"CarenR_Dist_Sup_FS",536.378924894241,NA,NA
4,67,2008,2019,816.4,"CarenR_Dist_Sup_FS",717.470943411279,NA,NA
4,67,2008,2020,848.3,"CarenR_Dist_Sup_FS",696.176055551114,NA,NA
4,67,2008,2021,893.7,"CarenR_Dist_Sup_FS",674.88116769095,NA,NA
4,67,2008,2009,862.9,"CarenR_Supervised",1271.28701226058,NA,NA
4,67,2008,2010,905.8,"CarenR_Supervised",1475.83160393601,NA,NA
4,67,2008,2011,807.1,"CarenR_Supervised",1487.39634798487,NA,NA
4,67,2008,2012,649.5,"CarenR_Supervised",866.535158432431,NA,NA
4,67,2008,2013,787.3,"CarenR_Supervised",1423.18641382761,NA,NA
4,67,2008,2014,688.2,"CarenR_Supervised",540.161345678025,NA,NA
4,67,2008,2015,868.9,"CarenR_Supervised",1418.54611313973,NA,NA
4,67,2008,2016,729.5,"CarenR_Supervised",1348.06227677502,NA,NA
4,67,2008,2017,967.1,"CarenR_Supervised",1311.56870061457,NA,NA
4,67,2008,2018,759.6,"CarenR_Supervised",454.981794237367,NA,NA
4,67,2008,2019,816.4,"CarenR_Supervised",1317.03724510355,NA,NA
4,67,2008,2020,848.3,"CarenR_Supervised",1244.76049315331,NA,NA
4,67,2008,2021,893.7,"CarenR_Supervised",1275.97605555111,NA,NA
4,67,2008,2009,862.9,"M5Rules",958.125114657148,NA,NA
4,67,2008,2010,905.8,"M5Rules",975.126794712714,NA,NA
4,67,2008,2011,807.1,"M5Rules",1040.4052814809,NA,NA
4,67,2008,2012,649.5,"M5Rules",833.207174801427,NA,NA
4,67,2008,2013,787.3,"M5Rules",737.08226432185,NA,NA
4,67,2008,2014,688.2,"M5Rules",849.454113433763,NA,NA
4,67,2008,2015,868.9,"M5Rules",1502.533453386,NA,NA
4,67,2008,2016,729.5,"M5Rules",551.148834791101,NA,NA
4,67,2008,2017,967.1,"M5Rules",764.200424613013,NA,NA
4,67,2008,2018,759.6,"M5Rules",943.833197728856,NA,NA
4,67,2008,2019,816.4,"M5Rules",1092.52066657433,NA,NA
4,67,2008,2020,848.3,"M5Rules",880.050865624265,NA,NA
4,67,2008,2021,893.7,"M5Rules",602.329903968792,NA,NA
5,68,2009,2010,905.8,"Naive",1021.34657594382,NA,NA
5,68,2009,2011,807.1,"Naive",999.807474138274,NA,NA
5,68,2009,2012,649.5,"Naive",978.268372332724,NA,NA
5,68,2009,2013,787.3,"Naive",956.729270527174,NA,NA
5,68,2009,2014,688.2,"Naive",935.190168721624,NA,NA
5,68,2009,2015,868.9,"Naive",913.651066916074,NA,NA
5,68,2009,2016,729.5,"Naive",892.111965110524,NA,NA
5,68,2009,2017,967.1,"Naive",870.572863304974,NA,NA
5,68,2009,2018,759.6,"Naive",849.033761499424,NA,NA
5,68,2009,2019,816.4,"Naive",827.494659693875,NA,NA
5,68,2009,2020,848.3,"Naive",805.955557888325,NA,NA
5,68,2009,2021,893.7,"Naive",784.416456082775,NA,NA
5,68,2009,2010,905.8,"Naive_Median",896.596496736279,NA,NA
5,68,2009,2011,807.1,"Naive_Median",875.057394930729,NA,NA
5,68,2009,2012,649.5,"Naive_Median",853.518293125179,NA,NA
5,68,2009,2013,787.3,"Naive_Median",831.979191319629,NA,NA
5,68,2009,2014,688.2,"Naive_Median",810.440089514079,NA,NA
5,68,2009,2015,868.9,"Naive_Median",788.900987708529,NA,NA
5,68,2009,2016,729.5,"Naive_Median",767.36188590298,NA,NA
5,68,2009,2017,967.1,"Naive_Median",745.82278409743,NA,NA
5,68,2009,2018,759.6,"Naive_Median",724.28368229188,NA,NA
5,68,2009,2019,816.4,"Naive_Median",702.74458048633,NA,NA
5,68,2009,2020,848.3,"Naive_Median",681.20547868078,NA,NA
5,68,2009,2021,893.7,"Naive_Median",659.66637687523,NA,NA
5,68,2009,2010,905.8,"Naive_MA",787.364940069476,NA,NA
5,68,2009,2011,807.1,"Naive_MA",765.825838263926,NA,NA
5,68,2009,2012,649.5,"Naive_MA",744.286736458376,NA,NA
5,68,2009,2013,787.3,"Naive_MA",722.747634652826,NA,NA
5,68,2009,2014,688.2,"Naive_MA",701.208532847276,NA,NA
5,68,2009,2015,868.9,"Naive_MA",679.669431041726,NA,NA
5,68,2009,2016,729.5,"Naive_MA",658.130329236177,NA,NA
5,68,2009,2017,967.1,"Naive_MA",636.591227430627,NA,NA
5,68,2009,2018,759.6,"Naive_MA",615.052125625077,NA,NA
5,68,2009,2019,816.4,"Naive_MA",593.513023819527,NA,NA
5,68,2009,2020,848.3,"Naive_MA",571.973922013977,NA,NA
5,68,2009,2021,893.7,"Naive_MA",550.434820208427,NA,NA
5,68,2009,2010,905.8,"DT",1360.96277415142,NA,NA
5,68,2009,2011,807.1,"DT",1279.55808353193,NA,NA
5,68,2009,2012,649.5,"DT",1716.16621225714,NA,NA
5,68,2009,2013,787.3,"DT",1296.34546873477,NA,NA
5,68,2009,2014,688.2,"DT",1673.08800864604,NA,NA
5,68,2009,2015,868.9,"DT",1651.54890684049,NA,NA
5,68,2009,2016,729.5,"DT",-67.5064775228518,NA,NA
5,68,2009,2017,967.1,"DT",671.730331717387,NA,NA
5,68,2009,2018,759.6,"DT",648.412514791778,NA,NA
5,68,2009,2019,816.4,"DT",372.551043194713,NA,NA
5,68,2009,2020,848.3,"DT",1145.57175609592,NA,NA
5,68,2009,2021,893.7,"DT",585.573924495187,NA,NA
5,68,2009,2010,905.8,"Ripper",795.978263227277,761.90624222505,830.050284229504
5,68,2009,2011,807.1,"Ripper",310.81058787604,158.325321751877,463.295854000204
5,68,2009,2012,649.5,"Ripper",289.27148607049,136.786219946327,441.756752194654
5,68,2009,2013,787.3,"Ripper",267.732384264941,115.247118140777,420.217650389104
5,68,2009,2014,688.2,"Ripper",246.193282459391,93.7080163352272,398.678548583554
5,68,2009,2015,868.9,"Ripper",1692.96341981234,1522.17200449107,1863.75483513362
5,68,2009,2016,729.5,"Ripper",203.115078848291,50.6298127241274,355.600344972455
5,68,2009,2017,967.1,"Ripper",181.575977042741,29.0907109185775,334.061243166905
5,68,2009,2018,759.6,"Ripper",160.036875237191,7.55160911302767,312.522141361355
5,68,2009,2019,816.4,"Ripper",138.497773431641,-13.9874926925222,290.983039555805
5,68,2009,2020,848.3,"Ripper",116.958671626091,-35.5265944980721,269.443937750255
5,68,2009,2021,893.7,"Ripper",95.4195698205416,-57.065696303622,247.904835944705
5,68,2009,2010,905.8,"CarenR_Dist",527.820362929916,NA,NA
5,68,2009,2011,807.1,"CarenR_Dist",603.855724915448,NA,NA
5,68,2009,2012,649.5,"CarenR_Dist",484.742159318816,NA,NA
5,68,2009,2013,787.3,"CarenR_Dist",683.783474205076,NA,NA
5,68,2009,2014,688.2,"CarenR_Dist",518.643076027864,NA,NA
5,68,2009,2015,868.9,"CarenR_Dist",510.044379714661,NA,NA
5,68,2009,2016,729.5,"CarenR_Dist",487.936784154025,NA,NA
5,68,2009,2017,967.1,"CarenR_Dist",452.163563293237,NA,NA
5,68,2009,2018,759.6,"CarenR_Dist",437.779137786044,NA,NA
5,68,2009,2019,816.4,"CarenR_Dist",431.542910471049,NA,NA
5,68,2009,2020,848.3,"CarenR_Dist",681.20547868078,NA,NA
5,68,2009,2021,893.7,"CarenR_Dist",388.46470685995,NA,NA
5,68,2009,2010,905.8,"CarenR_Dist_FS",511.127604305857,NA,NA
5,68,2009,2011,807.1,"CarenR_Dist_FS",875.057394930729,NA,NA
5,68,2009,2012,649.5,"CarenR_Dist_FS",468.049400694757,NA,NA
5,68,2009,2013,787.3,"CarenR_Dist_FS",831.979191319629,NA,NA
5,68,2009,2014,688.2,"CarenR_Dist_FS",511.706854879299,NA,NA
5,68,2009,2015,868.9,"CarenR_Dist_FS",788.900987708529,NA,NA
5,68,2009,2016,729.5,"CarenR_Dist_FS",483.788461031287,NA,NA
5,68,2009,2017,967.1,"CarenR_Dist_FS",445.481750640123,NA,NA
5,68,2009,2018,759.6,"CarenR_Dist_FS",468.037059211049,NA,NA
5,68,2009,2019,816.4,"CarenR_Dist_FS",702.74458048633,NA,NA
5,68,2009,2020,848.3,"CarenR_Dist_FS",681.20547868078,NA,NA
5,68,2009,2021,893.7,"CarenR_Dist_FS",659.66637687523,NA,NA
5,68,2009,2010,905.8,"CarenR_Dist_Thresh",896.596496736279,NA,NA
5,68,2009,2011,807.1,"CarenR_Dist_Thresh",875.057394930729,NA,NA
5,68,2009,2012,649.5,"CarenR_Dist_Thresh",853.518293125179,NA,NA
5,68,2009,2013,787.3,"CarenR_Dist_Thresh",831.979191319629,NA,NA
5,68,2009,2014,688.2,"CarenR_Dist_Thresh",525.570956710364,NA,NA
5,68,2009,2015,868.9,"CarenR_Dist_Thresh",788.900987708529,NA,NA
5,68,2009,2016,729.5,"CarenR_Dist_Thresh",455.197284091752,NA,NA
5,68,2009,2017,967.1,"CarenR_Dist_Thresh",433.658182286202,NA,NA
5,68,2009,2018,759.6,"CarenR_Dist_Thresh",527.831436805755,NA,NA
5,68,2009,2019,816.4,"CarenR_Dist_Thresh",702.74458048633,NA,NA
5,68,2009,2020,848.3,"CarenR_Dist_Thresh",681.20547868078,NA,NA
5,68,2009,2021,893.7,"CarenR_Dist_Thresh",659.66637687523,NA,NA
5,68,2009,2010,905.8,"CarenR_Dist_Sup",896.596496736279,NA,NA
5,68,2009,2011,807.1,"CarenR_Dist_Sup",875.057394930729,NA,NA
5,68,2009,2012,649.5,"CarenR_Dist_Sup",853.518293125179,NA,NA
5,68,2009,2013,787.3,"CarenR_Dist_Sup",831.979191319629,NA,NA
5,68,2009,2014,688.2,"CarenR_Dist_Sup",580.609647313893,NA,NA
5,68,2009,2015,868.9,"CarenR_Dist_Sup",788.900987708529,NA,NA
5,68,2009,2016,729.5,"CarenR_Dist_Sup",537.531443702793,NA,NA
5,68,2009,2017,967.1,"CarenR_Dist_Sup",515.992341897243,NA,NA
5,68,2009,2018,759.6,"CarenR_Dist_Sup",494.453240091693,NA,NA
5,68,2009,2019,816.4,"CarenR_Dist_Sup",702.74458048633,NA,NA
5,68,2009,2020,848.3,"CarenR_Dist_Sup",681.20547868078,NA,NA
5,68,2009,2021,893.7,"CarenR_Dist_Sup",659.66637687523,NA,NA
5,68,2009,2010,905.8,"CarenR_Dist_Sup_Thresh",896.596496736279,NA,NA
5,68,2009,2011,807.1,"CarenR_Dist_Sup_Thresh",875.057394930729,NA,NA
5,68,2009,2012,649.5,"CarenR_Dist_Sup_Thresh",853.518293125179,NA,NA
5,68,2009,2013,787.3,"CarenR_Dist_Sup_Thresh",831.979191319629,NA,NA
5,68,2009,2014,688.2,"CarenR_Dist_Sup_Thresh",613.987844027954,NA,NA
5,68,2009,2015,868.9,"CarenR_Dist_Sup_Thresh",788.900987708529,NA,NA
5,68,2009,2016,729.5,"CarenR_Dist_Sup_Thresh",570.909640416854,NA,NA
5,68,2009,2017,967.1,"CarenR_Dist_Sup_Thresh",549.370538611304,NA,NA
5,68,2009,2018,759.6,"CarenR_Dist_Sup_Thresh",527.831436805755,NA,NA
5,68,2009,2019,816.4,"CarenR_Dist_Sup_Thresh",702.74458048633,NA,NA
5,68,2009,2020,848.3,"CarenR_Dist_Sup_Thresh",681.20547868078,NA,NA
5,68,2009,2021,893.7,"CarenR_Dist_Sup_Thresh",659.66637687523,NA,NA
5,68,2009,2010,905.8,"CarenR_Dist_Eta2",511.127604305857,NA,NA
5,68,2009,2011,807.1,"CarenR_Dist_Eta2",875.057394930729,NA,NA
5,68,2009,2012,649.5,"CarenR_Dist_Eta2",468.049400694757,NA,NA
5,68,2009,2013,787.3,"CarenR_Dist_Eta2",831.979191319629,NA,NA
5,68,2009,2014,688.2,"CarenR_Dist_Eta2",511.706854879299,NA,NA
5,68,2009,2015,868.9,"CarenR_Dist_Eta2",788.900987708529,NA,NA
5,68,2009,2016,729.5,"CarenR_Dist_Eta2",467.099326716809,NA,NA
5,68,2009,2017,967.1,"CarenR_Dist_Eta2",427.977965670382,NA,NA
5,68,2009,2018,759.6,"CarenR_Dist_Eta2",459.575425409203,NA,NA
5,68,2009,2019,816.4,"CarenR_Dist_Eta2",702.74458048633,NA,NA
5,68,2009,2020,848.3,"CarenR_Dist_Eta2",681.20547868078,NA,NA
5,68,2009,2021,893.7,"CarenR_Dist_Eta2",659.66637687523,NA,NA
5,68,2009,2010,905.8,"CarenR_Dist_Lag",896.596496736279,NA,NA
5,68,2009,2011,807.1,"CarenR_Dist_Lag",875.057394930729,NA,NA
5,68,2009,2012,649.5,"CarenR_Dist_Lag",853.518293125179,NA,NA
5,68,2009,2013,787.3,"CarenR_Dist_Lag",831.979191319629,NA,NA
5,68,2009,2014,688.2,"CarenR_Dist_Lag",452.942799270914,NA,NA
5,68,2009,2015,868.9,"CarenR_Dist_Lag",788.900987708529,NA,NA
5,68,2009,2016,729.5,"CarenR_Dist_Lag",265.098412986228,NA,NA
5,68,2009,2017,967.1,"CarenR_Dist_Lag",243.559311180678,NA,NA
5,68,2009,2018,759.6,"CarenR_Dist_Lag",724.28368229188,NA,NA
5,68,2009,2019,816.4,"CarenR_Dist_Lag",702.74458048633,NA,NA
5,68,2009,2020,848.3,"CarenR_Dist_Lag",681.20547868078,NA,NA
5,68,2009,2021,893.7,"CarenR_Dist_Lag",659.66637687523,NA,NA
5,68,2009,2010,905.8,"CarenR_Dist_Conf",896.596496736279,NA,NA
5,68,2009,2011,807.1,"CarenR_Dist_Conf",875.057394930729,NA,NA
5,68,2009,2012,649.5,"CarenR_Dist_Conf",853.518293125179,NA,NA
5,68,2009,2013,787.3,"CarenR_Dist_Conf",831.979191319629,NA,NA
5,68,2009,2014,688.2,"CarenR_Dist_Conf",613.987844027954,NA,NA
5,68,2009,2015,868.9,"CarenR_Dist_Conf",788.900987708529,NA,NA
5,68,2009,2016,729.5,"CarenR_Dist_Conf",570.909640416854,NA,NA
5,68,2009,2017,967.1,"CarenR_Dist_Conf",549.370538611304,NA,NA
5,68,2009,2018,759.6,"CarenR_Dist_Conf",527.831436805755,NA,NA
5,68,2009,2019,816.4,"CarenR_Dist_Conf",702.74458048633,NA,NA
5,68,2009,2020,848.3,"CarenR_Dist_Conf",681.20547868078,NA,NA
5,68,2009,2021,893.7,"CarenR_Dist_Conf",659.66637687523,NA,NA
5,68,2009,2010,905.8,"CarenR_Dist_Stack",1047.70177035104,NA,NA
5,68,2009,2011,807.1,"CarenR_Dist_Stack",1053.17226911685,NA,NA
5,68,2009,2012,649.5,"CarenR_Dist_Stack",1020.53933057253,NA,NA
5,68,2009,2013,787.3,"CarenR_Dist_Stack",1032.51304649144,NA,NA
5,68,2009,2014,688.2,"CarenR_Dist_Stack",567.135252318536,NA,NA
5,68,2009,2015,868.9,"CarenR_Dist_Stack",965.404713562113,NA,NA
5,68,2009,2016,729.5,"CarenR_Dist_Stack",527.708319484237,NA,NA
5,68,2009,2017,967.1,"CarenR_Dist_Stack",461.539758527582,NA,NA
5,68,2009,2018,759.6,"CarenR_Dist_Stack",520.816962143082,NA,NA
5,68,2009,2019,816.4,"CarenR_Dist_Stack",897.91773039939,NA,NA
5,68,2009,2020,848.3,"CarenR_Dist_Stack",979.581489309436,NA,NA
5,68,2009,2021,893.7,"CarenR_Dist_Stack",888.943590278061,NA,NA
5,68,2009,2010,905.8,"CarenR_Dist_Sup_FS",896.596496736279,NA,NA
5,68,2009,2011,807.1,"CarenR_Dist_Sup_FS",875.057394930729,NA,NA
5,68,2009,2012,649.5,"CarenR_Dist_Sup_FS",853.518293125179,NA,NA
5,68,2009,2013,787.3,"CarenR_Dist_Sup_FS",831.979191319629,NA,NA
5,68,2009,2014,688.2,"CarenR_Dist_Sup_FS",613.987844027954,NA,NA
5,68,2009,2015,868.9,"CarenR_Dist_Sup_FS",788.900987708529,NA,NA
5,68,2009,2016,729.5,"CarenR_Dist_Sup_FS",570.909640416854,NA,NA
5,68,2009,2017,967.1,"CarenR_Dist_Sup_FS",549.370538611304,NA,NA
5,68,2009,2018,759.6,"CarenR_Dist_Sup_FS",527.831436805755,NA,NA
5,68,2009,2019,816.4,"CarenR_Dist_Sup_FS",702.74458048633,NA,NA
5,68,2009,2020,848.3,"CarenR_Dist_Sup_FS",681.20547868078,NA,NA
5,68,2009,2021,893.7,"CarenR_Dist_Sup_FS",659.66637687523,NA,NA
5,68,2009,2010,905.8,"CarenR_Supervised",1454.39617794136,NA,NA
5,68,2009,2011,807.1,"CarenR_Supervised",1477.67359532884,NA,NA
5,68,2009,2012,649.5,"CarenR_Supervised",853.518293125179,NA,NA
5,68,2009,2013,787.3,"CarenR_Supervised",1410.23054643663,NA,NA
5,68,2009,2014,688.2,"CarenR_Supervised",605.085269305652,NA,NA
5,68,2009,2015,868.9,"CarenR_Supervised",1410.36665405187,NA,NA
5,68,2009,2016,729.5,"CarenR_Supervised",1328.38834335426,NA,NA
5,68,2009,2017,967.1,"CarenR_Supervised",1278.29425125015,NA,NA
5,68,2009,2018,759.6,"CarenR_Supervised",518.928862083453,NA,NA
5,68,2009,2019,816.4,"CarenR_Supervised",1305.36078088444,NA,NA
5,68,2009,2020,848.3,"CarenR_Supervised",1210.99104884093,NA,NA
5,68,2009,2021,893.7,"CarenR_Supervised",659.66637687523,NA,NA
5,68,2009,2010,905.8,"M5Rules",945.310903398232,NA,NA
5,68,2009,2011,807.1,"M5Rules",1032.90778776106,NA,NA
5,68,2009,2012,649.5,"M5Rules",716.864644234559,NA,NA
5,68,2009,2013,787.3,"M5Rules",730.162350799066,NA,NA
5,68,2009,2014,688.2,"M5Rules",837.486601151449,NA,NA
5,68,2009,2015,868.9,"M5Rules",1490.00912736534,NA,NA
5,68,2009,2016,729.5,"M5Rules",416.729584506515,NA,NA
5,68,2009,2017,967.1,"M5Rules",592.549491987392,NA,NA
5,68,2009,2018,759.6,"M5Rules",650.230833970072,NA,NA
5,68,2009,2019,816.4,"M5Rules",1081.56702275141,NA,NA
5,68,2009,2020,848.3,"M5Rules",760.371676185628,NA,NA
5,68,2009,2021,893.7,"M5Rules",593.97803637229,NA,NA
6,69,2010,2011,807.1,"Naive",993.109121909636,NA,NA
6,69,2010,2012,649.5,"Naive",971.426483984901,NA,NA
6,69,2010,2013,787.3,"Naive",949.743846060166,NA,NA
6,69,2010,2014,688.2,"Naive",928.061208135431,NA,NA
6,69,2010,2015,868.9,"Naive",906.378570210696,NA,NA
6,69,2010,2016,729.5,"Naive",884.695932285961,NA,NA
6,69,2010,2017,967.1,"Naive",863.013294361226,NA,NA
6,69,2010,2018,759.6,"Naive",841.330656436491,NA,NA
6,69,2010,2019,816.4,"Naive",819.648018511756,NA,NA
6,69,2010,2020,848.3,"Naive",797.965380587021,NA,NA
6,69,2010,2021,893.7,"Naive",776.282742662286,NA,NA
6,69,2010,2011,807.1,"Naive_Median",870.97779320424,NA,NA
6,69,2010,2012,649.5,"Naive_Median",849.295155279505,NA,NA
6,69,2010,2013,787.3,"Naive_Median",827.61251735477,NA,NA
6,69,2010,2014,688.2,"Naive_Median",805.929879430035,NA,NA
6,69,2010,2015,868.9,"Naive_Median",784.2472415053,NA,NA
6,69,2010,2016,729.5,"Naive_Median",762.564603580565,NA,NA
6,69,2010,2017,967.1,"Naive_Median",740.88196565583,NA,NA
6,69,2010,2018,759.6,"Naive_Median",719.199327731095,NA,NA
6,69,2010,2019,816.4,"Naive_Median",697.51668980636,NA,NA
6,69,2010,2020,848.3,"Naive_Median",675.834051881625,NA,NA
6,69,2010,2021,893.7,"Naive_Median",654.151413956889,NA,NA
6,69,2010,2011,807.1,"Naive_MA",792.595491413957,NA,NA
6,69,2010,2012,649.5,"Naive_MA",770.912853489222,NA,NA
6,69,2010,2013,787.3,"Naive_MA",749.230215564487,NA,NA
6,69,2010,2014,688.2,"Naive_MA",727.547577639752,NA,NA
6,69,2010,2015,868.9,"Naive_MA",705.864939715017,NA,NA
6,69,2010,2016,729.5,"Naive_MA",684.182301790282,NA,NA
6,69,2010,2017,967.1,"Naive_MA",662.499663865547,NA,NA
6,69,2010,2018,759.6,"Naive_MA",640.817025940812,NA,NA
6,69,2010,2019,816.4,"Naive_MA",619.134388016077,NA,NA
6,69,2010,2020,848.3,"Naive_MA",597.451750091342,NA,NA
6,69,2010,2021,893.7,"Naive_MA",575.769112166607,NA,NA
6,69,2010,2011,807.1,"DT",1274.84189675871,NA,NA
6,69,2010,2012,649.5,"DT",1711.17833211546,NA,NA
6,69,2010,2013,787.3,"DT",1212.05898104169,NA,NA
6,69,2010,2014,688.2,"DT",1667.81305626599,NA,NA
6,69,2010,2015,868.9,"DT",1646.13041834125,NA,NA
6,69,2010,2016,729.5,"DT",-74.9942784070106,NA,NA
6,69,2010,2017,967.1,"DT",666.302056664566,NA,NA
6,69,2010,2018,759.6,"DT",774.695559615154,NA,NA
6,69,2010,2019,816.4,"DT",365.763835273244,NA,NA
6,69,2010,2020,848.3,"DT",731.330283765684,NA,NA
6,69,2010,2021,893.7,"DT",579.571504965626,NA,NA
6,69,2010,2011,807.1,"Ripper",325.185375715507,175.37201896242,474.998732468593
6,69,2010,2012,649.5,"Ripper",303.502737790772,153.689381037685,453.316094543858
6,69,2010,2013,787.3,"Ripper",1729.95400330977,1559.2272651894,1900.68074143013
6,69,2010,2014,688.2,"Ripper",260.137461941302,110.324105188215,409.950818694388
6,69,2010,2015,868.9,"Ripper",238.454824016567,88.6414672634802,388.268180769653
6,69,2010,2016,729.5,"Ripper",216.772186091832,66.9588293387452,366.585542844918
6,69,2010,2017,967.1,"Ripper",195.089548167097,45.2761914140102,344.902904920183
6,69,2010,2018,759.6,"Ripper",173.406910242362,23.5935534892751,323.220266995448
6,69,2010,2019,816.4,"Ripper",151.724272317627,1.91091556454012,301.537629070713
6,69,2010,2020,848.3,"Ripper",130.041634392892,-19.7717223601949,279.854991145978
6,69,2010,2021,893.7,"Ripper",108.358996468156,-41.45436028493,258.172353221243
6,69,2010,2011,807.1,"CarenR_Dist",600.26909149238,NA,NA
6,69,2010,2012,649.5,"CarenR_Dist",530.70908258956,NA,NA
6,69,2010,2013,787.3,"CarenR_Dist",667.795987421058,NA,NA
6,69,2010,2014,688.2,"CarenR_Dist",532.177994500555,NA,NA
6,69,2010,2015,868.9,"CarenR_Dist",511.820457244166,NA,NA
6,69,2010,2016,729.5,"CarenR_Dist",487.178204755243,NA,NA
6,69,2010,2017,967.1,"CarenR_Dist",468.69643395269,NA,NA
6,69,2010,2018,759.6,"CarenR_Dist",442.421492896291,NA,NA
6,69,2010,2019,816.4,"CarenR_Dist",426.772141436289,NA,NA
6,69,2010,2020,848.3,"CarenR_Dist",675.834051881625,NA,NA
6,69,2010,2021,893.7,"CarenR_Dist",383.406865586819,NA,NA
6,69,2010,2011,807.1,"CarenR_Dist_FS",870.97779320424,NA,NA
6,69,2010,2012,649.5,"CarenR_Dist_FS",530.434551368937,NA,NA
6,69,2010,2013,787.3,"CarenR_Dist_FS",827.61251735477,NA,NA
6,69,2010,2014,688.2,"CarenR_Dist_FS",513.518623771708,NA,NA
6,69,2010,2015,868.9,"CarenR_Dist_FS",784.2472415053,NA,NA
6,69,2010,2016,729.5,"CarenR_Dist_FS",480.208757210396,NA,NA
6,69,2010,2017,967.1,"CarenR_Dist_FS",446.859650380998,NA,NA
6,69,2010,2018,759.6,"CarenR_Dist_FS",460.628807870977,NA,NA
6,69,2010,2019,816.4,"CarenR_Dist_FS",697.51668980636,NA,NA
6,69,2010,2020,848.3,"CarenR_Dist_FS",675.834051881625,NA,NA
6,69,2010,2021,893.7,"CarenR_Dist_FS",654.151413956889,NA,NA
6,69,2010,2011,807.1,"CarenR_Dist_Thresh",870.97779320424,NA,NA
6,69,2010,2012,649.5,"CarenR_Dist_Thresh",849.295155279505,NA,NA
6,69,2010,2013,787.3,"CarenR_Dist_Thresh",827.61251735477,NA,NA
6,69,2010,2014,688.2,"CarenR_Dist_Thresh",522.32474155903,NA,NA
6,69,2010,2015,868.9,"CarenR_Dist_Thresh",784.2472415053,NA,NA
6,69,2010,2016,729.5,"CarenR_Dist_Thresh",451.139479208842,NA,NA
6,69,2010,2017,967.1,"CarenR_Dist_Thresh",429.456841284107,NA,NA
6,69,2010,2018,759.6,"CarenR_Dist_Thresh",522.807672634274,NA,NA
6,69,2010,2019,816.4,"CarenR_Dist_Thresh",697.51668980636,NA,NA
6,69,2010,2020,848.3,"CarenR_Dist_Thresh",675.834051881625,NA,NA
6,69,2010,2021,893.7,"CarenR_Dist_Thresh",654.151413956889,NA,NA
6,69,2010,2011,807.1,"CarenR_Dist_Sup",870.97779320424,NA,NA
6,69,2010,2012,649.5,"CarenR_Dist_Sup",849.295155279505,NA,NA
6,69,2010,2013,787.3,"CarenR_Dist_Sup",827.61251735477,NA,NA
6,69,2010,2014,688.2,"CarenR_Dist_Sup",577.324627495269,NA,NA
6,69,2010,2015,868.9,"CarenR_Dist_Sup",784.2472415053,NA,NA
6,69,2010,2016,729.5,"CarenR_Dist_Sup",533.959351645799,NA,NA
6,69,2010,2017,967.1,"CarenR_Dist_Sup",512.276713721064,NA,NA
6,69,2010,2018,759.6,"CarenR_Dist_Sup",490.594075796329,NA,NA
6,69,2010,2019,816.4,"CarenR_Dist_Sup",697.51668980636,NA,NA
6,69,2010,2020,848.3,"CarenR_Dist_Sup",675.834051881625,NA,NA
6,69,2010,2021,893.7,"CarenR_Dist_Sup",654.151413956889,NA,NA
6,69,2010,2011,807.1,"CarenR_Dist_Sup_Thresh",870.97779320424,NA,NA
6,69,2010,2012,649.5,"CarenR_Dist_Sup_Thresh",849.295155279505,NA,NA
6,69,2010,2013,787.3,"CarenR_Dist_Sup_Thresh",827.61251735477,NA,NA
6,69,2010,2014,688.2,"CarenR_Dist_Sup_Thresh",609.538224333214,NA,NA
6,69,2010,2015,868.9,"CarenR_Dist_Sup_Thresh",784.2472415053,NA,NA
6,69,2010,2016,729.5,"CarenR_Dist_Sup_Thresh",566.172948483744,NA,NA
6,69,2010,2017,967.1,"CarenR_Dist_Sup_Thresh",544.490310559009,NA,NA
6,69,2010,2018,759.6,"CarenR_Dist_Sup_Thresh",522.807672634274,NA,NA
6,69,2010,2019,816.4,"CarenR_Dist_Sup_Thresh",697.51668980636,NA,NA
6,69,2010,2020,848.3,"CarenR_Dist_Sup_Thresh",675.834051881625,NA,NA
6,69,2010,2021,893.7,"CarenR_Dist_Sup_Thresh",654.151413956889,NA,NA
6,69,2010,2011,807.1,"CarenR_Dist_Eta2",870.97779320424,NA,NA
6,69,2010,2012,649.5,"CarenR_Dist_Eta2",530.434551368937,NA,NA
6,69,2010,2013,787.3,"CarenR_Dist_Eta2",827.61251735477,NA,NA
6,69,2010,2014,688.2,"CarenR_Dist_Eta2",513.518623771708,NA,NA
6,69,2010,2015,868.9,"CarenR_Dist_Eta2",784.2472415053,NA,NA
6,69,2010,2016,729.5,"CarenR_Dist_Eta2",463.499440847646,NA,NA
6,69,2010,2017,967.1,"CarenR_Dist_Eta2",434.240769879613,NA,NA
6,69,2010,2018,759.6,"CarenR_Dist_Eta2",452.501424241197,NA,NA
6,69,2010,2019,816.4,"CarenR_Dist_Eta2",697.51668980636,NA,NA
6,69,2010,2020,848.3,"CarenR_Dist_Eta2",675.834051881625,NA,NA
6,69,2010,2021,893.7,"CarenR_Dist_Eta2",654.151413956889,NA,NA
6,69,2010,2011,807.1,"CarenR_Dist_Lag",870.97779320424,NA,NA
6,69,2010,2012,649.5,"CarenR_Dist_Lag",849.295155279505,NA,NA
6,69,2010,2013,787.3,"CarenR_Dist_Lag",827.61251735477,NA,NA
6,69,2010,2014,688.2,"CarenR_Dist_Lag",450.685094994522,NA,NA
6,69,2010,2015,868.9,"CarenR_Dist_Lag",784.2472415053,NA,NA
6,69,2010,2016,729.5,"CarenR_Dist_Lag",262.155922542932,NA,NA
6,69,2010,2017,967.1,"CarenR_Dist_Lag",240.473284618197,NA,NA
6,69,2010,2018,759.6,"CarenR_Dist_Lag",719.199327731095,NA,NA
6,69,2010,2019,816.4,"CarenR_Dist_Lag",697.51668980636,NA,NA
6,69,2010,2020,848.3,"CarenR_Dist_Lag",675.834051881625,NA,NA
6,69,2010,2021,893.7,"CarenR_Dist_Lag",654.151413956889,NA,NA
6,69,2010,2011,807.1,"CarenR_Dist_Conf",870.97779320424,NA,NA
6,69,2010,2012,649.5,"CarenR_Dist_Conf",849.295155279505,NA,NA
6,69,2010,2013,787.3,"CarenR_Dist_Conf",827.61251735477,NA,NA
6,69,2010,2014,688.2,"CarenR_Dist_Conf",609.538224333214,NA,NA
6,69,2010,2015,868.9,"CarenR_Dist_Conf",784.2472415053,NA,NA
6,69,2010,2016,729.5,"CarenR_Dist_Conf",566.172948483744,NA,NA
6,69,2010,2017,967.1,"CarenR_Dist_Conf",544.490310559009,NA,NA
6,69,2010,2018,759.6,"CarenR_Dist_Conf",522.807672634274,NA,NA
6,69,2010,2019,816.4,"CarenR_Dist_Conf",697.51668980636,NA,NA
6,69,2010,2020,848.3,"CarenR_Dist_Conf",675.834051881625,NA,NA
6,69,2010,2021,893.7,"CarenR_Dist_Conf",654.151413956889,NA,NA
6,69,2010,2011,807.1,"CarenR_Dist_Stack",1046.53998551982,NA,NA
6,69,2010,2012,649.5,"CarenR_Dist_Stack",1013.82979628484,NA,NA
6,69,2010,2013,787.3,"CarenR_Dist_Stack",1025.9444665835,NA,NA
6,69,2010,2014,688.2,"CarenR_Dist_Stack",563.528187443853,NA,NA
6,69,2010,2015,868.9,"CarenR_Dist_Stack",958.415492150113,NA,NA
6,69,2010,2016,729.5,"CarenR_Dist_Stack",523.974824106981,NA,NA
6,69,2010,2017,967.1,"CarenR_Dist_Stack",457.436548151013,NA,NA
6,69,2010,2018,759.6,"CarenR_Dist_Stack",517.195387379193,NA,NA
6,69,2010,2019,816.4,"CarenR_Dist_Stack",890.81014398514,NA,NA
6,69,2010,2020,848.3,"CarenR_Dist_Stack",973.111707518787,NA,NA
6,69,2010,2021,893.7,"CarenR_Dist_Stack",881.905276369283,NA,NA
6,69,2010,2011,807.1,"CarenR_Dist_Sup_FS",870.97779320424,NA,NA
6,69,2010,2012,649.5,"CarenR_Dist_Sup_FS",849.295155279505,NA,NA
6,69,2010,2013,787.3,"CarenR_Dist_Sup_FS",827.61251735477,NA,NA
6,69,2010,2014,688.2,"CarenR_Dist_Sup_FS",609.538224333214,NA,NA
6,69,2010,2015,868.9,"CarenR_Dist_Sup_FS",784.2472415053,NA,NA
6,69,2010,2016,729.5,"CarenR_Dist_Sup_FS",566.172948483744,NA,NA
6,69,2010,2017,967.1,"CarenR_Dist_Sup_FS",544.490310559009,NA,NA
6,69,2010,2018,759.6,"CarenR_Dist_Sup_FS",522.807672634274,NA,NA
6,69,2010,2019,816.4,"CarenR_Dist_Sup_FS",697.51668980636,NA,NA
6,69,2010,2020,848.3,"CarenR_Dist_Sup_FS",675.834051881625,NA,NA
6,69,2010,2021,893.7,"CarenR_Dist_Sup_FS",654.151413956889,NA,NA
6,69,2010,2011,807.1,"CarenR_Supervised",1464.87188216754,NA,NA
6,69,2010,2012,649.5,"CarenR_Supervised",849.295155279505,NA,NA
6,69,2010,2013,787.3,"CarenR_Supervised",1404.5079880007,NA,NA
6,69,2010,2014,688.2,"CarenR_Supervised",602.645155279505,NA,NA
6,69,2010,2015,868.9,"CarenR_Supervised",1404.72068910366,NA,NA
6,69,2010,2016,729.5,"CarenR_Supervised",1306.93476098514,NA,NA
6,69,2010,2017,967.1,"CarenR_Supervised",1250.06460358056,NA,NA
6,69,2010,2018,759.6,"CarenR_Supervised",515.914603580564,NA,NA
6,69,2010,2019,816.4,"CarenR_Supervised",1297.83038594866,NA,NA
6,69,2010,2020,848.3,"CarenR_Supervised",1194.57468620185,NA,NA
6,69,2010,2021,893.7,"CarenR_Supervised",654.151413956889,NA,NA
6,69,2010,2011,807.1,"M5Rules",916.521228351901,NA,NA
6,69,2010,2012,649.5,"M5Rules",943.111410320283,NA,NA
6,69,2010,2013,787.3,"M5Rules",853.287688820784,NA,NA
6,69,2010,2014,688.2,"M5Rules",859.887945734772,NA,NA
6,69,2010,2015,868.9,"M5Rules",1166.24530606545,NA,NA
6,69,2010,2016,729.5,"M5Rules",182.042311913528,NA,NA
6,69,2010,2017,967.1,"M5Rules",625.181707024498,NA,NA
6,69,2010,2018,759.6,"M5Rules",665.132885401821,NA,NA
6,69,2010,2019,816.4,"M5Rules",1084.24904657408,NA,NA
6,69,2010,2020,848.3,"M5Rules",719.616824635449,NA,NA
6,69,2010,2021,893.7,"M5Rules",947.635981630086,NA,NA
7,70,2011,2012,649.5,"Naive",960.79739130434,NA,NA
7,70,2011,2013,787.3,"Naive",938.890195083537,NA,NA
7,70,2011,2014,688.2,"Naive",916.982998862734,NA,NA
7,70,2011,2015,868.9,"Naive",895.07580264193,NA,NA
7,70,2011,2016,729.5,"Naive",873.168606421127,NA,NA
7,70,2011,2017,967.1,"Naive",851.261410200324,NA,NA
7,70,2011,2018,759.6,"Naive",829.35421397952,NA,NA
7,70,2011,2019,816.4,"Naive",807.447017758717,NA,NA
7,70,2011,2020,848.3,"Naive",785.539821537914,NA,NA
7,70,2011,2021,893.7,"Naive",763.63262531711,NA,NA
7,70,2011,2012,649.5,"Naive_Median",841.923319044696,NA,NA
7,70,2011,2013,787.3,"Naive_Median",820.016122823893,NA,NA
7,70,2011,2014,688.2,"Naive_Median",798.10892660309,NA,NA
7,70,2011,2015,868.9,"Naive_Median",776.201730382286,NA,NA
7,70,2011,2016,729.5,"Naive_Median",754.294534161483,NA,NA
7,70,2011,2017,967.1,"Naive_Median",732.38733794068,NA,NA
7,70,2011,2018,759.6,"Naive_Median",710.480141719876,NA,NA
7,70,2011,2019,816.4,"Naive_Median",688.572945499073,NA,NA
7,70,2011,2020,848.3,"Naive_Median",666.66574927827,NA,NA
7,70,2011,2021,893.7,"Naive_Median",644.758553057467,NA,NA
7,70,2011,2012,649.5,"Naive_MA",736.110420785582,NA,NA
7,70,2011,2013,787.3,"Naive_MA",714.203224564779,NA,NA
7,70,2011,2014,688.2,"Naive_MA",692.296028343975,NA,NA
7,70,2011,2015,868.9,"Naive_MA",670.388832123172,NA,NA
7,70,2011,2016,729.5,"Naive_MA",648.481635902369,NA,NA
7,70,2011,2017,967.1,"Naive_MA",626.574439681565,NA,NA
7,70,2011,2018,759.6,"Naive_MA",604.667243460762,NA,NA
7,70,2011,2019,816.4,"Naive_MA",582.760047239959,NA,NA
7,70,2011,2020,848.3,"Naive_MA",560.852851019156,NA,NA
7,70,2011,2021,893.7,"Naive_MA",538.945654798352,NA,NA
7,70,2011,2012,649.5,"DT",1703.37493132709,NA,NA
7,70,2011,2013,787.3,"DT",1204.97291925465,NA,NA
7,70,2011,2014,688.2,"DT",1659.56053888548,NA,NA
7,70,2011,2015,868.9,"DT",1637.65334266468,NA,NA
7,70,2011,2016,729.5,"DT",-86.7087361852385,NA,NA
7,70,2011,2017,967.1,"DT",725.457034161483,NA,NA
7,70,2011,2018,759.6,"DT",766.561559113125,NA,NA
7,70,2011,2019,816.4,"DT",681.642641719877,NA,NA
7,70,2011,2020,848.3,"DT",722.747166671519,NA,NA
7,70,2011,2021,893.7,"DT",637.82824927827,NA,NA
7,70,2011,2012,649.5,"Ripper",294.81206815773,143.766961628945,445.857174686514
7,70,2011,2013,787.3,"Ripper",272.904871936926,121.859765408142,423.949978465711
7,70,2011,2014,688.2,"Ripper",250.997675716123,99.9525691873388,402.042782244908
7,70,2011,2015,868.9,"Ripper",229.09047949532,78.0453729665354,380.135586024104
7,70,2011,2016,729.5,"Ripper",207.183283274517,56.1381767457322,358.228389803301
7,70,2011,2017,967.1,"Ripper",185.276087053713,34.2309805249289,336.321193582498
7,70,2011,2018,759.6,"Ripper",163.36889083291,12.3237843041255,314.413997361694
7,70,2011,2019,816.4,"Ripper",141.461694612107,-9.58341191667773,292.506801140891
7,70,2011,2020,848.3,"Ripper",119.554498391303,-31.490608137481,270.599604920088
7,70,2011,2021,893.7,"Ripper",97.6473021705001,-53.3978043582844,248.692408699285
7,70,2011,2012,649.5,"CarenR_Dist",503.28730975645,NA,NA
7,70,2011,2013,787.3,"CarenR_Dist",747.600434605776,NA,NA
7,70,2011,2014,688.2,"CarenR_Dist",525.586774443046,NA,NA
7,70,2011,2015,868.9,"CarenR_Dist",662.66200467963,NA,NA
7,70,2011,2016,729.5,"CarenR_Dist",482.335372068336,NA,NA
7,70,2011,2017,967.1,"CarenR_Dist",461.582623130078,NA,NA
7,70,2011,2018,759.6,"CarenR_Dist",434.743591122956,NA,NA
7,70,2011,2019,816.4,"CarenR_Dist",796.209048125506,NA,NA
7,70,2011,2020,848.3,"CarenR_Dist",1148.22257195345,NA,NA
7,70,2011,2021,893.7,"CarenR_Dist",395.464793718826,NA,NA
7,70,2011,2012,649.5,"CarenR_Dist_FS",458.479021083007,NA,NA
7,70,2011,2013,787.3,"CarenR_Dist_FS",820.016122823893,NA,NA
7,70,2011,2014,688.2,"CarenR_Dist_FS",501.574674199034,NA,NA
7,70,2011,2015,868.9,"CarenR_Dist_FS",776.201730382286,NA,NA
7,70,2011,2016,729.5,"CarenR_Dist_FS",474.60840940239,NA,NA
7,70,2011,2017,967.1,"CarenR_Dist_FS",434.543532871133,NA,NA
7,70,2011,2018,759.6,"CarenR_Dist_FS",455.856680171874,NA,NA
7,70,2011,2019,816.4,"CarenR_Dist_FS",688.572945499073,NA,NA
7,70,2011,2020,848.3,"CarenR_Dist_FS",666.66574927827,NA,NA
7,70,2011,2021,893.7,"CarenR_Dist_FS",644.758553057467,NA,NA
7,70,2011,2012,649.5,"CarenR_Dist_Thresh",841.923319044696,NA,NA
7,70,2011,2013,787.3,"CarenR_Dist_Thresh",820.016122823893,NA,NA
7,70,2011,2014,688.2,"CarenR_Dist_Thresh",515.918225465318,NA,NA
7,70,2011,2015,868.9,"CarenR_Dist_Thresh",776.201730382286,NA,NA
7,70,2011,2016,729.5,"CarenR_Dist_Thresh",444.791155487561,NA,NA
7,70,2011,2017,967.1,"CarenR_Dist_Thresh",422.883959266758,NA,NA
7,70,2011,2018,759.6,"CarenR_Dist_Thresh",514.948132271885,NA,NA
7,70,2011,2019,816.4,"CarenR_Dist_Thresh",688.572945499073,NA,NA
7,70,2011,2020,848.3,"CarenR_Dist_Thresh",666.66574927827,NA,NA
7,70,2011,2021,893.7,"CarenR_Dist_Thresh",644.758553057467,NA,NA
7,70,2011,2012,649.5,"CarenR_Dist_Sup",841.923319044696,NA,NA
7,70,2011,2013,787.3,"CarenR_Dist_Sup",820.016122823893,NA,NA
7,70,2011,2014,688.2,"CarenR_Dist_Sup",572.185304673888,NA,NA
7,70,2011,2015,868.9,"CarenR_Dist_Sup",776.201730382286,NA,NA
7,70,2011,2016,729.5,"CarenR_Dist_Sup",528.370912232282,NA,NA
7,70,2011,2017,967.1,"CarenR_Dist_Sup",506.463716011478,NA,NA
7,70,2011,2018,759.6,"CarenR_Dist_Sup",484.556519790675,NA,NA
7,70,2011,2019,816.4,"CarenR_Dist_Sup",688.572945499073,NA,NA
7,70,2011,2020,848.3,"CarenR_Dist_Sup",666.66574927827,NA,NA
7,70,2011,2021,893.7,"CarenR_Dist_Sup",644.758553057467,NA,NA
7,70,2011,2012,649.5,"CarenR_Dist_Sup_Thresh",841.923319044696,NA,NA
7,70,2011,2013,787.3,"CarenR_Dist_Sup_Thresh",820.016122823893,NA,NA
7,70,2011,2014,688.2,"CarenR_Dist_Sup_Thresh",602.576917155098,NA,NA
7,70,2011,2015,868.9,"CarenR_Dist_Sup_Thresh",776.201730382286,NA,NA
7,70,2011,2016,729.5,"CarenR_Dist_Sup_Thresh",558.762524713491,NA,NA
7,70,2011,2017,967.1,"CarenR_Dist_Sup_Thresh",536.855328492688,NA,NA
7,70,2011,2018,759.6,"CarenR_Dist_Sup_Thresh",514.948132271885,NA,NA
7,70,2011,2019,816.4,"CarenR_Dist_Sup_Thresh",688.572945499073,NA,NA
7,70,2011,2020,848.3,"CarenR_Dist_Sup_Thresh",666.66574927827,NA,NA
7,70,2011,2021,893.7,"CarenR_Dist_Sup_Thresh",644.758553057467,NA,NA
7,70,2011,2012,649.5,"CarenR_Dist_Eta2",458.479021083007,NA,NA
7,70,2011,2013,787.3,"CarenR_Dist_Eta2",820.016122823893,NA,NA
7,70,2011,2014,688.2,"CarenR_Dist_Eta2",501.574674199034,NA,NA
7,70,2011,2015,868.9,"CarenR_Dist_Eta2",776.201730382286,NA,NA
7,70,2011,2016,729.5,"CarenR_Dist_Eta2",457.867518782253,NA,NA
7,70,2011,2017,967.1,"CarenR_Dist_Eta2",416.925291996537,NA,NA
7,70,2011,2018,759.6,"CarenR_Dist_Eta2",443.846185266702,NA,NA
7,70,2011,2019,816.4,"CarenR_Dist_Eta2",688.572945499073,NA,NA
7,70,2011,2020,848.3,"CarenR_Dist_Eta2",666.66574927827,NA,NA
7,70,2011,2021,893.7,"CarenR_Dist_Eta2",644.758553057467,NA,NA
7,70,2011,2012,649.5,"CarenR_Dist_Lag",841.923319044696,NA,NA
7,70,2011,2013,787.3,"CarenR_Dist_Lag",820.016122823893,NA,NA
7,70,2011,2014,688.2,"CarenR_Dist_Lag",444.734300148713,NA,NA
7,70,2011,2015,868.9,"CarenR_Dist_Lag",776.201730382286,NA,NA
7,70,2011,2016,729.5,"CarenR_Dist_Lag",257.552477473532,NA,NA
7,70,2011,2017,967.1,"CarenR_Dist_Lag",235.645281252729,NA,NA
7,70,2011,2018,759.6,"CarenR_Dist_Lag",710.480141719876,NA,NA
7,70,2011,2019,816.4,"CarenR_Dist_Lag",688.572945499073,NA,NA
7,70,2011,2020,848.3,"CarenR_Dist_Lag",666.66574927827,NA,NA
7,70,2011,2021,893.7,"CarenR_Dist_Lag",644.758553057467,NA,NA
7,70,2011,2012,649.5,"CarenR_Dist_Conf",841.923319044696,NA,NA
7,70,2011,2013,787.3,"CarenR_Dist_Conf",820.016122823893,NA,NA
7,70,2011,2014,688.2,"CarenR_Dist_Conf",602.576917155098,NA,NA
7,70,2011,2015,868.9,"CarenR_Dist_Conf",776.201730382286,NA,NA
7,70,2011,2016,729.5,"CarenR_Dist_Conf",558.762524713491,NA,NA
7,70,2011,2017,967.1,"CarenR_Dist_Conf",536.855328492688,NA,NA
7,70,2011,2018,759.6,"CarenR_Dist_Conf",514.948132271885,NA,NA
7,70,2011,2019,816.4,"CarenR_Dist_Conf",688.572945499073,NA,NA
7,70,2011,2020,848.3,"CarenR_Dist_Conf",666.66574927827,NA,NA
7,70,2011,2021,893.7,"CarenR_Dist_Conf",644.758553057467,NA,NA
7,70,2011,2012,649.5,"CarenR_Dist_Stack",1003.42772521581,NA,NA
7,70,2011,2013,787.3,"CarenR_Dist_Stack",1015.69793736819,NA,NA
7,70,2011,2014,688.2,"CarenR_Dist_Stack",558.135207531208,NA,NA
7,70,2011,2015,868.9,"CarenR_Dist_Stack",947.707514564105,NA,NA
7,70,2011,2016,729.5,"CarenR_Dist_Stack",518.365273585204,NA,NA
7,70,2011,2017,967.1,"CarenR_Dist_Stack",451.331035532104,NA,NA
7,70,2011,2018,759.6,"CarenR_Dist_Stack",511.643726976728,NA,NA
7,70,2011,2019,816.4,"CarenR_Dist_Stack",879.7712810704,NA,NA
7,70,2011,2020,848.3,"CarenR_Dist_Stack",962.81456969353,NA,NA
7,70,2011,2021,893.7,"CarenR_Dist_Stack",870.903328700142,NA,NA
7,70,2011,2012,649.5,"CarenR_Dist_Sup_FS",841.923319044696,NA,NA
7,70,2011,2013,787.3,"CarenR_Dist_Sup_FS",820.016122823893,NA,NA
7,70,2011,2014,688.2,"CarenR_Dist_Sup_FS",602.576917155098,NA,NA
7,70,2011,2015,868.9,"CarenR_Dist_Sup_FS",776.201730382286,NA,NA
7,70,2011,2016,729.5,"CarenR_Dist_Sup_FS",558.762524713491,NA,NA
7,70,2011,2017,967.1,"CarenR_Dist_Sup_FS",536.855328492688,NA,NA
7,70,2011,2018,759.6,"CarenR_Dist_Sup_FS",514.948132271885,NA,NA
7,70,2011,2019,816.4,"CarenR_Dist_Sup_FS",688.572945499073,NA,NA
7,70,2011,2020,848.3,"CarenR_Dist_Sup_FS",666.66574927827,NA,NA
7,70,2011,2021,893.7,"CarenR_Dist_Sup_FS",644.758553057467,NA,NA
7,70,2011,2012,649.5,"CarenR_Supervised",689.132245647786,NA,NA
7,70,2011,2013,787.3,"CarenR_Supervised",1383.03969549102,NA,NA
7,70,2011,2014,688.2,"CarenR_Supervised",620.705400227443,NA,NA
7,70,2011,2015,868.9,"CarenR_Supervised",1404.18681845449,NA,NA
7,70,2011,2016,729.5,"CarenR_Supervised",1297.90660091872,NA,NA
7,70,2011,2017,967.1,"CarenR_Supervised",1245.34887936313,NA,NA
7,70,2011,2018,759.6,"CarenR_Supervised",511.198879363131,NA,NA
7,70,2011,2019,816.4,"CarenR_Supervised",1073.44904881017,NA,NA
7,70,2011,2020,848.3,"CarenR_Supervised",1147.14542354987,NA,NA
7,70,2011,2021,893.7,"CarenR_Supervised",491.967479660556,NA,NA
7,70,2011,2012,649.5,"M5Rules",879.041982103303,NA,NA
7,70,2011,2013,787.3,"M5Rules",1112.37406096802,NA,NA
7,70,2011,2014,688.2,"M5Rules",1154.9799330203,NA,NA
7,70,2011,2015,868.9,"M5Rules",1654.06490949427,NA,NA
7,70,2011,2016,729.5,"M5Rules",-164.626051432569,NA,NA
7,70,2011,2017,967.1,"M5Rules",702.229118536174,NA,NA
7,70,2011,2018,759.6,"M5Rules",348.382367548742,NA,NA
7,70,2011,2019,816.4,"M5Rules",1308.56616271895,NA,NA
7,70,2011,2020,848.3,"M5Rules",486.786873627868,NA,NA
7,70,2011,2021,893.7,"M5Rules",923.124709548398,NA,NA
8,71,2012,2013,787.3,"Naive",921.352313883309,NA,NA
8,71,2012,2014,688.2,"Naive",899.079745137501,NA,NA
8,71,2012,2015,868.9,"Naive",876.807176391693,NA,NA
8,71,2012,2016,729.5,"Naive",854.534607645885,NA,NA
8,71,2012,2017,967.1,"Naive",832.262038900077,NA,NA
8,71,2012,2018,759.6,"Naive",809.98947015427,NA,NA
8,71,2012,2019,816.4,"Naive",787.716901408462,NA,NA
8,71,2012,2020,848.3,"Naive",765.444332662654,NA,NA
8,71,2012,2021,893.7,"Naive",743.171763916846,NA,NA
8,71,2012,2013,787.3,"Naive_Median",799.289268947027,NA,NA
8,71,2012,2014,688.2,"Naive_Median",777.01670020122,NA,NA
8,71,2012,2015,868.9,"Naive_Median",754.744131455412,NA,NA
8,71,2012,2016,729.5,"Naive_Median",732.471562709604,NA,NA
8,71,2012,2017,967.1,"Naive_Median",710.198993963796,NA,NA
8,71,2012,2018,759.6,"Naive_Median",687.926425217988,NA,NA
8,71,2012,2019,816.4,"Naive_Median",665.65385647218,NA,NA
8,71,2012,2020,848.3,"Naive_Median",643.381287726372,NA,NA
8,71,2012,2021,893.7,"Naive_Median",621.108718980564,NA,NA
8,71,2012,2013,787.3,"Naive_MA",719.480871898056,NA,NA
8,71,2012,2014,688.2,"Naive_MA",697.208303152249,NA,NA
8,71,2012,2015,868.9,"Naive_MA",674.935734406441,NA,NA
8,71,2012,2016,729.5,"Naive_MA",652.663165660633,NA,NA
8,71,2012,2017,967.1,"Naive_MA",630.390596914825,NA,NA
8,71,2012,2018,759.6,"Naive_MA",608.118028169017,NA,NA
8,71,2012,2019,816.4,"Naive_MA",585.845459423209,NA,NA
8,71,2012,2020,848.3,"Naive_MA",563.572890677401,NA,NA
8,71,2012,2021,893.7,"Naive_MA",541.300321931593,NA,NA
8,71,2012,2013,787.3,"DT",1257.81607981221,NA,NA
8,71,2012,2014,688.2,"DT",521.767622401081,NA,NA
8,71,2012,2015,868.9,"DT",499.495053655273,NA,NA
8,71,2012,2016,729.5,"DT",-105.769002906313,NA,NA
8,71,2012,2017,967.1,"DT",1168.72580482898,NA,NA
8,71,2012,2018,759.6,"DT",1146.45323608317,NA,NA
8,71,2012,2019,816.4,"DT",410.404778672042,NA,NA
8,71,2012,2020,848.3,"DT",1101.90809859156,NA,NA
8,71,2012,2021,893.7,"DT",365.859641180426,NA,NA
8,71,2012,2013,787.3,"Ripper",1687.1960168418,1522.86784078116,1851.52419290245
8,71,2012,2014,688.2,"Ripper",690.880613309494,658.400285539768,723.360941079219
8,71,2012,2015,868.9,"Ripper",668.608044563686,636.12771679396,701.088372333411
8,71,2012,2016,729.5,"Ripper",190.538534913195,38.0317536137427,343.045316212646
8,71,2012,2017,967.1,"Ripper",624.06290707207,591.582579302344,656.543234841796
8,71,2012,2018,759.6,"Ripper",601.790338326262,569.310010556536,634.270666095988
8,71,2012,2019,816.4,"Ripper",579.517769580454,547.037441810728,611.99809735018
8,71,2012,2020,848.3,"Ripper",878.051804947341,781.679114003585,974.424495891098
8,71,2012,2021,893.7,"Ripper",534.972632088838,502.492304319113,567.452959858564
8,71,2012,2013,787.3,"CarenR_Dist",784.361046188843,NA,NA
8,71,2012,2014,688.2,"CarenR_Dist",511.898457135136,NA,NA
8,71,2012,2015,868.9,"CarenR_Dist",718.355194252775,NA,NA
8,71,2012,2016,729.5,"CarenR_Dist",479.694795309078,NA,NA
8,71,2012,2017,967.1,"CarenR_Dist",458.764737260781,NA,NA
8,71,2012,2018,759.6,"CarenR_Dist",442.362126844962,NA,NA
8,71,2012,2019,816.4,"CarenR_Dist",883.880706461001,NA,NA
8,71,2012,2020,848.3,"CarenR_Dist",1131.59812206574,NA,NA
8,71,2012,2021,893.7,"CarenR_Dist",377.876056338034,NA,NA
8,71,2012,2013,787.3,"CarenR_Dist_FS",799.289268947027,NA,NA
8,71,2012,2014,688.2,"CarenR_Dist_FS",456.780715059598,NA,NA
8,71,2012,2015,868.9,"CarenR_Dist_FS",754.744131455412,NA,NA
8,71,2012,2016,729.5,"CarenR_Dist_FS",474.566619618214,NA,NA
8,71,2012,2017,967.1,"CarenR_Dist_FS",430.863046572125,NA,NA
8,71,2012,2018,759.6,"CarenR_Dist_FS",443.217314672357,NA,NA
8,71,2012,2019,816.4,"CarenR_Dist_FS",665.65385647218,NA,NA
8,71,2012,2020,848.3,"CarenR_Dist_FS",643.381287726372,NA,NA
8,71,2012,2021,893.7,"CarenR_Dist_FS",621.108718980564,NA,NA
8,71,2012,2013,787.3,"CarenR_Dist_Thresh",799.289268947027,NA,NA
8,71,2012,2014,688.2,"CarenR_Dist_Thresh",479.007112947965,NA,NA
8,71,2012,2015,868.9,"CarenR_Dist_Thresh",754.744131455412,NA,NA
8,71,2012,2016,729.5,"CarenR_Dist_Thresh",434.461975456349,NA,NA
8,71,2012,2017,967.1,"CarenR_Dist_Thresh",412.189406710541,NA,NA
8,71,2012,2018,759.6,"CarenR_Dist_Thresh",502.160093896723,NA,NA
8,71,2012,2019,816.4,"CarenR_Dist_Thresh",665.65385647218,NA,NA
8,71,2012,2020,848.3,"CarenR_Dist_Thresh",643.381287726372,NA,NA
8,71,2012,2021,893.7,"CarenR_Dist_Thresh",621.108718980564,NA,NA
8,71,2012,2013,787.3,"CarenR_Dist_Sup",799.289268947027,NA,NA
8,71,2012,2014,688.2,"CarenR_Dist_Sup",591.250368879954,NA,NA
8,71,2012,2015,868.9,"CarenR_Dist_Sup",754.744131455412,NA,NA
8,71,2012,2016,729.5,"CarenR_Dist_Sup",546.705231388338,NA,NA
8,71,2012,2017,967.1,"CarenR_Dist_Sup",524.432662642531,NA,NA
8,71,2012,2018,759.6,"CarenR_Dist_Sup",502.160093896723,NA,NA
8,71,2012,2019,816.4,"CarenR_Dist_Sup",665.65385647218,NA,NA
8,71,2012,2020,848.3,"CarenR_Dist_Sup",643.381287726372,NA,NA
8,71,2012,2021,893.7,"CarenR_Dist_Sup",621.108718980564,NA,NA
8,71,2012,2013,787.3,"CarenR_Dist_Sup_Thresh",799.289268947027,NA,NA
8,71,2012,2014,688.2,"CarenR_Dist_Sup_Thresh",591.250368879954,NA,NA
8,71,2012,2015,868.9,"CarenR_Dist_Sup_Thresh",754.744131455412,NA,NA
8,71,2012,2016,729.5,"CarenR_Dist_Sup_Thresh",546.705231388338,NA,NA
8,71,2012,2017,967.1,"CarenR_Dist_Sup_Thresh",524.432662642531,NA,NA
8,71,2012,2018,759.6,"CarenR_Dist_Sup_Thresh",502.160093896723,NA,NA
8,71,2012,2019,816.4,"CarenR_Dist_Sup_Thresh",665.65385647218,NA,NA
8,71,2012,2020,848.3,"CarenR_Dist_Sup_Thresh",643.381287726372,NA,NA
8,71,2012,2021,893.7,"CarenR_Dist_Sup_Thresh",621.108718980564,NA,NA
8,71,2012,2013,787.3,"CarenR_Dist_Eta2",799.289268947027,NA,NA
8,71,2012,2014,688.2,"CarenR_Dist_Eta2",456.780715059598,NA,NA
8,71,2012,2015,868.9,"CarenR_Dist_Eta2",754.744131455412,NA,NA
8,71,2012,2016,729.5,"CarenR_Dist_Eta2",434.461975456349,NA,NA
8,71,2012,2017,967.1,"CarenR_Dist_Eta2",389.963008822174,NA,NA
8,71,2012,2018,759.6,"CarenR_Dist_Eta2",427.438474707909,NA,NA
8,71,2012,2019,816.4,"CarenR_Dist_Eta2",665.65385647218,NA,NA
8,71,2012,2020,848.3,"CarenR_Dist_Eta2",643.381287726372,NA,NA
8,71,2012,2021,893.7,"CarenR_Dist_Eta2",621.108718980564,NA,NA
8,71,2012,2013,787.3,"CarenR_Dist_Lag",799.289268947027,NA,NA
8,71,2012,2014,688.2,"CarenR_Dist_Lag",294.607478202553,NA,NA
8,71,2012,2015,868.9,"CarenR_Dist_Lag",754.744131455412,NA,NA
8,71,2012,2016,729.5,"CarenR_Dist_Lag",250.062340710938,NA,NA
8,71,2012,2017,967.1,"CarenR_Dist_Lag",227.78977196513,NA,NA
8,71,2012,2018,759.6,"CarenR_Dist_Lag",687.926425217988,NA,NA
8,71,2012,2019,816.4,"CarenR_Dist_Lag",665.65385647218,NA,NA
8,71,2012,2020,848.3,"CarenR_Dist_Lag",643.381287726372,NA,NA
8,71,2012,2021,893.7,"CarenR_Dist_Lag",621.108718980564,NA,NA
8,71,2012,2013,787.3,"CarenR_Dist_Conf",799.289268947027,NA,NA
8,71,2012,2014,688.2,"CarenR_Dist_Conf",591.250368879954,NA,NA
8,71,2012,2015,868.9,"CarenR_Dist_Conf",754.744131455412,NA,NA
8,71,2012,2016,729.5,"CarenR_Dist_Conf",546.705231388338,NA,NA
8,71,2012,2017,967.1,"CarenR_Dist_Conf",524.432662642531,NA,NA
8,71,2012,2018,759.6,"CarenR_Dist_Conf",502.160093896723,NA,NA
8,71,2012,2019,816.4,"CarenR_Dist_Conf",665.65385647218,NA,NA
8,71,2012,2020,848.3,"CarenR_Dist_Conf",643.381287726372,NA,NA
8,71,2012,2021,893.7,"CarenR_Dist_Conf",621.108718980564,NA,NA
8,71,2012,2013,787.3,"CarenR_Dist_Stack",999.747228976444,NA,NA
8,71,2012,2014,688.2,"CarenR_Dist_Stack",549.88526820376,NA,NA
8,71,2012,2015,868.9,"CarenR_Dist_Stack",932.08718425414,NA,NA
8,71,2012,2016,729.5,"CarenR_Dist_Stack",509.667703945321,NA,NA
8,71,2012,2017,967.1,"CarenR_Dist_Stack",441.68680042247,NA,NA
8,71,2012,2018,759.6,"CarenR_Dist_Stack",502.748155316876,NA,NA
8,71,2012,2019,816.4,"CarenR_Dist_Stack",862.787977718047,NA,NA
8,71,2012,2020,848.3,"CarenR_Dist_Stack",946.83653440596,NA,NA
8,71,2012,2021,893.7,"CarenR_Dist_Stack",854.002767494795,NA,NA
8,71,2012,2013,787.3,"CarenR_Dist_Sup_FS",799.289268947027,NA,NA
8,71,2012,2014,688.2,"CarenR_Dist_Sup_FS",591.250368879954,NA,NA
8,71,2012,2015,868.9,"CarenR_Dist_Sup_FS",754.744131455412,NA,NA
8,71,2012,2016,729.5,"CarenR_Dist_Sup_FS",546.705231388338,NA,NA
8,71,2012,2017,967.1,"CarenR_Dist_Sup_FS",524.432662642531,NA,NA
8,71,2012,2018,759.6,"CarenR_Dist_Sup_FS",502.160093896723,NA,NA
8,71,2012,2019,816.4,"CarenR_Dist_Sup_FS",665.65385647218,NA,NA
8,71,2012,2020,848.3,"CarenR_Dist_Sup_FS",643.381287726372,NA,NA
8,71,2012,2021,893.7,"CarenR_Dist_Sup_FS",621.108718980564,NA,NA
8,71,2012,2013,787.3,"CarenR_Supervised",1372.01587832078,NA,NA
8,71,2012,2014,688.2,"CarenR_Supervised",598.60933218358,NA,NA
8,71,2012,2015,868.9,"CarenR_Supervised",1384.8271382242,NA,NA
8,71,2012,2016,729.5,"CarenR_Supervised",1280.55242715554,NA,NA
8,71,2012,2017,967.1,"CarenR_Supervised",710.198993963796,NA,NA
8,71,2012,2018,759.6,"CarenR_Supervised",503.526056338034,NA,NA
8,71,2012,2019,816.4,"CarenR_Supervised",1039.74176503466,NA,NA
8,71,2012,2020,848.3,"CarenR_Supervised",1150.22049562847,NA,NA
8,71,2012,2021,893.7,"CarenR_Supervised",857.617818019235,NA,NA
8,71,2012,2013,787.3,"M5Rules",1138.97611120187,NA,NA
8,71,2012,2014,688.2,"M5Rules",1089.64057426907,NA,NA
8,71,2012,2015,868.9,"M5Rules",1651.8675575173,NA,NA
8,71,2012,2016,729.5,"M5Rules",86.834121009095,NA,NA
8,71,2012,2017,967.1,"M5Rules",671.982323851725,NA,NA
8,71,2012,2018,759.6,"M5Rules",462.603328257263,NA,NA
8,71,2012,2019,816.4,"M5Rules",1132.49043901537,NA,NA
8,71,2012,2020,848.3,"M5Rules",662.794102312864,NA,NA
8,71,2012,2021,893.7,"M5Rules",811.215840965947,NA,NA
9,72,2013,2014,688.2,"Naive",891.632394366183,NA,NA
9,72,2013,2015,868.9,"Naive",869.2067978648,NA,NA
9,72,2013,2016,729.5,"Naive",846.781201363417,NA,NA
9,72,2013,2017,967.1,"Naive",824.355604862033,NA,NA
9,72,2013,2018,759.6,"Naive",801.93000836065,NA,NA
9,72,2013,2019,816.4,"Naive",779.504411859267,NA,NA
9,72,2013,2020,848.3,"Naive",757.078815357884,NA,NA
9,72,2013,2021,893.7,"Naive",734.653218856501,NA,NA
9,72,2013,2014,688.2,"Naive_Median",768.174946941909,NA,NA
9,72,2013,2015,868.9,"Naive_Median",745.749350440526,NA,NA
9,72,2013,2016,729.5,"Naive_Median",723.323753939143,NA,NA
9,72,2013,2017,967.1,"Naive_Median",700.89815743776,NA,NA
9,72,2013,2018,759.6,"Naive_Median",678.472560936376,NA,NA
9,72,2013,2019,816.4,"Naive_Median",656.046964434993,NA,NA
9,72,2013,2020,848.3,"Naive_Median",633.62136793361,NA,NA
9,72,2013,2021,893.7,"Naive_Median",611.195771432227,NA,NA
9,72,2013,2014,688.2,"Naive_MA",713.479219242393,NA,NA
9,72,2013,2015,868.9,"Naive_MA",691.05362274101,NA,NA
9,72,2013,2016,729.5,"Naive_MA",668.628026239627,NA,NA
9,72,2013,2017,967.1,"Naive_MA",646.202429738243,NA,NA
9,72,2013,2018,759.6,"Naive_MA",623.77683323686,NA,NA
9,72,2013,2019,816.4,"Naive_MA",601.351236735477,NA,NA
9,72,2013,2020,848.3,"Naive_MA",578.925640234094,NA,NA
9,72,2013,2021,893.7,"Naive_MA",556.500043732711,NA,NA
9,72,2013,2014,688.2,"DT",516.822913049058,NA,NA
9,72,2013,2015,868.9,"DT",494.397316547675,NA,NA
9,72,2013,2016,729.5,"DT",-113.751950822153,NA,NA
9,72,2013,2017,967.1,"DT",1083.57510933178,NA,NA
9,72,2013,2018,759.6,"DT",1220.6444697408,NA,NA
9,72,2013,2019,816.4,"DT",404.694930542142,NA,NA
9,72,2013,2020,848.3,"DT",1016.29831982763,NA,NA
9,72,2013,2021,893.7,"DT",359.843737539376,NA,NA
9,72,2013,2014,688.2,"Ripper",1658.37726077417,1494.12661581234,1822.62790573599
9,72,2013,2015,868.9,"Ripper",1635.95166427278,1471.70101931095,1800.20230923461
9,72,2013,2016,729.5,"Ripper",183.567270492547,30.4169508732982,336.717590111795
9,72,2013,2017,967.1,"Ripper",1591.10047127002,1426.84982630819,1755.35111623185
9,72,2013,2018,759.6,"Ripper",138.716077489781,-14.434242129468,291.866397109029
9,72,2013,2019,816.4,"Ripper",1546.24927826725,1381.99863330542,1710.49992322908
9,72,2013,2020,848.3,"Ripper",858.765920637967,764.336554525099,953.195286750835
9,72,2013,2021,893.7,"Ripper",836.340324136584,741.910958023716,930.769690249452
9,72,2013,2014,688.2,"CarenR_Dist",521.594922455405,NA,NA
9,72,2013,2015,868.9,"CarenR_Dist",888.000385423581,NA,NA
9,72,2013,2016,729.5,"CarenR_Dist",477.632684406452,NA,NA
9,72,2013,2017,967.1,"CarenR_Dist",465.52082087583,NA,NA
9,72,2013,2018,759.6,"CarenR_Dist",438.472586938355,NA,NA
9,72,2013,2019,816.4,"CarenR_Dist",982.04884201658,NA,NA
9,72,2013,2020,848.3,"CarenR_Dist",633.62136793361,NA,NA
9,72,2013,2021,893.7,"CarenR_Dist",420.94815743776,NA,NA
9,72,2013,2014,688.2,"CarenR_Dist_FS",451.095145371689,NA,NA
9,72,2013,2015,868.9,"CarenR_Dist_FS",745.749350440526,NA,NA
9,72,2013,2016,729.5,"CarenR_Dist_FS",470.115110728422,NA,NA
9,72,2013,2017,967.1,"CarenR_Dist_FS",425.225280113678,NA,NA
9,72,2013,2018,759.6,"CarenR_Dist_FS",437.730819553352,NA,NA
9,72,2013,2019,816.4,"CarenR_Dist_FS",656.046964434993,NA,NA
9,72,2013,2020,848.3,"CarenR_Dist_FS",633.62136793361,NA,NA
9,72,2013,2021,893.7,"CarenR_Dist_FS",611.195771432227,NA,NA
9,72,2013,2014,688.2,"CarenR_Dist_Thresh",474.987032450152,NA,NA
9,72,2013,2015,868.9,"CarenR_Dist_Thresh",745.749350440526,NA,NA
9,72,2013,2016,729.5,"CarenR_Dist_Thresh",430.135839447385,NA,NA
9,72,2013,2017,967.1,"CarenR_Dist_Thresh",407.710242946002,NA,NA
9,72,2013,2018,759.6,"CarenR_Dist_Thresh",496.804122451591,NA,NA
9,72,2013,2019,816.4,"CarenR_Dist_Thresh",656.046964434993,NA,NA
9,72,2013,2020,848.3,"CarenR_Dist_Thresh",633.62136793361,NA,NA
9,72,2013,2021,893.7,"CarenR_Dist_Thresh",611.195771432227,NA,NA
9,72,2013,2014,688.2,"CarenR_Dist_Sup",586.506508457123,NA,NA
9,72,2013,2015,868.9,"CarenR_Dist_Sup",745.749350440526,NA,NA
9,72,2013,2016,729.5,"CarenR_Dist_Sup",541.655315454357,NA,NA
9,72,2013,2017,967.1,"CarenR_Dist_Sup",519.229718952974,NA,NA
9,72,2013,2018,759.6,"CarenR_Dist_Sup",496.804122451591,NA,NA
9,72,2013,2019,816.4,"CarenR_Dist_Sup",656.046964434993,NA,NA
9,72,2013,2020,848.3,"CarenR_Dist_Sup",633.62136793361,NA,NA
9,72,2013,2021,893.7,"CarenR_Dist_Sup",611.195771432227,NA,NA
9,72,2013,2014,688.2,"CarenR_Dist_Sup_Thresh",586.506508457123,NA,NA
9,72,2013,2015,868.9,"CarenR_Dist_Sup_Thresh",745.749350440526,NA,NA
9,72,2013,2016,729.5,"CarenR_Dist_Sup_Thresh",541.655315454357,NA,NA
9,72,2013,2017,967.1,"CarenR_Dist_Sup_Thresh",519.229718952974,NA,NA
9,72,2013,2018,759.6,"CarenR_Dist_Sup_Thresh",496.804122451591,NA,NA
9,72,2013,2019,816.4,"CarenR_Dist_Sup_Thresh",656.046964434993,NA,NA
9,72,2013,2020,848.3,"CarenR_Dist_Sup_Thresh",633.62136793361,NA,NA
9,72,2013,2021,893.7,"CarenR_Dist_Sup_Thresh",611.195771432227,NA,NA
9,72,2013,2014,688.2,"CarenR_Dist_Eta2",451.095145371689,NA,NA
9,72,2013,2015,868.9,"CarenR_Dist_Eta2",745.749350440526,NA,NA
9,72,2013,2016,729.5,"CarenR_Dist_Eta2",430.135839447385,NA,NA
9,72,2013,2017,967.1,"CarenR_Dist_Eta2",383.818355867539,NA,NA
9,72,2013,2018,759.6,"CarenR_Dist_Eta2",420.0891153941,NA,NA
9,72,2013,2019,816.4,"CarenR_Dist_Eta2",656.046964434993,NA,NA
9,72,2013,2020,848.3,"CarenR_Dist_Eta2",633.62136793361,NA,NA
9,72,2013,2021,893.7,"CarenR_Dist_Eta2",611.195771432227,NA,NA
9,72,2013,2014,688.2,"CarenR_Dist_Lag",291.776464724412,NA,NA
9,72,2013,2015,868.9,"CarenR_Dist_Lag",745.749350440526,NA,NA
9,72,2013,2016,729.5,"CarenR_Dist_Lag",246.925271721646,NA,NA
9,72,2013,2017,967.1,"CarenR_Dist_Lag",224.499675220263,NA,NA
9,72,2013,2018,759.6,"CarenR_Dist_Lag",678.472560936376,NA,NA
9,72,2013,2019,816.4,"CarenR_Dist_Lag",656.046964434993,NA,NA
9,72,2013,2020,848.3,"CarenR_Dist_Lag",633.62136793361,NA,NA
9,72,2013,2021,893.7,"CarenR_Dist_Lag",611.195771432227,NA,NA
9,72,2013,2014,688.2,"CarenR_Dist_Conf",586.506508457123,NA,NA
9,72,2013,2015,868.9,"CarenR_Dist_Conf",745.749350440526,NA,NA
9,72,2013,2016,729.5,"CarenR_Dist_Conf",541.655315454357,NA,NA
9,72,2013,2017,967.1,"CarenR_Dist_Conf",519.229718952974,NA,NA
9,72,2013,2018,759.6,"CarenR_Dist_Conf",496.804122451591,NA,NA
9,72,2013,2019,816.4,"CarenR_Dist_Conf",656.046964434993,NA,NA
9,72,2013,2020,848.3,"CarenR_Dist_Conf",633.62136793361,NA,NA
9,72,2013,2021,893.7,"CarenR_Dist_Conf",611.195771432227,NA,NA
9,72,2013,2014,688.2,"CarenR_Dist_Stack",546.518458094656,NA,NA
9,72,2013,2015,868.9,"CarenR_Dist_Stack",924.398848796375,NA,NA
9,72,2013,2016,729.5,"CarenR_Dist_Stack",506.107738352759,NA,NA
9,72,2013,2017,967.1,"CarenR_Dist_Stack",437.733259543414,NA,NA
9,72,2013,2018,759.6,"CarenR_Dist_Stack",499.077598221824,NA,NA
9,72,2013,2019,816.4,"CarenR_Dist_Stack",854.470926103062,NA,NA
9,72,2013,2020,848.3,"CarenR_Dist_Stack",938.900748314134,NA,NA
9,72,2013,2021,893.7,"CarenR_Dist_Stack",845.714879575156,NA,NA
9,72,2013,2014,688.2,"CarenR_Dist_Sup_FS",586.506508457123,NA,NA
9,72,2013,2015,868.9,"CarenR_Dist_Sup_FS",745.749350440526,NA,NA
9,72,2013,2016,729.5,"CarenR_Dist_Sup_FS",541.655315454357,NA,NA
9,72,2013,2017,967.1,"CarenR_Dist_Sup_FS",519.229718952974,NA,NA
9,72,2013,2018,759.6,"CarenR_Dist_Sup_FS",496.804122451591,NA,NA
9,72,2013,2019,816.4,"CarenR_Dist_Sup_FS",656.046964434993,NA,NA
9,72,2013,2020,848.3,"CarenR_Dist_Sup_FS",633.62136793361,NA,NA
9,72,2013,2021,893.7,"CarenR_Dist_Sup_FS",611.195771432227,NA,NA
9,72,2013,2014,688.2,"CarenR_Supervised",604.648806997234,NA,NA
9,72,2013,2015,868.9,"CarenR_Supervised",1357.02494985023,NA,NA
9,72,2013,2016,729.5,"CarenR_Supervised",1195.84250077593,NA,NA
9,72,2013,2017,967.1,"CarenR_Supervised",1234.46247347095,NA,NA
9,72,2013,2018,759.6,"CarenR_Supervised",678.472560936376,NA,NA
9,72,2013,2019,816.4,"CarenR_Supervised",1034.67399586253,NA,NA
9,72,2013,2020,848.3,"CarenR_Supervised",1123.64509276191,NA,NA
9,72,2013,2021,893.7,"CarenR_Supervised",852.606159024147,NA,NA
9,72,2013,2014,688.2,"M5Rules",1079.9422442576,NA,NA
9,72,2013,2015,868.9,"M5Rules",1628.4924166091,NA,NA
9,72,2013,2016,729.5,"M5Rules",83.1662865656979,NA,NA
9,72,2013,2017,967.1,"M5Rules",662.996815193401,NA,NA
9,72,2013,2018,759.6,"M5Rules",456.213004745886,NA,NA
9,72,2013,2019,816.4,"M5Rules",1113.34318069203,NA,NA
9,72,2013,2020,848.3,"M5Rules",645.833744761923,NA,NA
9,72,2013,2021,893.7,"M5Rules",797.39895324601,NA,NA
10,73,2014,2015,868.9,"Naive",858.059817351598,NA,NA
10,73,2014,2016,729.5,"Naive",835.408268542514,NA,NA
10,73,2014,2017,967.1,"Naive",812.756719733431,NA,NA
10,73,2014,2018,759.6,"Naive",790.105170924348,NA,NA
10,73,2014,2019,816.4,"Naive",767.453622115265,NA,NA
10,73,2014,2020,848.3,"Naive",744.802073306182,NA,NA
10,73,2014,2021,893.7,"Naive",722.150524497099,NA,NA
10,73,2014,2015,868.9,"Naive_Median",737.432963100086,NA,NA
10,73,2014,2016,729.5,"Naive_Median",714.781414291003,NA,NA
10,73,2014,2017,967.1,"Naive_Median",692.12986548192,NA,NA
10,73,2014,2018,759.6,"Naive_Median",669.478316672837,NA,NA
10,73,2014,2019,816.4,"Naive_Median",646.826767863754,NA,NA
10,73,2014,2020,848.3,"Naive_Median",624.175219054671,NA,NA
10,73,2014,2021,893.7,"Naive_Median",601.523670245588,NA,NA
10,73,2014,2015,868.9,"Naive_MA",682.396481550043,NA,NA
10,73,2014,2016,729.5,"Naive_MA",659.74493274096,NA,NA
10,73,2014,2017,967.1,"Naive_MA",637.093383931877,NA,NA
10,73,2014,2018,759.6,"Naive_MA",614.441835122794,NA,NA
10,73,2014,2019,816.4,"Naive_MA",591.790286313711,NA,NA
10,73,2014,2020,848.3,"Naive_MA",569.138737504628,NA,NA
10,73,2014,2021,893.7,"Naive_MA",546.487188695545,NA,NA
10,73,2014,2015,868.9,"DT",565.492950379251,NA,NA
10,73,2014,2016,729.5,"DT",-125.5391295405,NA,NA
10,73,2014,2017,967.1,"DT",1076.51409971615,NA,NA
10,73,2014,2018,759.6,"DT",1210.97371097124,NA,NA
10,73,2014,2019,816.4,"DT",474.886755142919,NA,NA
10,73,2014,2020,848.3,"DT",1008.5594532889,NA,NA
10,73,2014,2021,893.7,"DT",429.583657524753,NA,NA
10,73,2014,2015,868.9,"Ripper",214.92148911709,64.3547065938633,365.488271640317
10,73,2014,2016,729.5,"Ripper",192.269940308007,41.7031577847802,342.836722831234
10,73,2014,2017,967.1,"Ripper",169.618391498924,19.051608975697,320.185174022151
10,73,2014,2018,759.6,"Ripper",146.966842689841,-3.59993983338597,297.533625213068
10,73,2014,2019,816.4,"Ripper",124.315293880758,-26.2514886424691,274.882076403985
10,73,2014,2020,848.3,"Ripper",101.663745071675,-48.9030374515521,252.230527594902
10,73,2014,2021,893.7,"Ripper",79.0121962625918,-71.5545862606352,229.578978785819
10,73,2014,2015,868.9,"CarenR_Dist",1019.08143550437,NA,NA
10,73,2014,2016,729.5,"CarenR_Dist",478.150269741365,NA,NA
10,73,2014,2017,967.1,"CarenR_Dist",472.459241860611,NA,NA
10,73,2014,2018,759.6,"CarenR_Dist",446.702721494844,NA,NA
10,73,2014,2019,816.4,"CarenR_Dist",970.589676945276,NA,NA
10,73,2014,2020,848.3,"CarenR_Dist",1114.35452918672,NA,NA
10,73,2014,2021,893.7,"CarenR_Dist",343.786498827594,NA,NA
10,73,2014,2015,868.9,"CarenR_Dist_FS",737.432963100086,NA,NA
10,73,2014,2016,729.5,"CarenR_Dist_FS",477.057889455864,NA,NA
10,73,2014,2017,967.1,"CarenR_Dist_FS",448.493475183483,NA,NA
10,73,2014,2018,759.6,"CarenR_Dist_FS",459.919274166534,NA,NA
10,73,2014,2019,816.4,"CarenR_Dist_FS",646.826767863754,NA,NA
10,73,2014,2020,848.3,"CarenR_Dist_FS",624.175219054671,NA,NA
10,73,2014,2021,893.7,"CarenR_Dist_FS",601.523670245588,NA,NA
10,73,2014,2015,868.9,"CarenR_Dist_Thresh",737.432963100086,NA,NA
10,73,2014,2016,729.5,"CarenR_Dist_Thresh",449.70110120658,NA,NA
10,73,2014,2017,967.1,"CarenR_Dist_Thresh",427.049552397497,NA,NA
10,73,2014,2018,759.6,"CarenR_Dist_Thresh",497.327205973096,NA,NA
10,73,2014,2019,816.4,"CarenR_Dist_Thresh",646.826767863754,NA,NA
10,73,2014,2020,848.3,"CarenR_Dist_Thresh",624.175219054671,NA,NA
10,73,2014,2021,893.7,"CarenR_Dist_Thresh",601.523670245588,NA,NA
10,73,2014,2015,868.9,"CarenR_Dist_Sup",737.432963100086,NA,NA
10,73,2014,2016,729.5,"CarenR_Dist_Sup",542.630303591262,NA,NA
10,73,2014,2017,967.1,"CarenR_Dist_Sup",519.978754782179,NA,NA
10,73,2014,2018,759.6,"CarenR_Dist_Sup",497.327205973096,NA,NA
10,73,2014,2019,816.4,"CarenR_Dist_Sup",646.826767863754,NA,NA
10,73,2014,2020,848.3,"CarenR_Dist_Sup",624.175219054671,NA,NA
10,73,2014,2021,893.7,"CarenR_Dist_Sup",601.523670245588,NA,NA
10,73,2014,2015,868.9,"CarenR_Dist_Sup_Thresh",737.432963100086,NA,NA
10,73,2014,2016,729.5,"CarenR_Dist_Sup_Thresh",542.630303591262,NA,NA
10,73,2014,2017,967.1,"CarenR_Dist_Sup_Thresh",519.978754782179,NA,NA
10,73,2014,2018,759.6,"CarenR_Dist_Sup_Thresh",497.327205973096,NA,NA
10,73,2014,2019,816.4,"CarenR_Dist_Sup_Thresh",646.826767863754,NA,NA
10,73,2014,2020,848.3,"CarenR_Dist_Sup_Thresh",624.175219054671,NA,NA
10,73,2014,2021,893.7,"CarenR_Dist_Sup_Thresh",601.523670245588,NA,NA
10,73,2014,2015,868.9,"CarenR_Dist_Eta2",737.432963100086,NA,NA
10,73,2014,2016,729.5,"CarenR_Dist_Eta2",467.509462370098,NA,NA
10,73,2014,2017,967.1,"CarenR_Dist_Eta2",439.788076879738,NA,NA
10,73,2014,2018,759.6,"CarenR_Dist_Eta2",458.533401209428,NA,NA
10,73,2014,2019,816.4,"CarenR_Dist_Eta2",646.826767863754,NA,NA
10,73,2014,2020,848.3,"CarenR_Dist_Eta2",624.175219054671,NA,NA
10,73,2014,2021,893.7,"CarenR_Dist_Eta2",601.523670245588,NA,NA
10,73,2014,2015,868.9,"CarenR_Dist_Lag",737.432963100086,NA,NA
10,73,2014,2016,729.5,"CarenR_Dist_Lag",301.014377391089,NA,NA
10,73,2014,2017,967.1,"CarenR_Dist_Lag",278.362828582006,NA,NA
10,73,2014,2018,759.6,"CarenR_Dist_Lag",669.478316672837,NA,NA
10,73,2014,2019,816.4,"CarenR_Dist_Lag",646.826767863754,NA,NA
10,73,2014,2020,848.3,"CarenR_Dist_Lag",624.175219054671,NA,NA
10,73,2014,2021,893.7,"CarenR_Dist_Lag",601.523670245588,NA,NA
10,73,2014,2015,868.9,"CarenR_Dist_Conf",737.432963100086,NA,NA
10,73,2014,2016,729.5,"CarenR_Dist_Conf",542.630303591262,NA,NA
10,73,2014,2017,967.1,"CarenR_Dist_Conf",519.978754782179,NA,NA
10,73,2014,2018,759.6,"CarenR_Dist_Conf",497.327205973096,NA,NA
10,73,2014,2019,816.4,"CarenR_Dist_Conf",646.826767863754,NA,NA
10,73,2014,2020,848.3,"CarenR_Dist_Conf",624.175219054671,NA,NA
10,73,2014,2021,893.7,"CarenR_Dist_Conf",601.523670245588,NA,NA
10,73,2014,2015,868.9,"CarenR_Dist_Stack",921.075835094749,NA,NA
10,73,2014,2016,729.5,"CarenR_Dist_Stack",507.987562925173,NA,NA
10,73,2014,2017,967.1,"CarenR_Dist_Stack",439.751044133861,NA,NA
10,73,2014,2018,759.6,"CarenR_Dist_Stack",500.43251075863,NA,NA
10,73,2014,2019,816.4,"CarenR_Dist_Stack",850.407312934237,NA,NA
10,73,2014,2020,848.3,"CarenR_Dist_Stack",934.024946850053,NA,NA
10,73,2014,2021,893.7,"CarenR_Dist_Stack",841.182705346569,NA,NA
10,73,2014,2015,868.9,"CarenR_Dist_Sup_FS",737.432963100086,NA,NA
10,73,2014,2016,729.5,"CarenR_Dist_Sup_FS",542.630303591262,NA,NA
10,73,2014,2017,967.1,"CarenR_Dist_Sup_FS",519.978754782179,NA,NA
10,73,2014,2018,759.6,"CarenR_Dist_Sup_FS",497.327205973096,NA,NA
10,73,2014,2019,816.4,"CarenR_Dist_Sup_FS",646.826767863754,NA,NA
10,73,2014,2020,848.3,"CarenR_Dist_Sup_FS",624.175219054671,NA,NA
10,73,2014,2021,893.7,"CarenR_Dist_Sup_FS",601.523670245588,NA,NA
10,73,2014,2015,868.9,"CarenR_Supervised",1335.60613595288,NA,NA
10,73,2014,2016,729.5,"CarenR_Supervised",1192.10273961176,NA,NA
10,73,2014,2017,967.1,"CarenR_Supervised",1229.71747500926,NA,NA
10,73,2014,2018,759.6,"CarenR_Supervised",750.079379982721,NA,NA
10,73,2014,2019,816.4,"CarenR_Supervised",1239.197833131,NA,NA
10,73,2014,2020,848.3,"CarenR_Supervised",1105.27973146207,NA,NA
10,73,2014,2021,893.7,"CarenR_Supervised",601.523670245588,NA,NA
10,73,2014,2015,868.9,"M5Rules",1110.23068477236,NA,NA
10,73,2014,2016,729.5,"M5Rules",119.107092987594,NA,NA
10,73,2014,2017,967.1,"M5Rules",583.342986149494,NA,NA
10,73,2014,2018,759.6,"M5Rules",651.946115428296,NA,NA
10,73,2014,2019,816.4,"M5Rules",1028.20496771938,NA,NA
10,73,2014,2020,848.3,"M5Rules",705.933114722136,NA,NA
10,73,2014,2021,893.7,"M5Rules",870.096318449942,NA,NA
11,74,2015,2016,729.5,"Naive",835.994224361363,NA,NA
11,74,2015,2017,967.1,"Naive",813.354394668657,NA,NA
11,74,2015,2018,759.6,"Naive",790.714564975951,NA,NA
11,74,2015,2019,816.4,"Naive",768.074735283245,NA,NA
11,74,2015,2020,848.3,"Naive",745.434905590539,NA,NA
11,74,2015,2021,893.7,"Naive",722.795075897833,NA,NA
11,74,2015,2016,729.5,"Naive_Median",717.151277304705,NA,NA
11,74,2015,2017,967.1,"Naive_Median",694.511447611999,NA,NA
11,74,2015,2018,759.6,"Naive_Median",671.871617919293,NA,NA
11,74,2015,2019,816.4,"Naive_Median",649.231788226587,NA,NA
11,74,2015,2020,848.3,"Naive_Median",626.591958533881,NA,NA
11,74,2015,2021,893.7,"Naive_Median",603.952128841175,NA,NA
11,74,2015,2016,729.5,"Naive_MA",675.130936690117,NA,NA
11,74,2015,2017,967.1,"Naive_MA",652.491106997411,NA,NA
11,74,2015,2018,759.6,"Naive_MA",629.851277304705,NA,NA
11,74,2015,2019,816.4,"Naive_MA",607.211447611999,NA,NA
11,74,2015,2020,848.3,"Naive_MA",584.571617919293,NA,NA
11,74,2015,2021,893.7,"Naive_MA",561.931788226587,NA,NA
11,74,2015,2016,729.5,"DT",-124.92778230283,NA,NA
11,74,2015,2017,967.1,"DT",1076.88032210294,NA,NA
11,74,2015,2018,759.6,"DT",1211.47528915218,NA,NA
11,74,2015,2019,816.4,"DT",516.32318976512,NA,NA
11,74,2015,2020,848.3,"DT",1008.96083302482,NA,NA
11,74,2015,2021,893.7,"DT",471.043530379708,NA,NA
11,74,2015,2016,729.5,"Ripper",916.227757209277,832.17153079729,1000.28398362126
11,74,2015,2017,967.1,"Ripper",893.587927516571,809.531701104584,977.644153928559
11,74,2015,2018,759.6,"Ripper",870.948097823865,786.891871411878,955.004324235853
11,74,2015,2019,816.4,"Ripper",124.87657787566,-25.6386960337236,275.391851785043
11,74,2015,2020,848.3,"Ripper",825.668438438453,741.612212026466,909.724664850441
11,74,2015,2021,893.7,"Ripper",79.5969184902478,-70.9183554191357,230.112192399631
11,74,2015,2016,729.5,"CarenR_Dist",500.197295507851,NA,NA
11,74,2015,2017,967.1,"CarenR_Dist",482.200979229679,NA,NA
11,74,2015,2018,759.6,"CarenR_Dist",447.02606256943,NA,NA
11,74,2015,2019,816.4,"CarenR_Dist",949.255147887629,NA,NA
11,74,2015,2020,848.3,"CarenR_Dist",626.591958533881,NA,NA
11,74,2015,2021,893.7,"CarenR_Dist",344.266982599054,NA,NA
11,74,2015,2016,729.5,"CarenR_Dist_FS",502.602234163729,NA,NA
11,74,2015,2017,967.1,"CarenR_Dist_FS",472.485211293047,NA,NA
11,74,2015,2018,759.6,"CarenR_Dist_FS",460.367948907827,NA,NA
11,74,2015,2019,816.4,"CarenR_Dist_FS",844.783065531292,NA,NA
11,74,2015,2020,848.3,"CarenR_Dist_FS",626.591958533881,NA,NA
11,74,2015,2021,893.7,"CarenR_Dist_FS",603.952128841175,NA,NA
11,74,2015,2016,729.5,"CarenR_Dist_Thresh",494.071373322587,NA,NA
11,74,2015,2017,967.1,"CarenR_Dist_Thresh",471.431543629881,NA,NA
11,74,2015,2018,759.6,"CarenR_Dist_Thresh",497.878004442818,NA,NA
11,74,2015,2019,816.4,"CarenR_Dist_Thresh",649.231788226587,NA,NA
11,74,2015,2020,848.3,"CarenR_Dist_Thresh",626.591958533881,NA,NA
11,74,2015,2021,893.7,"CarenR_Dist_Thresh",603.952128841175,NA,NA
11,74,2015,2016,729.5,"CarenR_Dist_Sup",556.936848188291,NA,NA
11,74,2015,2017,967.1,"CarenR_Dist_Sup",534.297018495585,NA,NA
11,74,2015,2018,759.6,"CarenR_Dist_Sup",497.878004442818,NA,NA
11,74,2015,2019,816.4,"CarenR_Dist_Sup",649.231788226587,NA,NA
11,74,2015,2020,848.3,"CarenR_Dist_Sup",626.591958533881,NA,NA
11,74,2015,2021,893.7,"CarenR_Dist_Sup",603.952128841175,NA,NA
11,74,2015,2016,729.5,"CarenR_Dist_Sup_Thresh",556.936848188291,NA,NA
11,74,2015,2017,967.1,"CarenR_Dist_Sup_Thresh",534.297018495585,NA,NA
11,74,2015,2018,759.6,"CarenR_Dist_Sup_Thresh",497.878004442818,NA,NA
11,74,2015,2019,816.4,"CarenR_Dist_Sup_Thresh",649.231788226587,NA,NA
11,74,2015,2020,848.3,"CarenR_Dist_Sup_Thresh",626.591958533881,NA,NA
11,74,2015,2021,893.7,"CarenR_Dist_Sup_Thresh",603.952128841175,NA,NA
11,74,2015,2016,729.5,"CarenR_Dist_Eta2",498.453343996067,NA,NA
11,74,2015,2017,967.1,"CarenR_Dist_Eta2",466.600787579708,NA,NA
11,74,2015,2018,759.6,"CarenR_Dist_Eta2",459.037323213642,NA,NA
11,74,2015,2019,816.4,"CarenR_Dist_Eta2",649.231788226587,NA,NA
11,74,2015,2020,848.3,"CarenR_Dist_Eta2",626.591958533881,NA,NA
11,74,2015,2021,893.7,"CarenR_Dist_Eta2",603.952128841175,NA,NA
11,74,2015,2016,729.5,"CarenR_Dist_Lag",301.283917067762,NA,NA
11,74,2015,2017,967.1,"CarenR_Dist_Lag",278.644087375056,NA,NA
11,74,2015,2018,759.6,"CarenR_Dist_Lag",671.871617919293,NA,NA
11,74,2015,2019,816.4,"CarenR_Dist_Lag",649.231788226587,NA,NA
11,74,2015,2020,848.3,"CarenR_Dist_Lag",626.591958533881,NA,NA
11,74,2015,2021,893.7,"CarenR_Dist_Lag",603.952128841175,NA,NA
11,74,2015,2016,729.5,"CarenR_Dist_Conf",556.509685438103,NA,NA
11,74,2015,2017,967.1,"CarenR_Dist_Conf",533.869855745397,NA,NA
11,74,2015,2018,759.6,"CarenR_Dist_Conf",497.878004442818,NA,NA
11,74,2015,2019,816.4,"CarenR_Dist_Conf",649.231788226587,NA,NA
11,74,2015,2020,848.3,"CarenR_Dist_Conf",626.591958533881,NA,NA
11,74,2015,2021,893.7,"CarenR_Dist_Conf",603.952128841175,NA,NA
11,74,2015,2016,729.5,"CarenR_Dist_Stack",511.176094928548,NA,NA
11,74,2015,2017,967.1,"CarenR_Dist_Stack",442.918606289494,NA,NA
11,74,2015,2018,759.6,"CarenR_Dist_Stack",468.116839473576,NA,NA
11,74,2015,2019,816.4,"CarenR_Dist_Stack",849.602038407378,NA,NA
11,74,2015,2020,848.3,"CarenR_Dist_Stack",933.315456967772,NA,NA
11,74,2015,2021,893.7,"CarenR_Dist_Stack",840.416626240367,NA,NA
11,74,2015,2016,729.5,"CarenR_Dist_Sup_FS",556.936848188291,NA,NA
11,74,2015,2017,967.1,"CarenR_Dist_Sup_FS",534.297018495585,NA,NA
11,74,2015,2018,759.6,"CarenR_Dist_Sup_FS",497.878004442818,NA,NA
11,74,2015,2019,816.4,"CarenR_Dist_Sup_FS",649.231788226587,NA,NA
11,74,2015,2020,848.3,"CarenR_Dist_Sup_FS",626.591958533881,NA,NA
11,74,2015,2021,893.7,"CarenR_Dist_Sup_FS",603.952128841175,NA,NA
11,74,2015,2016,729.5,"CarenR_Supervised",1192.60553478616,NA,NA
11,74,2015,2017,967.1,"CarenR_Supervised",1229.96357645317,NA,NA
11,74,2015,2018,759.6,"CarenR_Supervised",871.521579520839,NA,NA
11,74,2015,2019,816.4,"CarenR_Supervised",1026.36283046258,NA,NA
11,74,2015,2020,848.3,"CarenR_Supervised",1101.68212445685,NA,NA
11,74,2015,2021,893.7,"CarenR_Supervised",836.780653364268,NA,NA
11,74,2015,2016,729.5,"M5Rules",105.245367559286,NA,NA
11,74,2015,2017,967.1,"M5Rules",656.660518564392,NA,NA
11,74,2015,2018,759.6,"M5Rules",639.597620270205,NA,NA
11,74,2015,2019,816.4,"M5Rules",1042.91581172162,NA,NA
11,74,2015,2020,848.3,"M5Rules",631.855215320037,NA,NA
11,74,2015,2021,893.7,"M5Rules",973.53224673537,NA,NA
12,75,2016,2017,967.1,"Naive",807.674702702703,NA,NA
12,75,2016,2018,759.6,"Naive",784.922773826458,NA,NA
12,75,2016,2019,816.4,"Naive",762.170844950214,NA,NA
12,75,2016,2020,848.3,"Naive",739.418916073969,NA,NA
12,75,2016,2021,893.7,"Naive",716.666987197724,NA,NA
12,75,2016,2017,967.1,"Naive_Median",696.292284495021,NA,NA
12,75,2016,2018,759.6,"Naive_Median",673.540355618777,NA,NA
12,75,2016,2019,816.4,"Naive_Median",650.788426742532,NA,NA
12,75,2016,2020,848.3,"Naive_Median",628.036497866287,NA,NA
12,75,2016,2021,893.7,"Naive_Median",605.284568990043,NA,NA
12,75,2016,2017,967.1,"Naive_MA",653.714391180654,NA,NA
12,75,2016,2018,759.6,"Naive_MA",630.96246230441,NA,NA
12,75,2016,2019,816.4,"Naive_MA",608.210533428165,NA,NA
12,75,2016,2020,848.3,"Naive_MA",585.45860455192,NA,NA
12,75,2016,2021,893.7,"Naive_MA",562.706675675676,NA,NA
12,75,2016,2017,967.1,"DT",1073.37722261735,NA,NA
12,75,2016,2018,759.6,"DT",1206.67744409673,NA,NA
12,75,2016,2019,816.4,"DT",512.760926821559,NA,NA
12,75,2016,2020,848.3,"DT",1005.12143598862,NA,NA
12,75,2016,2021,893.7,"DT",467.257069069069,NA,NA
12,75,2016,2017,967.1,"Ripper",1559.70510279254,1401.30917847771,1718.10102710738
12,75,2016,2018,759.6,"Ripper",1536.9531739163,1378.55724960146,1695.34909823114
12,75,2016,2019,816.4,"Ripper",1514.20124504005,1355.80532072522,1672.59716935489
12,75,2016,2020,848.3,"Ripper",1491.44931616381,1333.05339184897,1649.84524047865
12,75,2016,2021,893.7,"Ripper",1468.69738728756,1310.30146297273,1627.0933116024
12,75,2016,2017,967.1,"CarenR_Dist",482.0708222786,NA,NA
12,75,2016,2018,759.6,"CarenR_Dist",434.264084524269,NA,NA
12,75,2016,2019,816.4,"CarenR_Dist",954.265022380752,NA,NA
12,75,2016,2020,848.3,"CarenR_Dist",628.036497866287,NA,NA
12,75,2016,2021,893.7,"CarenR_Dist",339.670916073969,NA,NA
12,75,2016,2017,967.1,"CarenR_Dist_FS",419.380560455192,NA,NA
12,75,2016,2018,759.6,"CarenR_Dist_FS",419.224784921764,NA,NA
12,75,2016,2019,816.4,"CarenR_Dist_FS",842.765280227596,NA,NA
12,75,2016,2020,848.3,"CarenR_Dist_FS",628.036497866287,NA,NA
12,75,2016,2021,893.7,"CarenR_Dist_FS",605.284568990043,NA,NA
12,75,2016,2017,967.1,"CarenR_Dist_Thresh",696.292284495021,NA,NA
12,75,2016,2018,759.6,"CarenR_Dist_Thresh",673.540355618777,NA,NA
12,75,2016,2019,816.4,"CarenR_Dist_Thresh",650.788426742532,NA,NA
12,75,2016,2020,848.3,"CarenR_Dist_Thresh",628.036497866287,NA,NA
12,75,2016,2021,893.7,"CarenR_Dist_Thresh",605.284568990043,NA,NA
12,75,2016,2017,967.1,"CarenR_Dist_Sup",696.292284495021,NA,NA
12,75,2016,2018,759.6,"CarenR_Dist_Sup",673.540355618777,NA,NA
12,75,2016,2019,816.4,"CarenR_Dist_Sup",650.788426742532,NA,NA
12,75,2016,2020,848.3,"CarenR_Dist_Sup",628.036497866287,NA,NA
12,75,2016,2021,893.7,"CarenR_Dist_Sup",605.284568990043,NA,NA
12,75,2016,2017,967.1,"CarenR_Dist_Sup_Thresh",696.292284495021,NA,NA
12,75,2016,2018,759.6,"CarenR_Dist_Sup_Thresh",673.540355618777,NA,NA
12,75,2016,2019,816.4,"CarenR_Dist_Sup_Thresh",650.788426742532,NA,NA
12,75,2016,2020,848.3,"CarenR_Dist_Sup_Thresh",628.036497866287,NA,NA
12,75,2016,2021,893.7,"CarenR_Dist_Sup_Thresh",605.284568990043,NA,NA
12,75,2016,2017,967.1,"CarenR_Dist_Eta2",419.380560455192,NA,NA
12,75,2016,2018,759.6,"CarenR_Dist_Eta2",396.628631578948,NA,NA
12,75,2016,2019,816.4,"CarenR_Dist_Eta2",650.788426742532,NA,NA
12,75,2016,2020,848.3,"CarenR_Dist_Eta2",628.036497866287,NA,NA
12,75,2016,2021,893.7,"CarenR_Dist_Eta2",605.284568990043,NA,NA
12,75,2016,2017,967.1,"CarenR_Dist_Lag",696.292284495021,NA,NA
12,75,2016,2018,759.6,"CarenR_Dist_Lag",673.540355618777,NA,NA
12,75,2016,2019,816.4,"CarenR_Dist_Lag",650.788426742532,NA,NA
12,75,2016,2020,848.3,"CarenR_Dist_Lag",628.036497866287,NA,NA
12,75,2016,2021,893.7,"CarenR_Dist_Lag",605.284568990043,NA,NA
12,75,2016,2017,967.1,"CarenR_Dist_Conf",696.292284495021,NA,NA
12,75,2016,2018,759.6,"CarenR_Dist_Conf",673.540355618777,NA,NA
12,75,2016,2019,816.4,"CarenR_Dist_Conf",650.788426742532,NA,NA
12,75,2016,2020,848.3,"CarenR_Dist_Conf",628.036497866287,NA,NA
12,75,2016,2021,893.7,"CarenR_Dist_Conf",605.284568990043,NA,NA
12,75,2016,2017,967.1,"CarenR_Dist_Stack",708.313247324122,NA,NA
12,75,2016,2018,759.6,"CarenR_Dist_Stack",775.717005853495,NA,NA
12,75,2016,2019,816.4,"CarenR_Dist_Stack",704.980660657633,NA,NA
12,75,2016,2020,848.3,"CarenR_Dist_Stack",797.126067738693,NA,NA
12,75,2016,2021,893.7,"CarenR_Dist_Stack",699.384347973402,NA,NA
12,75,2016,2017,967.1,"CarenR_Dist_Sup_FS",696.292284495021,NA,NA
12,75,2016,2018,759.6,"CarenR_Dist_Sup_FS",673.540355618777,NA,NA
12,75,2016,2019,816.4,"CarenR_Dist_Sup_FS",650.788426742532,NA,NA
12,75,2016,2020,848.3,"CarenR_Dist_Sup_FS",628.036497866287,NA,NA
12,75,2016,2021,893.7,"CarenR_Dist_Sup_FS",605.284568990043,NA,NA
12,75,2016,2017,967.1,"CarenR_Supervised",1178.0430227596,NA,NA
12,75,2016,2018,759.6,"CarenR_Supervised",544.00919203414,NA,NA
12,75,2016,2019,816.4,"CarenR_Supervised",897.603804958857,NA,NA
12,75,2016,2020,848.3,"CarenR_Supervised",1099.53296653087,NA,NA
12,75,2016,2021,893.7,"CarenR_Supervised",792.219012328118,NA,NA
12,75,2016,2017,967.1,"M5Rules",700.838482551562,NA,NA
12,75,2016,2018,759.6,"M5Rules",900.387701882255,NA,NA
12,75,2016,2019,816.4,"M5Rules",1002.52977205517,NA,NA
12,75,2016,2020,848.3,"M5Rules",796.486855365048,NA,NA
12,75,2016,2021,893.7,"M5Rules",479.088321443966,NA,NA
13,76,2017,2018,759.6,"Naive",793.31357894737,NA,NA
13,76,2017,2019,816.4,"Naive",770.725107313741,NA,NA
13,76,2017,2020,848.3,"Naive",748.136635680111,NA,NA
13,76,2017,2021,893.7,"Naive",725.548164046482,NA,NA
13,76,2017,2018,759.6,"Naive_Median",679.340349282297,NA,NA
13,76,2017,2019,816.4,"Naive_Median",656.751877648667,NA,NA
13,76,2017,2020,848.3,"Naive_Median",634.163406015038,NA,NA
13,76,2017,2021,893.7,"Naive_Median",611.574934381408,NA,NA
13,76,2017,2018,759.6,"Naive_MA",680.453406015038,NA,NA
13,76,2017,2019,816.4,"Naive_MA",657.864934381408,NA,NA
13,76,2017,2020,848.3,"Naive_MA",635.276462747779,NA,NA
13,76,2017,2021,893.7,"Naive_MA",612.68799111415,NA,NA
13,76,2017,2018,759.6,"DT",1213.67341408066,NA,NA
13,76,2017,2019,816.4,"DT",517.955234753552,NA,NA
13,76,2017,2020,848.3,"DT",988.442794258375,NA,NA
13,76,2017,2021,893.7,"DT",472.778291486293,NA,NA
13,76,2017,2018,759.6,"Ripper",149.924830233481,-0.365834345823259,300.215494812785
13,76,2017,2019,816.4,"Ripper",1521.90094146851,1363.39250786963,1680.40937506738
13,76,2017,2020,848.3,"Ripper",104.747886966222,-45.5427776130822,255.038551545526
13,76,2017,2021,893.7,"Ripper",1476.72399820125,1318.21556460237,1635.23243180012
13,76,2017,2018,759.6,"CarenR_Dist",441.010250424041,NA,NA
13,76,2017,2019,816.4,"CarenR_Dist",912.868907723857,NA,NA
13,76,2017,2020,848.3,"CarenR_Dist",634.163406015038,NA,NA
13,76,2017,2021,893.7,"CarenR_Dist",611.574934381408,NA,NA
13,76,2017,2018,759.6,"CarenR_Dist_FS",447.255632946002,NA,NA
13,76,2017,2019,816.4,"CarenR_Dist_FS",656.751877648667,NA,NA
13,76,2017,2020,848.3,"CarenR_Dist_FS",634.163406015038,NA,NA
13,76,2017,2021,893.7,"CarenR_Dist_FS",611.574934381408,NA,NA
13,76,2017,2018,759.6,"CarenR_Dist_Thresh",679.340349282297,NA,NA
13,76,2017,2019,816.4,"CarenR_Dist_Thresh",656.751877648667,NA,NA
13,76,2017,2020,848.3,"CarenR_Dist_Thresh",634.163406015038,NA,NA
13,76,2017,2021,893.7,"CarenR_Dist_Thresh",611.574934381408,NA,NA
13,76,2017,2018,759.6,"CarenR_Dist_Sup",679.340349282297,NA,NA
13,76,2017,2019,816.4,"CarenR_Dist_Sup",656.751877648667,NA,NA
13,76,2017,2020,848.3,"CarenR_Dist_Sup",634.163406015038,NA,NA
13,76,2017,2021,893.7,"CarenR_Dist_Sup",611.574934381408,NA,NA
13,76,2017,2018,759.6,"CarenR_Dist_Sup_Thresh",679.340349282297,NA,NA
13,76,2017,2019,816.4,"CarenR_Dist_Sup_Thresh",656.751877648667,NA,NA
13,76,2017,2020,848.3,"CarenR_Dist_Sup_Thresh",634.163406015038,NA,NA
13,76,2017,2021,893.7,"CarenR_Dist_Sup_Thresh",611.574934381408,NA,NA
13,76,2017,2018,759.6,"CarenR_Dist_Eta2",679.340349282297,NA,NA
13,76,2017,2019,816.4,"CarenR_Dist_Eta2",656.751877648667,NA,NA
13,76,2017,2020,848.3,"CarenR_Dist_Eta2",634.163406015038,NA,NA
13,76,2017,2021,893.7,"CarenR_Dist_Eta2",611.574934381408,NA,NA
13,76,2017,2018,759.6,"CarenR_Dist_Lag",679.340349282297,NA,NA
13,76,2017,2019,816.4,"CarenR_Dist_Lag",656.751877648667,NA,NA
13,76,2017,2020,848.3,"CarenR_Dist_Lag",634.163406015038,NA,NA
13,76,2017,2021,893.7,"CarenR_Dist_Lag",611.574934381408,NA,NA
13,76,2017,2018,759.6,"CarenR_Dist_Conf",679.340349282297,NA,NA
13,76,2017,2019,816.4,"CarenR_Dist_Conf",656.751877648667,NA,NA
13,76,2017,2020,848.3,"CarenR_Dist_Conf",634.163406015038,NA,NA
13,76,2017,2021,893.7,"CarenR_Dist_Conf",611.574934381408,NA,NA
13,76,2017,2018,759.6,"CarenR_Dist_Stack",782.67042064099,NA,NA
13,76,2017,2019,816.4,"CarenR_Dist_Stack",712.406768983541,NA,NA
13,76,2017,2020,848.3,"CarenR_Dist_Stack",803.681895319863,NA,NA
13,76,2017,2021,893.7,"CarenR_Dist_Stack",706.628996013849,NA,NA
13,76,2017,2018,759.6,"CarenR_Dist_Sup_FS",679.340349282297,NA,NA
13,76,2017,2019,816.4,"CarenR_Dist_Sup_FS",656.751877648667,NA,NA
13,76,2017,2020,848.3,"CarenR_Dist_Sup_FS",634.163406015038,NA,NA
13,76,2017,2021,893.7,"CarenR_Dist_Sup_FS",611.574934381408,NA,NA
13,76,2017,2018,759.6,"CarenR_Supervised",555.941570745048,NA,NA
13,76,2017,2019,816.4,"CarenR_Supervised",904.253824930568,NA,NA
13,76,2017,2020,848.3,"CarenR_Supervised",1097.25112805651,NA,NA
13,76,2017,2021,893.7,"CarenR_Supervised",446.603773640716,NA,NA
13,76,2017,2018,759.6,"M5Rules",891.845022166842,NA,NA
13,76,2017,2019,816.4,"M5Rules",1008.25141336683,NA,NA
13,76,2017,2020,848.3,"M5Rules",794.59979738558,NA,NA
13,76,2017,2021,893.7,"M5Rules",485.169459041229,NA,NA
14,77,2018,2019,816.4,"Naive",768.973752563218,NA,NA
14,77,2018,2020,848.3,"Naive",746.35160103054,NA,NA
14,77,2018,2021,893.7,"Naive",723.729449497862,NA,NA
14,77,2018,2019,816.4,"Naive_Median",661.633545401966,NA,NA
14,77,2018,2020,848.3,"Naive_Median",639.011393869288,NA,NA
14,77,2018,2021,893.7,"Naive_Median",616.38924233661,NA,NA
14,77,2018,2019,816.4,"Naive_MA",678.168166570271,NA,NA
14,77,2018,2020,848.3,"Naive_MA",655.546015037593,NA,NA
14,77,2018,2021,893.7,"Naive_MA",632.923863504915,NA,NA
14,77,2018,2019,816.4,"DT",516.884962406009,NA,NA
14,77,2018,2020,848.3,"DT",674.405164008918,NA,NA
14,77,2018,2021,893.7,"DT",471.640659340653,NA,NA
14,77,2018,2019,816.4,"Ripper",1520.31444096069,1361.82980305412,1678.79907886727
14,77,2018,2020,848.3,"Ripper",834.646881373467,757.27533925465,912.018423492284
14,77,2018,2021,893.7,"Ripper",98.04008097165,-48.8153035356239,244.895465478924
14,77,2018,2019,816.4,"CarenR_Dist",911.791150954302,NA,NA
14,77,2018,2020,848.3,"CarenR_Dist",639.011393869288,NA,NA
14,77,2018,2021,893.7,"CarenR_Dist",616.38924233661,NA,NA
14,77,2018,2019,816.4,"CarenR_Dist_FS",661.633545401966,NA,NA
14,77,2018,2020,848.3,"CarenR_Dist_FS",639.011393869288,NA,NA
14,77,2018,2021,893.7,"CarenR_Dist_FS",616.38924233661,NA,NA
14,77,2018,2019,816.4,"CarenR_Dist_Thresh",661.633545401966,NA,NA
14,77,2018,2020,848.3,"CarenR_Dist_Thresh",639.011393869288,NA,NA
14,77,2018,2021,893.7,"CarenR_Dist_Thresh",616.38924233661,NA,NA
14,77,2018,2019,816.4,"CarenR_Dist_Sup",661.633545401966,NA,NA
14,77,2018,2020,848.3,"CarenR_Dist_Sup",639.011393869288,NA,NA
14,77,2018,2021,893.7,"CarenR_Dist_Sup",616.38924233661,NA,NA
14,77,2018,2019,816.4,"CarenR_Dist_Sup_Thresh",661.633545401966,NA,NA
14,77,2018,2020,848.3,"CarenR_Dist_Sup_Thresh",639.011393869288,NA,NA
14,77,2018,2021,893.7,"CarenR_Dist_Sup_Thresh",616.38924233661,NA,NA
14,77,2018,2019,816.4,"CarenR_Dist_Eta2",661.633545401966,NA,NA
14,77,2018,2020,848.3,"CarenR_Dist_Eta2",639.011393869288,NA,NA
14,77,2018,2021,893.7,"CarenR_Dist_Eta2",616.38924233661,NA,NA
14,77,2018,2019,816.4,"CarenR_Dist_Lag",661.633545401966,NA,NA
14,77,2018,2020,848.3,"CarenR_Dist_Lag",639.011393869288,NA,NA
14,77,2018,2021,893.7,"CarenR_Dist_Lag",616.38924233661,NA,NA
14,77,2018,2019,816.4,"CarenR_Dist_Conf",661.633545401966,NA,NA
14,77,2018,2020,848.3,"CarenR_Dist_Conf",639.011393869288,NA,NA
14,77,2018,2021,893.7,"CarenR_Dist_Conf",616.38924233661,NA,NA
14,77,2018,2019,816.4,"CarenR_Dist_Stack",711.456748390509,NA,NA
14,77,2018,2020,848.3,"CarenR_Dist_Stack",802.701253363209,NA,NA
14,77,2018,2021,893.7,"CarenR_Dist_Stack",705.642593379826,NA,NA
14,77,2018,2019,816.4,"CarenR_Dist_Sup_FS",661.633545401966,NA,NA
14,77,2018,2020,848.3,"CarenR_Dist_Sup_FS",639.011393869288,NA,NA
14,77,2018,2021,893.7,"CarenR_Dist_Sup_FS",616.38924233661,NA,NA
14,77,2018,2019,816.4,"CarenR_Supervised",902.883607265478,NA,NA
14,77,2018,2020,848.3,"CarenR_Supervised",1095.53974011952,NA,NA
14,77,2018,2021,893.7,"CarenR_Supervised",419.851929030715,NA,NA
14,77,2018,2019,816.4,"M5Rules",1007.07248547911,NA,NA
14,77,2018,2020,848.3,"M5Rules",780.425494937979,NA,NA
14,77,2018,2021,893.7,"M5Rules",483.916457968291,NA,NA
15,78,2019,2020,848.3,"Naive",748.783716283729,NA,NA
15,78,2019,2021,893.7,"Naive",726.207744154593,NA,NA
15,78,2019,2020,848.3,"Naive_Median",646.348404127523,NA,NA
15,78,2019,2021,893.7,"Naive_Median",623.772431998387,NA,NA
15,78,2019,2020,848.3,"Naive_MA",673.77215328975,NA,NA
15,78,2019,2021,893.7,"Naive_MA",651.196181160614,NA,NA
15,78,2019,2020,848.3,"DT",675.704784365734,NA,NA
15,78,2019,2021,893.7,"DT",574.660054330034,NA,NA
15,78,2019,2020,848.3,"Ripper",815.304878665649,749.830640248549,880.779117082749
15,78,2019,2021,893.7,"Ripper",1461.92058100129,1308.66744821916,1615.17371378342
15,78,2019,2020,848.3,"CarenR_Dist",646.348404127523,NA,NA
15,78,2019,2021,893.7,"CarenR_Dist",623.772431998387,NA,NA
15,78,2019,2020,848.3,"CarenR_Dist_FS",646.348404127523,NA,NA
15,78,2019,2021,893.7,"CarenR_Dist_FS",623.772431998387,NA,NA
15,78,2019,2020,848.3,"CarenR_Dist_Thresh",646.348404127523,NA,NA
15,78,2019,2021,893.7,"CarenR_Dist_Thresh",623.772431998387,NA,NA
15,78,2019,2020,848.3,"CarenR_Dist_Sup",646.348404127523,NA,NA
15,78,2019,2021,893.7,"CarenR_Dist_Sup",623.772431998387,NA,NA
15,78,2019,2020,848.3,"CarenR_Dist_Sup_Thresh",646.348404127523,NA,NA
15,78,2019,2021,893.7,"CarenR_Dist_Sup_Thresh",623.772431998387,NA,NA
15,78,2019,2020,848.3,"CarenR_Dist_Eta2",646.348404127523,NA,NA
15,78,2019,2021,893.7,"CarenR_Dist_Eta2",623.772431998387,NA,NA
15,78,2019,2020,848.3,"CarenR_Dist_Lag",646.348404127523,NA,NA
15,78,2019,2021,893.7,"CarenR_Dist_Lag",623.772431998387,NA,NA
15,78,2019,2020,848.3,"CarenR_Dist_Conf",646.348404127523,NA,NA
15,78,2019,2021,893.7,"CarenR_Dist_Conf",623.772431998387,NA,NA
15,78,2019,2020,848.3,"CarenR_Dist_Stack",804.957818042022,NA,NA
15,78,2019,2021,893.7,"CarenR_Dist_Stack",708.072978179103,NA,NA
15,78,2019,2020,848.3,"CarenR_Dist_Sup_FS",646.348404127523,NA,NA
15,78,2019,2021,893.7,"CarenR_Dist_Sup_FS",623.772431998387,NA,NA
15,78,2019,2020,848.3,"CarenR_Supervised",1093.48520946555,NA,NA
15,78,2019,2021,893.7,"CarenR_Supervised",489.923132594503,NA,NA
15,78,2019,2020,848.3,"M5Rules",795.184122799671,NA,NA
15,78,2019,2021,893.7,"M5Rules",471.594007294597,NA,NA
16,79,2020,2021,893.7,"Naive",731.246543330093,NA,NA
16,79,2020,2021,893.7,"Naive_Median",633.38113924051,NA,NA
16,79,2020,2021,893.7,"Naive_MA",668.541779454723,NA,NA
16,79,2020,2021,893.7,"DT",578.542220058428,NA,NA
16,79,2020,2021,893.7,"Ripper",104.833808666024,-41.3471042553043,251.014721587353
16,79,2020,2021,893.7,"CarenR_Dist",633.38113924051,NA,NA
16,79,2020,2021,893.7,"CarenR_Dist_FS",633.38113924051,NA,NA
16,79,2020,2021,893.7,"CarenR_Dist_Thresh",633.38113924051,NA,NA
16,79,2020,2021,893.7,"CarenR_Dist_Sup",633.38113924051,NA,NA
16,79,2020,2021,893.7,"CarenR_Dist_Sup_Thresh",633.38113924051,NA,NA
16,79,2020,2021,893.7,"CarenR_Dist_Eta2",633.38113924051,NA,NA
16,79,2020,2021,893.7,"CarenR_Dist_Lag",633.38113924051,NA,NA
16,79,2020,2021,893.7,"CarenR_Dist_Conf",633.38113924051,NA,NA
16,79,2020,2021,893.7,"CarenR_Dist_Stack",710.433484546155,NA,NA
16,79,2020,2021,893.7,"CarenR_Dist_Sup_FS",633.38113924051,NA,NA
16,79,2020,2021,893.7,"CarenR_Supervised",495.91208338282,NA,NA
16,79,2020,2021,893.7,"M5Rules",475.02488462064,NA,NA
